idx,name,n,capacity,bks_cost,bks_routes,ref_ok
0,XML100_1111_01,100,4.0,29888.0,25,1
1,XML100_1111_02,100,4.0,38374.0,25,1
2,XML100_1111_03,100,4.0,26322.0,25,1
3,XML100_1111_04,100,3.0,37554.0,34,1
4,XML100_1111_05,100,4.0,33149.0,25,1
5,XML100_1111_06,100,4.0,27039.0,25,1
6,XML100_1111_07,100,3.0,43143.0,34,1
7,XML100_1111_08,100,4.0,30140.0,25,1
8,XML100_1111_09,100,3.0,44883.0,34,1
9,XML100_1111_10,100,3.0,33868.0,34,1
10,XML100_1111_11,100,4.0,33202.0,25,1
11,XML100_1111_12,100,4.0,33059.0,25,1
12,XML100_1111_13,100,4.0,31387.0,25,1
13,XML100_1111_14,100,4.0,33469.0,25,1
14,XML100_1111_15,100,3.0,38924.0,34,1
15,XML100_1111_16,100,3.0,30145.0,34,1
16,XML100_1111_17,100,4.0,33605.0,25,1
17,XML100_1111_18,100,4.0,29087.0,25,1
18,XML100_1111_19,100,4.0,22719.0,25,1
19,XML100_1111_20,100,4.0,36098.0,25,1
20,XML100_1111_21,100,4.0,25052.0,25,1
21,XML100_1111_22,100,3.0,55795.0,34,1
22,XML100_1111_23,100,4.0,37197.0,25,1
23,XML100_1111_24,100,4.0,36733.0,25,1
24,XML100_1111_25,100,4.0,33710.0,25,1
25,XML100_1111_26,100,3.0,37730.0,34,1
26,XML100_1111_27,100,4.0,34996.0,25,1
27,XML100_1112_01,100,5.0,24781.0,20,1
28,XML100_1112_02,100,6.0,22916.0,17,1
29,XML100_1112_03,100,5.0,26980.0,20,1
30,XML100_1112_04,100,5.0,20461.0,20,1
31,XML100_1112_05,100,5.0,27833.0,20,1
32,XML100_1112_06,100,6.0,22830.0,17,1
33,XML100_1112_07,100,6.0,23362.0,17,1
34,XML100_1112_08,100,7.0,21549.0,15,1
35,XML100_1112_09,100,7.0,24512.0,15,1
36,XML100_1112_10,100,5.0,25194.0,20,1
37,XML100_1112_11,100,6.0,22629.0,17,1
38,XML100_1112_12,100,6.0,19645.0,17,1
39,XML100_1112_13,100,7.0,21710.0,15,1
40,XML100_1112_14,100,5.0,26274.0,20,1
41,XML100_1112_15,100,5.0,24272.0,20,1
42,XML100_1112_16,100,7.0,19017.0,15,1
43,XML100_1112_17,100,6.0,24215.0,17,1
44,XML100_1112_18,100,6.0,23599.0,17,1
45,XML100_1112_19,100,6.0,22294.0,17,1
46,XML100_1112_20,100,6.0,18654.0,17,1
47,XML100_1112_21,100,5.0,23786.0,20,1
48,XML100_1112_22,100,6.0,23315.0,17,1
49,XML100_1112_23,100,5.0,24503.0,20,1
50,XML100_1112_24,100,6.0,23904.0,17,1
51,XML100_1112_25,100,5.0,22054.0,20,1
52,XML100_1112_26,100,7.0,16307.0,15,1
53,XML100_1112_27,100,5.0,20487.0,20,1
54,XML100_1113_01,100,11.0,14740.0,10,1
55,XML100_1113_02,100,10.0,12795.0,10,1
56,XML100_1113_03,100,10.0,16763.0,10,1
57,XML100_1113_04,100,8.0,19276.0,13,1
58,XML100_1113_05,100,11.0,17473.0,10,1
59,XML100_1113_06,100,10.0,15063.0,10,1
60,XML100_1113_07,100,10.0,14550.0,10,1
61,XML100_1113_08,100,8.0,19200.0,13,1
62,XML100_1113_09,100,9.0,16643.0,12,1
63,XML100_1113_10,100,10.0,15675.0,10,1
64,XML100_1113_11,100,9.0,15838.0,12,1
65,XML100_1113_12,100,9.0,15439.0,12,1
66,XML100_1113_13,100,11.0,15302.0,10,1
67,XML100_1113_14,100,11.0,15157.0,10,1
68,XML100_1113_15,100,8.0,16750.0,13,1
69,XML100_1113_16,100,9.0,15674.0,12,1
70,XML100_1113_17,100,10.0,19367.0,10,1
71,XML100_1113_18,100,10.0,17451.0,10,1
72,XML100_1113_19,100,10.0,12189.0,10,1
73,XML100_1113_20,100,10.0,18200.0,10,1
74,XML100_1113_21,100,9.0,18939.0,12,1
75,XML100_1113_22,100,11.0,14115.0,10,1
76,XML100_1113_23,100,9.0,16372.0,12,1
77,XML100_1113_24,100,8.0,19248.0,13,1
78,XML100_1113_25,100,9.0,16767.0,12,1
79,XML100_1113_26,100,10.0,17103.0,10,1
80,XML100_1113_27,100,9.0,14297.0,12,1
81,XML100_1114_01,100,13.0,13650.0,8,1
82,XML100_1114_02,100,15.0,12579.0,7,1
83,XML100_1114_03,100,15.0,15432.0,7,1
84,XML100_1114_04,100,14.0,14030.0,8,1
85,XML100_1114_05,100,12.0,14059.0,9,1
86,XML100_1114_06,100,12.0,13895.0,9,1
87,XML100_1114_07,100,12.0,13786.0,9,1
88,XML100_1114_08,100,14.0,14601.0,8,1
89,XML100_1114_09,100,12.0,11847.0,9,1
90,XML100_1114_10,100,12.0,13777.0,9,1
91,XML100_1114_11,100,14.0,11097.0,8,1
92,XML100_1114_12,100,13.0,11443.0,8,1
93,XML100_1114_13,100,12.0,13276.0,9,1
94,XML100_1114_14,100,14.0,13898.0,8,1
95,XML100_1114_15,100,15.0,11091.0,7,1
96,XML100_1114_16,100,15.0,12053.0,7,1
97,XML100_1114_17,100,15.0,13124.0,7,1
98,XML100_1114_18,100,12.0,13839.0,9,1
99,XML100_1114_19,100,13.0,12530.0,8,1
100,XML100_1114_20,100,12.0,17235.0,9,1
101,XML100_1114_21,100,14.0,11802.0,8,1
102,XML100_1114_22,100,13.0,12255.0,8,1
103,XML100_1114_23,100,15.0,11793.0,7,1
104,XML100_1114_24,100,13.0,14095.0,8,1
105,XML100_1114_25,100,15.0,15367.0,7,1
106,XML100_1114_26,100,14.0,12990.0,8,1
107,XML100_1114_27,100,15.0,11757.0,7,1
108,XML100_1115_01,100,20.0,11095.0,5,1
109,XML100_1115_02,100,19.0,10675.0,6,1
110,XML100_1115_03,100,17.0,11355.0,6,1
111,XML100_1115_04,100,21.0,9370.0,5,1
112,XML100_1115_05,100,23.0,10499.0,5,1
113,XML100_1115_06,100,16.0,11494.0,7,1
114,XML100_1115_07,100,17.0,13076.0,6,1
115,XML100_1115_08,100,21.0,10682.0,5,1
116,XML100_1115_09,100,17.0,11124.0,6,1
117,XML100_1115_10,100,17.0,11410.0,6,1
118,XML100_1115_11,100,17.0,10444.0,6,1
119,XML100_1115_12,100,17.0,11821.0,6,1
120,XML100_1115_13,100,21.0,10862.0,5,1
121,XML100_1115_14,100,21.0,10761.0,5,1
122,XML100_1115_15,100,16.0,11299.0,7,1
123,XML100_1115_16,100,20.0,11643.0,5,1
124,XML100_1115_17,100,18.0,10879.0,6,1
125,XML100_1115_18,100,21.0,9504.0,5,1
126,XML100_1115_19,100,21.0,10345.0,5,1
127,XML100_1115_20,100,18.0,11093.0,6,1
128,XML100_1115_21,100,23.0,10493.0,5,1
129,XML100_1115_22,100,18.0,11377.0,6,1
130,XML100_1115_23,100,22.0,10217.0,5,1
131,XML100_1115_24,100,19.0,11055.0,6,1
132,XML100_1115_25,100,20.0,10794.0,5,1
133,XML100_1115_26,100,17.0,13358.0,6,1
134,XML100_1115_27,100,21.0,9325.0,5,1
135,XML100_1116_01,100,38.0,8383.0,3,1
136,XML100_1116_02,100,35.0,9366.0,3,1
137,XML100_1116_03,100,36.0,8463.0,3,1
138,XML100_1116_04,100,42.0,8577.0,3,1
139,XML100_1116_05,100,27.0,8766.0,4,1
140,XML100_1116_06,100,25.0,10099.0,4,1
141,XML100_1116_07,100,42.0,8423.0,3,1
142,XML100_1116_08,100,46.0,8620.0,3,1
143,XML100_1116_09,100,36.0,8889.0,3,1
144,XML100_1116_10,100,45.0,9105.0,3,1
145,XML100_1116_11,100,40.0,8873.0,3,1
146,XML100_1116_12,100,28.0,9471.0,4,1
147,XML100_1116_13,100,40.0,9528.0,3,1
148,XML100_1116_14,100,31.0,9375.0,4,1
149,XML100_1116_15,100,47.0,8173.0,3,1
150,XML100_1116_16,100,46.0,8450.0,3,1
151,XML100_1116_17,100,34.0,9134.0,3,1
152,XML100_1116_18,100,26.0,9386.0,4,1
153,XML100_1116_19,100,48.0,8295.0,3,1
154,XML100_1116_20,100,38.0,9645.0,3,1
155,XML100_1116_21,100,47.0,8294.0,3,1
156,XML100_1116_22,100,30.0,9685.0,4,1
157,XML100_1116_23,100,49.0,7902.0,3,1
158,XML100_1116_24,100,41.0,8522.0,3,1
159,XML100_1116_25,100,33.0,9028.0,4,1
160,XML100_1116_26,100,38.0,8589.0,3,1
161,XML100_1116_27,100,47.0,8950.0,3,1
162,XML100_1121_01,100,21.0,25764.0,26,1
163,XML100_1121_02,100,20.0,35093.0,27,1
164,XML100_1121_03,100,29.0,31405.0,21,1
165,XML100_1121_04,100,23.0,24425.0,25,0
166,XML100_1121_05,100,18.0,39334.0,31,1
167,XML100_1121_06,100,21.0,29023.0,25,1
168,XML100_1121_07,100,25.0,28653.0,24,1
169,XML100_1121_08,100,27.0,21644.0,21,1
170,XML100_1121_09,100,24.0,37803.0,24,1
171,XML100_1121_10,100,20.0,37656.0,30,1
172,XML100_1121_11,100,22.0,28618.0,24,1
173,XML100_1121_12,100,22.0,34122.0,26,1
174,XML100_1121_13,100,18.0,34021.0,32,1
175,XML100_1121_14,100,26.0,27699.0,22,1
176,XML100_1121_15,100,23.0,26292.0,25,1
177,XML100_1121_16,100,29.0,25708.0,21,1
178,XML100_1121_17,100,18.0,40753.0,29,1
179,XML100_1121_18,100,25.0,28306.0,23,1
180,XML100_1121_19,100,18.0,31865.0,31,1
181,XML100_1121_20,100,20.0,36844.0,29,1
182,XML100_1121_21,100,27.0,32367.0,22,1
183,XML100_1121_22,100,20.0,34243.0,28,1
184,XML100_1121_23,100,26.0,28540.0,22,1
185,XML100_1121_24,100,22.0,24368.0,26,1
186,XML100_1121_25,100,21.0,26180.0,26,1
187,XML100_1121_26,100,28.0,28384.0,22,1
188,XML100_1121_27,100,25.0,26735.0,23,1
189,XML100_1122_01,100,44.0,21308.0,14,1
190,XML100_1122_02,100,41.0,17816.0,14,1
191,XML100_1122_03,100,35.0,21933.0,17,1
192,XML100_1122_04,100,43.0,20613.0,13,1
193,XML100_1122_05,100,28.0,22617.0,19,1
194,XML100_1122_06,100,29.0,22937.0,20,1
195,XML100_1122_07,100,36.0,18281.0,15,1
196,XML100_1122_08,100,32.0,29764.0,19,1
197,XML100_1122_09,100,36.0,19508.0,14,1
198,XML100_1122_10,100,35.0,19941.0,17,1
199,XML100_1122_11,100,32.0,24201.0,18,1
200,XML100_1122_12,100,32.0,25040.0,17,1
201,XML100_1122_13,100,39.0,18149.0,15,1
202,XML100_1122_14,100,42.0,17334.0,14,1
203,XML100_1122_15,100,31.0,25073.0,20,1
204,XML100_1122_16,100,42.0,15833.0,14,1
205,XML100_1122_17,100,33.0,22159.0,17,1
206,XML100_1122_18,100,37.0,21581.0,15,1
207,XML100_1122_19,100,41.0,22167.0,14,1
208,XML100_1122_20,100,27.0,26451.0,20,1
209,XML100_1122_21,100,38.0,17807.0,15,1
210,XML100_1122_22,100,37.0,23053.0,14,1
211,XML100_1122_23,100,41.0,20338.0,13,1
212,XML100_1122_24,100,29.0,23456.0,18,1
213,XML100_1122_25,100,34.0,18752.0,17,1
214,XML100_1122_26,100,43.0,18756.0,13,1
215,XML100_1122_27,100,40.0,17055.0,15,1
216,XML100_1123_01,100,54.0,15771.0,12,1
217,XML100_1123_02,100,48.0,19392.0,12,1
218,XML100_1123_03,100,52.0,17573.0,11,1
219,XML100_1123_04,100,50.0,14792.0,12,1
220,XML100_1123_05,100,46.0,16928.0,12,1
221,XML100_1123_06,100,54.0,18533.0,12,1
222,XML100_1123_07,100,58.0,13327.0,11,1
223,XML100_1123_08,100,46.0,17717.0,12,1
224,XML100_1123_09,100,49.0,18434.0,12,1
225,XML100_1123_10,100,63.0,12108.0,9,1
226,XML100_1123_11,100,63.0,14511.0,9,1
227,XML100_1123_12,100,63.0,15513.0,10,1
228,XML100_1123_13,100,49.0,15405.0,12,1
229,XML100_1123_14,100,52.0,18973.0,11,1
230,XML100_1123_15,100,66.0,14271.0,9,1
231,XML100_1123_16,100,51.0,18258.0,11,1
232,XML100_1123_17,100,61.0,14007.0,10,1
233,XML100_1123_18,100,59.0,15572.0,9,1
234,XML100_1123_19,100,57.0,17939.0,10,1
235,XML100_1123_20,100,54.0,15889.0,10,1
236,XML100_1123_21,100,67.0,15250.0,9,1
237,XML100_1123_22,100,48.0,18698.0,12,1
238,XML100_1123_23,100,61.0,16185.0,9,1
239,XML100_1123_24,100,50.0,18687.0,13,1
240,XML100_1123_25,100,58.0,12759.0,9,1
241,XML100_1123_26,100,58.0,17426.0,11,1
242,XML100_1123_27,100,59.0,12464.0,10,1
243,XML100_1124_01,100,87.0,10860.0,7,1
244,XML100_1124_02,100,77.0,12003.0,8,1
245,XML100_1124_03,100,74.0,13063.0,8,1
246,XML100_1124_04,100,66.0,15062.0,9,1
247,XML100_1124_05,100,83.0,11627.0,7,1
248,XML100_1124_06,100,79.0,10623.0,7,1
249,XML100_1124_07,100,90.0,12201.0,7,1
250,XML100_1124_08,100,81.0,11172.0,8,1
251,XML100_1124_09,100,65.0,12553.0,9,1
252,XML100_1124_10,100,74.0,13116.0,8,1
253,XML100_1124_11,100,73.0,12570.0,8,1
254,XML100_1124_12,100,86.0,13818.0,7,1
255,XML100_1124_13,100,79.0,13606.0,8,1
256,XML100_1124_14,100,65.0,11661.0,9,1
257,XML100_1124_15,100,71.0,14365.0,9,1
258,XML100_1124_16,100,81.0,12220.0,7,1
259,XML100_1124_17,100,93.0,10446.0,7,1
260,XML100_1124_18,100,81.0,12789.0,7,1
261,XML100_1124_19,100,76.0,11032.0,7,1
262,XML100_1124_20,100,93.0,14173.0,7,1
263,XML100_1124_21,100,81.0,10402.0,7,1
264,XML100_1124_22,100,80.0,11197.0,8,1
265,XML100_1124_23,100,80.0,11090.0,8,1
266,XML100_1124_24,100,75.0,13462.0,8,1
267,XML100_1124_25,100,88.0,11515.0,8,1
268,XML100_1124_26,100,90.0,11101.0,7,1
269,XML100_1124_27,100,74.0,12986.0,8,1
270,XML100_1125_01,100,106.0,9893.0,6,1
271,XML100_1125_02,100,103.0,9539.0,6,1
272,XML100_1125_03,100,112.0,10437.0,5,1
273,XML100_1125_04,100,98.0,11779.0,6,1
274,XML100_1125_05,100,123.0,9138.0,5,1
275,XML100_1125_06,100,102.0,12142.0,6,1
276,XML100_1125_07,100,140.0,10469.0,5,1
277,XML100_1125_08,100,120.0,10517.0,5,1
278,XML100_1125_09,100,126.0,10747.0,5,1
279,XML100_1125_10,100,119.0,10157.0,5,1
280,XML100_1125_11,100,94.0,11623.0,6,1
281,XML100_1125_12,100,133.0,9314.0,5,1
282,XML100_1125_13,100,90.0,10684.0,6,1
283,XML100_1125_14,100,103.0,11639.0,6,1
284,XML100_1125_15,100,107.0,10879.0,6,1
285,XML100_1125_16,100,93.0,12051.0,6,1
286,XML100_1125_17,100,102.0,11720.0,6,1
287,XML100_1125_18,100,94.0,10546.0,6,1
288,XML100_1125_19,100,96.0,11501.0,6,1
289,XML100_1125_20,100,102.0,11239.0,6,1
290,XML100_1125_21,100,128.0,11632.0,5,1
291,XML100_1125_22,100,128.0,10083.0,5,1
292,XML100_1125_23,100,95.0,10374.0,6,1
293,XML100_1125_24,100,112.0,10378.0,5,1
294,XML100_1125_25,100,111.0,9813.0,6,1
295,XML100_1125_26,100,127.0,9044.0,5,1
296,XML100_1125_27,100,131.0,11205.0,5,1
297,XML100_1126_01,100,234.0,8477.0,3,1
298,XML100_1126_02,100,239.0,9278.0,3,1
299,XML100_1126_03,100,191.0,9102.0,3,1
300,XML100_1126_04,100,247.0,8320.0,3,1
301,XML100_1126_05,100,224.0,8328.0,3,1
302,XML100_1126_06,100,270.0,8334.0,3,1
303,XML100_1126_07,100,199.0,8707.0,3,1
304,XML100_1126_08,100,235.0,8346.0,3,1
305,XML100_1126_09,100,222.0,8231.0,3,1
306,XML100_1126_10,100,170.0,8804.0,4,1
307,XML100_1126_11,100,278.0,8002.0,3,1
308,XML100_1126_12,100,141.0,10144.0,4,1
309,XML100_1126_13,100,158.0,8765.0,4,1
310,XML100_1126_14,100,193.0,9294.0,4,1
311,XML100_1126_15,100,239.0,9010.0,3,1
312,XML100_1126_16,100,259.0,7929.0,3,1
313,XML100_1126_17,100,144.0,9668.0,4,1
314,XML100_1126_18,100,197.0,8737.0,3,1
315,XML100_1126_19,100,281.0,8485.0,3,1
316,XML100_1126_20,100,220.0,8320.0,3,1
317,XML100_1126_21,100,156.0,9209.0,4,1
318,XML100_1126_22,100,229.0,8213.0,3,1
319,XML100_1126_23,100,203.0,8263.0,3,1
320,XML100_1126_24,100,159.0,8819.0,4,1
321,XML100_1126_25,100,264.0,8800.0,3,1
322,XML100_1126_26,100,243.0,8599.0,3,1
323,XML100_1126_27,100,238.0,8855.0,3,1
324,XML100_1131_01,100,24.0,45399.0,32,1
325,XML100_1131_02,100,27.0,30282.0,28,1
326,XML100_1131_03,100,36.0,23892.0,21,1
327,XML100_1131_04,100,34.0,25253.0,23,1
328,XML100_1131_05,100,28.0,28926.0,27,1
329,XML100_1131_06,100,32.0,33003.0,24,1
330,XML100_1131_07,100,28.0,37158.0,28,1
331,XML100_1131_08,100,31.0,26355.0,26,1
332,XML100_1131_09,100,28.0,43013.0,28,1
333,XML100_1131_10,100,31.0,30731.0,24,1
334,XML100_1131_11,100,35.0,26475.0,22,1
335,XML100_1131_12,100,34.0,32539.0,23,1
336,XML100_1131_13,100,36.0,29052.0,21,1
337,XML100_1131_14,100,26.0,32492.0,29,1
338,XML100_1131_15,100,37.0,22153.0,21,1
339,XML100_1131_16,100,24.0,38102.0,32,1
340,XML100_1131_17,100,33.0,39276.0,24,1
341,XML100_1131_18,100,31.0,29564.0,25,1
342,XML100_1131_19,100,34.0,30061.0,22,1
343,XML100_1131_20,100,24.0,46565.0,31,1
344,XML100_1131_21,100,23.0,50208.0,33,1
345,XML100_1131_22,100,32.0,38976.0,24,1
346,XML100_1131_23,100,30.0,30000.0,26,1
347,XML100_1131_24,100,34.0,30735.0,23,1
348,XML100_1131_25,100,30.0,27025.0,26,1
349,XML100_1131_26,100,34.0,22287.0,23,1
350,XML100_1131_27,100,32.0,27446.0,25,1
351,XML100_1132_01,100,42.0,30531.0,19,1
352,XML100_1132_02,100,47.0,19178.0,17,1
353,XML100_1132_03,100,39.0,26815.0,20,1
354,XML100_1132_04,100,51.0,22282.0,15,1
355,XML100_1132_05,100,49.0,18539.0,16,1
356,XML100_1132_06,100,57.0,22127.0,13,1
357,XML100_1132_07,100,43.0,20602.0,18,1
358,XML100_1132_08,100,50.0,19999.0,16,1
359,XML100_1132_09,100,46.0,25027.0,17,1
360,XML100_1132_10,100,43.0,22190.0,19,1
361,XML100_1132_11,100,50.0,18370.0,16,1
362,XML100_1132_12,100,56.0,17476.0,14,1
363,XML100_1132_13,100,39.0,30399.0,19,1
364,XML100_1132_14,100,61.0,18263.0,13,1
365,XML100_1132_15,100,55.0,20108.0,14,1
366,XML100_1132_16,100,51.0,26602.0,16,1
367,XML100_1132_17,100,51.0,25103.0,15,1
368,XML100_1132_18,100,60.0,20949.0,13,1
369,XML100_1132_19,100,56.0,17346.0,14,1
370,XML100_1132_20,100,46.0,23974.0,17,1
371,XML100_1132_21,100,59.0,17508.0,13,1
372,XML100_1132_22,100,56.0,19590.0,13,1
373,XML100_1132_23,100,53.0,20438.0,14,1
374,XML100_1132_24,100,42.0,20579.0,18,1
375,XML100_1132_25,100,53.0,18475.0,14,1
376,XML100_1132_26,100,42.0,30772.0,19,1
377,XML100_1132_27,100,56.0,20061.0,14,1
378,XML100_1133_01,100,75.0,14460.0,10,1
379,XML100_1133_02,100,72.0,12924.0,11,1
380,XML100_1133_03,100,92.0,15679.0,9,1
381,XML100_1133_04,100,65.0,16426.0,12,1
382,XML100_1133_05,100,77.0,14906.0,10,1
383,XML100_1133_06,100,73.0,15686.0,11,1
384,XML100_1133_07,100,84.0,12350.0,9,1
385,XML100_1133_08,100,79.0,12159.0,10,1
386,XML100_1133_09,100,61.0,18490.0,13,1
387,XML100_1133_10,100,72.0,15157.0,11,1
388,XML100_1133_11,100,77.0,13338.0,10,1
389,XML100_1133_12,100,60.0,19428.0,12,1
390,XML100_1133_13,100,94.0,12315.0,9,1
391,XML100_1133_14,100,72.0,15989.0,11,1
392,XML100_1133_15,100,64.0,19519.0,12,1
393,XML100_1133_16,100,67.0,14622.0,12,1
394,XML100_1133_17,100,62.0,21858.0,13,1
395,XML100_1133_18,100,82.0,14671.0,10,1
396,XML100_1133_19,100,73.0,18249.0,11,1
397,XML100_1133_20,100,75.0,13549.0,11,1
398,XML100_1133_21,100,78.0,16566.0,10,1
399,XML100_1133_22,100,71.0,15247.0,12,1
400,XML100_1133_23,100,74.0,16623.0,11,1
401,XML100_1133_24,100,64.0,14289.0,12,1
402,XML100_1133_25,100,71.0,16367.0,11,1
403,XML100_1133_26,100,73.0,19592.0,11,1
404,XML100_1133_27,100,91.0,13480.0,9,1
405,XML100_1134_01,100,103.0,12191.0,8,1
406,XML100_1134_02,100,94.0,12769.0,9,1
407,XML100_1134_03,100,104.0,13960.0,8,1
408,XML100_1134_04,100,103.0,13924.0,8,1
409,XML100_1134_05,100,119.0,13370.0,7,1
410,XML100_1134_06,100,100.0,11310.0,8,1
411,XML100_1134_07,100,110.0,15415.0,7,1
412,XML100_1134_08,100,112.0,12357.0,7,1
413,XML100_1134_09,100,102.0,14098.0,8,1
414,XML100_1134_10,100,97.0,13001.0,8,1
415,XML100_1134_11,100,89.0,12358.0,9,1
416,XML100_1134_12,100,110.0,12805.0,7,1
417,XML100_1134_13,100,91.0,13145.0,8,1
418,XML100_1134_14,100,116.0,12682.0,7,1
419,XML100_1134_15,100,113.0,13334.0,7,1
420,XML100_1134_16,100,107.0,11670.0,7,1
421,XML100_1134_17,100,90.0,14796.0,9,1
422,XML100_1134_18,100,105.0,12913.0,8,1
423,XML100_1134_19,100,113.0,11938.0,7,1
424,XML100_1134_20,100,96.0,14682.0,8,1
425,XML100_1134_21,100,110.0,11962.0,7,1
426,XML100_1134_22,100,113.0,12896.0,7,1
427,XML100_1134_23,100,93.0,13265.0,9,1
428,XML100_1134_24,100,93.0,17340.0,8,1
429,XML100_1134_25,100,95.0,13759.0,8,1
430,XML100_1134_26,100,117.0,13465.0,7,1
431,XML100_1134_27,100,108.0,13584.0,7,1
432,XML100_1135_01,100,150.0,11220.0,5,1
433,XML100_1135_02,100,159.0,10093.0,5,1
434,XML100_1135_03,100,181.0,10123.0,5,1
435,XML100_1135_04,100,176.0,10103.0,5,1
436,XML100_1135_05,100,132.0,13149.0,6,1
437,XML100_1135_06,100,157.0,10467.0,5,1
438,XML100_1135_07,100,143.0,10967.0,6,1
439,XML100_1135_08,100,130.0,10974.0,6,1
440,XML100_1135_09,100,181.0,9424.0,5,1
441,XML100_1135_10,100,148.0,9686.0,5,1
442,XML100_1135_11,100,119.0,10765.0,7,1
443,XML100_1135_12,100,122.0,11700.0,7,1
444,XML100_1135_13,100,135.0,11606.0,6,1
445,XML100_1135_14,100,176.0,9495.0,5,1
446,XML100_1135_15,100,155.0,9056.0,5,1
447,XML100_1135_16,100,129.0,12509.0,6,1
448,XML100_1135_17,100,132.0,10351.0,6,1
449,XML100_1135_18,100,184.0,9883.0,5,1
450,XML100_1135_19,100,130.0,11825.0,6,1
451,XML100_1135_20,100,162.0,9648.0,5,1
452,XML100_1135_21,100,158.0,9534.0,5,1
453,XML100_1135_22,100,169.0,9644.0,5,1
454,XML100_1135_23,100,172.0,9555.0,5,1
455,XML100_1135_24,100,185.0,9492.0,5,1
456,XML100_1135_25,100,193.0,8970.0,4,1
457,XML100_1135_26,100,159.0,12154.0,5,1
458,XML100_1135_27,100,171.0,9771.0,5,1
459,XML100_1136_01,100,332.0,7935.0,3,1
460,XML100_1136_02,100,329.0,8096.0,3,1
461,XML100_1136_03,100,206.0,9526.0,4,1
462,XML100_1136_04,100,279.0,9261.0,3,1
463,XML100_1136_05,100,297.0,8475.0,3,1
464,XML100_1136_06,100,224.0,9936.0,4,1
465,XML100_1136_07,100,205.0,10399.0,4,1
466,XML100_1136_08,100,263.0,9060.0,3,1
467,XML100_1136_09,100,254.0,8541.0,3,1
468,XML100_1136_10,100,233.0,8505.0,4,1
469,XML100_1136_11,100,244.0,9102.0,3,1
470,XML100_1136_12,100,367.0,8335.0,3,1
471,XML100_1136_13,100,368.0,7939.0,3,1
472,XML100_1136_14,100,197.0,9485.0,4,1
473,XML100_1136_15,100,199.0,10433.0,4,1
474,XML100_1136_16,100,198.0,9377.0,4,1
475,XML100_1136_17,100,301.0,8955.0,3,1
476,XML100_1136_18,100,354.0,8316.0,3,1
477,XML100_1136_19,100,351.0,9050.0,3,1
478,XML100_1136_20,100,363.0,8382.0,3,1
479,XML100_1136_21,100,335.0,8150.0,3,1
480,XML100_1136_22,100,278.0,8691.0,3,1
481,XML100_1136_23,100,248.0,8751.0,4,1
482,XML100_1136_24,100,333.0,8610.0,3,1
483,XML100_1136_25,100,270.0,9535.0,3,1
484,XML100_1136_26,100,342.0,7832.0,3,1
485,XML100_1136_27,100,281.0,9376.0,3,1
486,XML100_1141_01,100,243.0,25196.0,22,1
487,XML100_1141_02,100,230.0,29875.0,23,1
488,XML100_1141_03,100,158.0,35593.0,31,1
489,XML100_1141_04,100,189.0,25031.0,27,1
490,XML100_1141_05,100,172.0,30071.0,28,1
491,XML100_1141_06,100,224.0,32622.0,23,1
492,XML100_1141_07,100,217.0,34567.0,24,1
493,XML100_1141_08,100,203.0,28504.0,24,1
494,XML100_1141_09,100,157.0,39896.0,31,1
495,XML100_1141_10,100,196.0,36861.0,26,1
496,XML100_1141_11,100,251.0,26011.0,21,1
497,XML100_1141_12,100,206.0,26926.0,25,1
498,XML100_1141_13,100,222.0,22189.0,24,1
499,XML100_1141_14,100,264.0,22351.0,21,1
500,XML100_1141_15,100,185.0,30393.0,24,1
501,XML100_1141_16,100,181.0,34478.0,31,1
502,XML100_1141_17,100,192.0,31875.0,28,1
503,XML100_1141_18,100,197.0,30771.0,25,1
504,XML100_1141_19,100,240.0,26048.0,22,1
505,XML100_1141_20,100,177.0,26026.0,26,1
506,XML100_1141_21,100,198.0,31577.0,24,1
507,XML100_1141_22,100,222.0,28976.0,24,1
508,XML100_1141_23,100,261.0,27572.0,22,1
509,XML100_1141_24,100,219.0,28272.0,26,1
510,XML100_1141_25,100,163.0,37226.0,32,1
511,XML100_1141_26,100,210.0,28572.0,27,1
512,XML100_1141_27,100,182.0,31983.0,32,1
513,XML100_1142_01,100,347.0,17779.0,15,1
514,XML100_1142_02,100,384.0,21178.0,13,1
515,XML100_1142_03,100,365.0,16955.0,14,1
516,XML100_1142_04,100,392.0,19309.0,13,1
517,XML100_1142_05,100,348.0,17273.0,14,1
518,XML100_1142_06,100,275.0,22916.0,21,1
519,XML100_1142_07,100,263.0,24770.0,20,1
520,XML100_1142_08,100,356.0,18802.0,14,1
521,XML100_1142_09,100,288.0,20802.0,17,1
522,XML100_1142_10,100,351.0,17271.0,15,1
523,XML100_1142_11,100,248.0,21583.0,21,1
524,XML100_1142_12,100,380.0,16033.0,13,1
525,XML100_1142_13,100,287.0,25287.0,18,1
526,XML100_1142_14,100,404.0,18269.0,13,1
527,XML100_1142_15,100,403.0,20234.0,14,1
528,XML100_1142_16,100,263.0,22872.0,19,1
529,XML100_1142_17,100,265.0,27107.0,19,1
530,XML100_1142_18,100,302.0,22174.0,15,1
531,XML100_1142_19,100,367.0,20871.0,15,1
532,XML100_1142_20,100,357.0,16896.0,15,1
533,XML100_1142_21,100,305.0,19662.0,16,1
534,XML100_1142_22,100,309.0,17973.0,17,1
535,XML100_1142_23,100,341.0,19007.0,15,1
536,XML100_1142_24,100,375.0,16329.0,13,1
537,XML100_1142_25,100,253.0,25776.0,20,1
538,XML100_1142_26,100,359.0,23828.0,14,1
539,XML100_1142_27,100,381.0,21749.0,15,1
540,XML100_1143_01,100,493.0,16243.0,11,1
541,XML100_1143_02,100,404.0,16336.0,12,1
542,XML100_1143_03,100,594.0,15506.0,9,1
543,XML100_1143_04,100,497.0,15424.0,12,1
544,XML100_1143_05,100,589.0,14581.0,9,1
545,XML100_1143_06,100,487.0,16767.0,11,1
546,XML100_1143_07,100,488.0,13266.0,10,1
547,XML100_1143_08,100,503.0,14137.0,9,1
548,XML100_1143_09,100,427.0,17142.0,12,1
549,XML100_1143_10,100,491.0,16685.0,11,1
550,XML100_1143_11,100,586.0,16448.0,10,1
551,XML100_1143_12,100,460.0,15938.0,13,1
552,XML100_1143_13,100,523.0,13399.0,11,1
553,XML100_1143_14,100,418.0,16603.0,12,1
554,XML100_1143_15,100,460.0,17342.0,12,1
555,XML100_1143_16,100,434.0,15028.0,12,1
556,XML100_1143_17,100,415.0,16092.0,13,1
557,XML100_1143_18,100,597.0,12390.0,9,1
558,XML100_1143_19,100,624.0,16113.0,9,1
559,XML100_1143_20,100,420.0,20466.0,13,1
560,XML100_1143_21,100,455.0,16378.0,12,1
561,XML100_1143_22,100,586.0,15667.0,10,1
562,XML100_1143_23,100,616.0,15934.0,9,1
563,XML100_1143_24,100,456.0,14536.0,12,1
564,XML100_1143_25,100,564.0,12742.0,10,1
565,XML100_1143_26,100,496.0,16007.0,11,1
566,XML100_1143_27,100,518.0,16824.0,11,1
567,XML100_1144_01,100,641.0,14895.0,8,1
568,XML100_1144_02,100,832.0,13703.0,7,1
569,XML100_1144_03,100,615.0,17256.0,9,1
570,XML100_1144_04,100,757.0,10623.0,7,1
571,XML100_1144_05,100,629.0,12321.0,8,1
572,XML100_1144_06,100,755.0,13613.0,7,1
573,XML100_1144_07,100,700.0,12589.0,8,1
574,XML100_1144_08,100,768.0,13345.0,7,1
575,XML100_1144_09,100,755.0,13053.0,7,1
576,XML100_1144_10,100,693.0,10716.0,7,1
577,XML100_1144_11,100,635.0,12853.0,9,1
578,XML100_1144_12,100,705.0,12301.0,8,1
579,XML100_1144_13,100,643.0,14603.0,8,1
580,XML100_1144_14,100,607.0,12192.0,8,1
581,XML100_1144_15,100,916.0,12554.0,7,1
582,XML100_1144_16,100,631.0,12783.0,9,1
583,XML100_1144_17,100,632.0,13735.0,8,1
584,XML100_1144_18,100,779.0,10704.0,7,1
585,XML100_1144_19,100,614.0,15113.0,9,1
586,XML100_1144_20,100,779.0,13203.0,7,1
587,XML100_1144_21,100,814.0,10799.0,7,1
588,XML100_1144_22,100,808.0,11398.0,7,1
589,XML100_1144_23,100,647.0,11808.0,9,1
590,XML100_1144_24,100,654.0,12066.0,8,1
591,XML100_1144_25,100,727.0,11758.0,7,1
592,XML100_1144_26,100,704.0,13882.0,8,1
593,XML100_1144_27,100,738.0,13233.0,7,1
594,XML100_1145_01,100,994.0,10169.0,6,1
595,XML100_1145_02,100,1258.0,9995.0,5,1
596,XML100_1145_03,100,864.0,11156.0,6,1
597,XML100_1145_04,100,847.0,10373.0,6,1
598,XML100_1145_05,100,1018.0,11102.0,6,1
599,XML100_1145_06,100,1040.0,11065.0,6,1
600,XML100_1145_07,100,1136.0,10052.0,5,1
601,XML100_1145_08,100,954.0,9731.0,6,1
602,XML100_1145_09,100,997.0,9646.0,5,1
603,XML100_1145_10,100,1186.0,9262.0,5,1
604,XML100_1145_11,100,1117.0,9373.0,5,1
605,XML100_1145_12,100,816.0,10666.0,7,1
606,XML100_1145_13,100,1256.0,10055.0,5,1
607,XML100_1145_14,100,1211.0,9362.0,5,1
608,XML100_1145_15,100,946.0,10705.0,6,1
609,XML100_1145_16,100,943.0,11920.0,6,1
610,XML100_1145_17,100,1263.0,10345.0,5,1
611,XML100_1145_18,100,850.0,10330.0,6,1
612,XML100_1145_19,100,1113.0,9765.0,5,1
613,XML100_1145_20,100,1055.0,10128.0,5,1
614,XML100_1145_21,100,925.0,11524.0,6,1
615,XML100_1145_22,100,988.0,11448.0,6,1
616,XML100_1145_23,100,979.0,10716.0,5,1
617,XML100_1145_24,100,1149.0,9355.0,5,1
618,XML100_1145_25,100,858.0,11388.0,7,1
619,XML100_1145_26,100,936.0,10194.0,5,1
620,XML100_1145_27,100,1083.0,10646.0,5,1
621,XML100_1146_01,100,2493.0,8503.0,3,1
622,XML100_1146_02,100,1385.0,9781.0,4,1
623,XML100_1146_03,100,1324.0,8967.0,4,1
624,XML100_1146_04,100,1473.0,9146.0,4,1
625,XML100_1146_05,100,1571.0,10512.0,4,1
626,XML100_1146_06,100,2165.0,8813.0,3,1
627,XML100_1146_07,100,1252.0,8987.0,4,1
628,XML100_1146_08,100,1673.0,9149.0,3,1
629,XML100_1146_09,100,1616.0,9693.0,4,1
630,XML100_1146_10,100,1755.0,8636.0,3,1
631,XML100_1146_11,100,2215.0,8571.0,3,1
632,XML100_1146_12,100,2426.0,8461.0,3,1
633,XML100_1146_13,100,2063.0,8542.0,3,1
634,XML100_1146_14,100,2257.0,8052.0,3,1
635,XML100_1146_15,100,2537.0,8359.0,3,1
636,XML100_1146_16,100,1604.0,8801.0,4,1
637,XML100_1146_17,100,1839.0,8894.0,3,1
638,XML100_1146_18,100,1793.0,8269.0,3,1
639,XML100_1146_19,100,1788.0,8690.0,3,1
640,XML100_1146_20,100,1374.0,10166.0,4,1
641,XML100_1146_21,100,1670.0,8807.0,4,1
642,XML100_1146_22,100,1669.0,8478.0,3,1
643,XML100_1146_23,100,1943.0,8460.0,3,1
644,XML100_1146_24,100,1480.0,9108.0,4,1
645,XML100_1146_25,100,1989.0,8565.0,3,1
646,XML100_1146_26,100,2679.0,8419.0,3,1
647,XML100_1146_27,100,1802.0,8456.0,3,1
648,XML100_1151_01,100,271.0,28050.0,31,1
649,XML100_1151_02,100,315.0,30168.0,24,1
650,XML100_1151_03,100,311.0,32983.0,25,1
651,XML100_1151_04,100,302.0,30120.0,25,1
652,XML100_1151_05,100,299.0,34554.0,26,1
653,XML100_1151_06,100,275.0,28007.0,28,1
654,XML100_1151_07,100,245.0,51004.0,31,1
655,XML100_1151_08,100,332.0,31527.0,24,1
656,XML100_1151_09,100,342.0,23616.0,23,1
657,XML100_1151_10,100,236.0,31542.0,34,1
658,XML100_1151_11,100,339.0,28534.0,23,1
659,XML100_1151_12,100,312.0,34365.0,24,1
660,XML100_1151_13,100,342.0,28571.0,22,1
661,XML100_1151_14,100,237.0,38011.0,35,1
662,XML100_1151_15,100,318.0,26403.0,25,1
663,XML100_1151_16,100,362.0,21700.0,22,1
664,XML100_1151_17,100,261.0,29815.0,30,1
665,XML100_1151_18,100,357.0,22102.0,22,1
666,XML100_1151_19,100,285.0,28023.0,27,1
667,XML100_1151_20,100,232.0,49495.0,34,1
668,XML100_1151_21,100,301.0,25461.0,26,1
669,XML100_1151_22,100,337.0,23867.0,24,1
670,XML100_1151_23,100,254.0,28738.0,32,1
671,XML100_1151_24,100,256.0,33216.0,31,1
672,XML100_1151_25,100,290.0,33111.0,27,1
673,XML100_1151_26,100,236.0,46188.0,33,1
674,XML100_1151_27,100,278.0,32424.0,29,1
675,XML100_1152_01,100,565.0,16457.0,14,1
676,XML100_1152_02,100,510.0,16498.0,15,1
677,XML100_1152_03,100,447.0,25067.0,17,1
678,XML100_1152_04,100,506.0,23047.0,15,1
679,XML100_1152_05,100,583.0,20845.0,14,1
680,XML100_1152_06,100,454.0,24468.0,17,1
681,XML100_1152_07,100,425.0,25848.0,19,1
682,XML100_1152_08,100,572.0,21376.0,14,1
683,XML100_1152_09,100,510.0,22022.0,15,1
684,XML100_1152_10,100,592.0,17323.0,14,1
685,XML100_1152_11,100,491.0,19207.0,16,1
686,XML100_1152_12,100,412.0,25682.0,19,1
687,XML100_1152_13,100,595.0,22261.0,13,1
688,XML100_1152_14,100,561.0,21504.0,14,1
689,XML100_1152_15,100,471.0,23309.0,16,1
690,XML100_1152_16,100,414.0,21869.0,19,1
691,XML100_1152_17,100,523.0,20707.0,15,1
692,XML100_1152_18,100,515.0,25223.0,15,1
693,XML100_1152_19,100,585.0,20518.0,14,1
694,XML100_1152_20,100,515.0,15886.0,15,1
695,XML100_1152_21,100,423.0,19426.0,18,1
696,XML100_1152_22,100,389.0,25768.0,20,1
697,XML100_1152_23,100,567.0,23107.0,13,1
698,XML100_1152_24,100,594.0,15772.0,14,1
699,XML100_1152_25,100,402.0,23070.0,19,1
700,XML100_1152_26,100,478.0,21500.0,16,1
701,XML100_1152_27,100,552.0,22685.0,14,1
702,XML100_1153_01,100,616.0,19182.0,12,1
703,XML100_1153_02,100,742.0,14919.0,11,1
704,XML100_1153_03,100,617.0,16257.0,13,1
705,XML100_1153_04,100,887.0,13470.0,9,1
706,XML100_1153_05,100,773.0,13727.0,10,1
707,XML100_1153_06,100,876.0,14087.0,9,1
708,XML100_1153_07,100,686.0,16355.0,12,1
709,XML100_1153_08,100,751.0,13211.0,10,1
710,XML100_1153_09,100,716.0,14255.0,11,1
711,XML100_1153_10,100,722.0,16196.0,11,1
712,XML100_1153_11,100,709.0,13571.0,12,1
713,XML100_1153_12,100,593.0,17024.0,13,1
714,XML100_1153_13,100,662.0,19670.0,12,1
715,XML100_1153_14,100,812.0,16386.0,10,1
716,XML100_1153_15,100,628.0,16659.0,12,1
717,XML100_1153_16,100,819.0,14817.0,10,1
718,XML100_1153_17,100,787.0,12534.0,10,1
719,XML100_1153_18,100,630.0,18344.0,12,1
720,XML100_1153_19,100,735.0,15241.0,11,1
721,XML100_1153_20,100,644.0,15466.0,12,1
722,XML100_1153_21,100,664.0,17503.0,12,1
723,XML100_1153_22,100,698.0,19795.0,11,1
724,XML100_1153_23,100,597.0,17423.0,13,1
725,XML100_1153_24,100,693.0,18610.0,11,1
726,XML100_1153_25,100,895.0,12260.0,9,1
727,XML100_1153_26,100,736.0,16575.0,11,1
728,XML100_1153_27,100,709.0,14618.0,11,1
729,XML100_1154_01,100,1106.0,12332.0,7,1
730,XML100_1154_02,100,1085.0,13896.0,7,1
731,XML100_1154_03,100,1132.0,10930.0,7,1
732,XML100_1154_04,100,1107.0,12225.0,7,1
733,XML100_1154_05,100,1147.0,13223.0,7,1
734,XML100_1154_06,100,949.0,14262.0,9,1
735,XML100_1154_07,100,932.0,15791.0,9,1
736,XML100_1154_08,100,1007.0,14399.0,8,1
737,XML100_1154_09,100,922.0,15012.0,9,1
738,XML100_1154_10,100,1091.0,11718.0,7,1
739,XML100_1154_11,100,946.0,14228.0,9,1
740,XML100_1154_12,100,1061.0,14943.0,8,1
741,XML100_1154_13,100,975.0,15528.0,8,1
742,XML100_1154_14,100,1017.0,16123.0,8,1
743,XML100_1154_15,100,1076.0,12275.0,8,1
744,XML100_1154_16,100,1120.0,12283.0,7,1
745,XML100_1154_17,100,961.0,12858.0,8,1
746,XML100_1154_18,100,1115.0,12111.0,7,1
747,XML100_1154_19,100,1173.0,10992.0,7,1
748,XML100_1154_20,100,1073.0,10946.0,7,1
749,XML100_1154_21,100,918.0,11993.0,9,1
750,XML100_1154_22,100,1049.0,13923.0,8,1
751,XML100_1154_23,100,1110.0,13692.0,7,1
752,XML100_1154_24,100,913.0,13858.0,9,1
753,XML100_1154_25,100,1051.0,13473.0,8,1
754,XML100_1154_26,100,1025.0,12222.0,8,1
755,XML100_1154_27,100,966.0,13239.0,8,1
756,XML100_1155_01,100,1354.0,11212.0,6,1
757,XML100_1155_02,100,1816.0,9260.0,5,1
758,XML100_1155_03,100,1575.0,10870.0,5,1
759,XML100_1155_04,100,1789.0,11576.0,5,1
760,XML100_1155_05,100,1763.0,10067.0,5,1
761,XML100_1155_06,100,1417.0,11315.0,6,1
762,XML100_1155_07,100,1892.0,10561.0,5,1
763,XML100_1155_08,100,1682.0,11274.0,5,1
764,XML100_1155_09,100,1395.0,11325.0,6,1
765,XML100_1155_10,100,1779.0,9225.0,5,1
766,XML100_1155_11,100,1652.0,9607.0,5,1
767,XML100_1155_12,100,1536.0,12050.0,6,1
768,XML100_1155_13,100,1554.0,10212.0,5,1
769,XML100_1155_14,100,1788.0,9822.0,5,1
770,XML100_1155_15,100,1294.0,11680.0,6,1
771,XML100_1155_16,100,1782.0,9463.0,5,1
772,XML100_1155_17,100,1700.0,9326.0,5,1
773,XML100_1155_18,100,1254.0,11414.0,6,1
774,XML100_1155_19,100,1205.0,11446.0,7,1
775,XML100_1155_20,100,1666.0,10264.0,5,1
776,XML100_1155_21,100,1551.0,10148.0,5,1
777,XML100_1155_22,100,1272.0,12197.0,6,1
778,XML100_1155_23,100,1801.0,10659.0,5,1
779,XML100_1155_24,100,1813.0,11154.0,5,1
780,XML100_1155_25,100,1517.0,10244.0,6,1
781,XML100_1155_26,100,1358.0,9932.0,6,1
782,XML100_1155_27,100,1811.0,9793.0,5,1
783,XML100_1156_01,100,3802.0,8124.0,3,1
784,XML100_1156_02,100,3531.0,8701.0,3,1
785,XML100_1156_03,100,1989.0,9561.0,4,1
786,XML100_1156_04,100,3030.0,8740.0,3,1
787,XML100_1156_05,100,3671.0,8790.0,3,1
788,XML100_1156_06,100,2986.0,8098.0,3,1
789,XML100_1156_07,100,3510.0,8320.0,3,1
790,XML100_1156_08,100,3098.0,8630.0,3,1
791,XML100_1156_09,100,2826.0,8500.0,3,1
792,XML100_1156_10,100,3226.0,8745.0,3,1
793,XML100_1156_11,100,2848.0,8873.0,3,1
794,XML100_1156_12,100,2701.0,8328.0,3,1
795,XML100_1156_13,100,2879.0,8501.0,3,1
796,XML100_1156_14,100,3464.0,8696.0,3,1
797,XML100_1156_15,100,2643.0,8386.0,3,1
798,XML100_1156_16,100,3548.0,8727.0,3,1
799,XML100_1156_17,100,3543.0,8290.0,3,1
800,XML100_1156_18,100,2567.0,8686.0,3,1
801,XML100_1156_19,100,2910.0,8199.0,3,1
802,XML100_1156_20,100,2832.0,8390.0,3,1
803,XML100_1156_21,100,2766.0,9102.0,3,1
804,XML100_1156_22,100,3542.0,8559.0,3,1
805,XML100_1156_23,100,1865.0,8852.0,4,1
806,XML100_1156_24,100,2015.0,9385.0,4,1
807,XML100_1156_25,100,3031.0,8555.0,3,1
808,XML100_1156_26,100,2622.0,8740.0,3,1
809,XML100_1156_27,100,2929.0,8441.0,3,1
810,XML100_1161_01,100,269.0,22010.0,21,1
811,XML100_1161_02,100,214.0,26121.0,25,1
812,XML100_1161_03,100,149.0,32320.0,34,1
813,XML100_1161_04,100,264.0,29888.0,23,1
814,XML100_1161_05,100,186.0,30717.0,30,1
815,XML100_1161_06,100,164.0,40093.0,33,1
816,XML100_1161_07,100,186.0,37598.0,29,1
817,XML100_1161_08,100,171.0,33069.0,29,1
818,XML100_1161_09,100,147.0,37424.0,34,1
819,XML100_1161_10,100,239.0,31609.0,21,1
820,XML100_1161_11,100,246.0,23469.0,21,1
821,XML100_1161_12,100,250.0,22803.0,21,1
822,XML100_1161_13,100,229.0,30634.0,22,1
823,XML100_1161_14,100,229.0,25373.0,23,1
824,XML100_1161_15,100,239.0,25486.0,21,1
825,XML100_1161_16,100,220.0,32909.0,25,1
826,XML100_1161_17,100,177.0,27142.0,30,1
827,XML100_1161_18,100,235.0,36586.0,23,1
828,XML100_1161_19,100,206.0,36358.0,26,1
829,XML100_1161_20,100,231.0,28646.0,23,1
830,XML100_1161_21,100,254.0,31189.0,22,1
831,XML100_1161_22,100,199.0,31585.0,25,1
832,XML100_1161_23,100,187.0,36318.0,29,1
833,XML100_1161_24,100,175.0,38733.0,31,1
834,XML100_1161_25,100,251.0,23388.0,22,1
835,XML100_1161_26,100,191.0,36544.0,26,1
836,XML100_1161_27,100,213.0,33259.0,27,1
837,XML100_1162_01,100,284.0,25962.0,18,1
838,XML100_1162_02,100,282.0,24394.0,20,1
839,XML100_1162_03,100,331.0,17061.0,17,1
840,XML100_1162_04,100,384.0,18932.0,15,1
841,XML100_1162_05,100,367.0,18286.0,16,1
842,XML100_1162_06,100,308.0,20680.0,16,1
843,XML100_1162_07,100,354.0,17374.0,14,1
844,XML100_1162_08,100,369.0,19485.0,15,1
845,XML100_1162_09,100,320.0,24815.0,16,1
846,XML100_1162_10,100,400.0,21442.0,14,1
847,XML100_1162_11,100,364.0,20126.0,14,1
848,XML100_1162_12,100,278.0,28811.0,21,1
849,XML100_1162_13,100,330.0,16998.0,16,1
850,XML100_1162_14,100,323.0,16858.0,15,1
851,XML100_1162_15,100,346.0,16245.0,15,1
852,XML100_1162_16,100,403.0,18600.0,14,1
853,XML100_1162_17,100,302.0,19048.0,17,1
854,XML100_1162_18,100,403.0,19782.0,13,1
855,XML100_1162_19,100,414.0,21040.0,13,1
856,XML100_1162_20,100,368.0,19994.0,15,1
857,XML100_1162_21,100,277.0,28892.0,20,1
858,XML100_1162_22,100,271.0,25763.0,18,1
859,XML100_1162_23,100,318.0,22955.0,15,1
860,XML100_1162_24,100,307.0,23756.0,17,1
861,XML100_1162_25,100,270.0,24576.0,19,1
862,XML100_1162_26,100,365.0,19433.0,14,1
863,XML100_1162_27,100,304.0,18901.0,17,1
864,XML100_1163_01,100,484.0,15563.0,10,1
865,XML100_1163_02,100,423.0,18959.0,12,1
866,XML100_1163_03,100,561.0,13652.0,10,1
867,XML100_1163_04,100,462.0,16796.0,11,1
868,XML100_1163_05,100,540.0,13911.0,11,1
869,XML100_1163_06,100,496.0,13849.0,11,1
870,XML100_1163_07,100,576.0,13555.0,9,1
871,XML100_1163_08,100,534.0,12863.0,11,1
872,XML100_1163_09,100,485.0,17113.0,10,1
873,XML100_1163_10,100,475.0,18512.0,11,1
874,XML100_1163_11,100,551.0,13898.0,10,1
875,XML100_1163_12,100,554.0,14995.0,10,1
876,XML100_1163_13,100,572.0,14552.0,9,1
877,XML100_1163_14,100,531.0,15214.0,10,1
878,XML100_1163_15,100,506.0,19048.0,10,1
879,XML100_1163_16,100,419.0,19739.0,12,1
880,XML100_1163_17,100,488.0,17708.0,12,1
881,XML100_1163_18,100,546.0,15539.0,10,1
882,XML100_1163_19,100,428.0,16868.0,12,1
883,XML100_1163_20,100,525.0,13802.0,10,1
884,XML100_1163_21,100,586.0,13923.0,9,1
885,XML100_1163_22,100,510.0,14947.0,10,1
886,XML100_1163_23,100,539.0,19104.0,11,1
887,XML100_1163_24,100,489.0,16299.0,10,1
888,XML100_1163_25,100,530.0,15698.0,9,1
889,XML100_1163_26,100,482.0,18119.0,12,1
890,XML100_1163_27,100,428.0,14449.0,11,1
891,XML100_1164_01,100,664.0,12973.0,8,1
892,XML100_1164_02,100,688.0,13492.0,8,1
893,XML100_1164_03,100,712.0,12649.0,8,1
894,XML100_1164_04,100,526.0,13523.0,9,1
895,XML100_1164_05,100,620.0,11571.0,9,1
896,XML100_1164_06,100,618.0,13779.0,9,1
897,XML100_1164_07,100,609.0,14211.0,9,1
898,XML100_1164_08,100,592.0,13110.0,9,1
899,XML100_1164_09,100,694.0,12692.0,8,1
900,XML100_1164_10,100,732.0,11700.0,8,1
901,XML100_1164_11,100,760.0,11940.0,7,1
902,XML100_1164_12,100,725.0,12220.0,7,1
903,XML100_1164_13,100,762.0,11349.0,7,1
904,XML100_1164_14,100,670.0,11066.0,8,1
905,XML100_1164_15,100,822.0,12861.0,7,1
906,XML100_1164_16,100,589.0,13828.0,9,1
907,XML100_1164_17,100,733.0,13597.0,7,1
908,XML100_1164_18,100,664.0,12852.0,8,1
909,XML100_1164_19,100,673.0,10983.0,8,1
910,XML100_1164_20,100,801.0,12763.0,7,1
911,XML100_1164_21,100,804.0,10715.0,7,1
912,XML100_1164_22,100,738.0,14169.0,8,1
913,XML100_1164_23,100,797.0,11529.0,7,1
914,XML100_1164_24,100,752.0,11710.0,7,1
915,XML100_1164_25,100,772.0,12219.0,7,1
916,XML100_1164_26,100,644.0,14990.0,8,1
917,XML100_1164_27,100,687.0,12298.0,7,1
918,XML100_1165_01,100,1245.0,9519.0,5,1
919,XML100_1165_02,100,1051.0,10933.0,6,1
920,XML100_1165_03,100,963.0,9863.0,6,1
921,XML100_1165_04,100,1264.0,9533.0,5,1
922,XML100_1165_05,100,879.0,10933.0,6,1
923,XML100_1165_06,100,912.0,10824.0,6,1
924,XML100_1165_07,100,846.0,12589.0,6,1
925,XML100_1165_08,100,1130.0,9788.0,5,1
926,XML100_1165_09,100,856.0,12204.0,6,1
927,XML100_1165_10,100,1116.0,10692.0,5,1
928,XML100_1165_11,100,806.0,11850.0,7,1
929,XML100_1165_12,100,1150.0,9904.0,5,1
930,XML100_1165_13,100,998.0,9704.0,6,1
931,XML100_1165_14,100,859.0,12413.0,6,1
932,XML100_1165_15,100,857.0,10108.0,6,1
933,XML100_1165_16,100,837.0,11812.0,7,1
934,XML100_1165_17,100,1084.0,10071.0,5,1
935,XML100_1165_18,100,1151.0,10786.0,5,1
936,XML100_1165_19,100,1110.0,9152.0,5,1
937,XML100_1165_20,100,963.0,10127.0,6,1
938,XML100_1165_21,100,920.0,10954.0,6,1
939,XML100_1165_22,100,902.0,11311.0,6,1
940,XML100_1165_23,100,1093.0,10179.0,5,1
941,XML100_1165_24,100,930.0,10519.0,6,1
942,XML100_1165_25,100,968.0,10926.0,5,1
943,XML100_1165_26,100,1234.0,10066.0,5,1
944,XML100_1165_27,100,1104.0,10846.0,5,1
945,XML100_1166_01,100,2043.0,8759.0,3,1
946,XML100_1166_02,100,1522.0,9083.0,4,1
947,XML100_1166_03,100,2006.0,8693.0,3,1
948,XML100_1166_04,100,1659.0,8837.0,3,1
949,XML100_1166_05,100,2136.0,8758.0,3,1
950,XML100_1166_06,100,1571.0,9222.0,4,1
951,XML100_1166_07,100,1295.0,9839.0,4,1
952,XML100_1166_08,100,1698.0,8624.0,3,1
953,XML100_1166_09,100,1235.0,9320.0,4,1
954,XML100_1166_10,100,1852.0,8720.0,3,1
955,XML100_1166_11,100,1442.0,9223.0,4,1
956,XML100_1166_12,100,2416.0,8141.0,3,1
957,XML100_1166_13,100,2340.0,8563.0,3,1
958,XML100_1166_14,100,1212.0,9317.0,4,1
959,XML100_1166_15,100,1389.0,9201.0,4,1
960,XML100_1166_16,100,2115.0,9390.0,3,1
961,XML100_1166_17,100,2243.0,8644.0,3,1
962,XML100_1166_18,100,2098.0,8263.0,3,1
963,XML100_1166_19,100,1849.0,8466.0,3,1
964,XML100_1166_20,100,1735.0,8505.0,4,1
965,XML100_1166_21,100,2249.0,8140.0,3,1
966,XML100_1166_22,100,1558.0,9465.0,4,1
967,XML100_1166_23,100,1666.0,9368.0,4,1
968,XML100_1166_24,100,2075.0,8517.0,3,1
969,XML100_1166_25,100,2281.0,8689.0,3,1
970,XML100_1166_26,100,2492.0,8120.0,3,1
971,XML100_1166_27,100,1902.0,8633.0,3,1
972,XML100_1171_01,100,119.0,36849.0,40,1
973,XML100_1171_02,100,122.0,28790.0,32,1
974,XML100_1171_03,100,128.0,26311.0,27,0
975,XML100_1171_04,100,123.0,26252.0,26,1
976,XML100_1171_05,100,118.0,39996.0,41,0
977,XML100_1171_06,100,118.0,45388.0,36,1
978,XML100_1171_07,100,121.0,31885.0,24,1
979,XML100_1171_08,100,129.0,26115.0,23,1
980,XML100_1171_09,100,116.0,47406.0,40,0
981,XML100_1171_10,100,123.0,33938.0,24,0
982,XML100_1171_11,100,122.0,21620.0,26,1
983,XML100_1171_12,100,131.0,33296.0,30,0
984,XML100_1171_13,100,118.0,42233.0,36,1
985,XML100_1171_14,100,128.0,27780.0,25,1
986,XML100_1171_15,100,125.0,35360.0,30,1
987,XML100_1171_16,100,124.0,31536.0,30,1
988,XML100_1171_17,100,121.0,22071.0,25,1
989,XML100_1171_18,100,120.0,44221.0,39,0
990,XML100_1171_19,100,118.0,28384.0,28,1
991,XML100_1171_20,100,124.0,42486.0,32,0
992,XML100_1171_21,100,122.0,33718.0,39,1
993,XML100_1171_22,100,127.0,28382.0,26,1
994,XML100_1171_23,100,119.0,36016.0,35,0
995,XML100_1171_24,100,119.0,45941.0,32,1
996,XML100_1171_25,100,118.0,31819.0,34,1
997,XML100_1171_26,100,120.0,21664.0,23,1
998,XML100_1171_27,100,119.0,40853.0,38,1
999,XML100_1172_01,100,145.0,21566.0,15,1
1000,XML100_1172_02,100,125.0,27405.0,22,1
1001,XML100_1172_03,100,130.0,24249.0,18,1
1002,XML100_1172_04,100,131.0,21181.0,19,1
1003,XML100_1172_05,100,133.0,15724.0,14,1
1004,XML100_1172_06,100,137.0,18010.0,14,1
1005,XML100_1172_07,100,139.0,33826.0,21,1
1006,XML100_1172_08,100,140.0,20885.0,15,1
1007,XML100_1172_09,100,144.0,16358.0,14,1
1008,XML100_1172_10,100,135.0,22465.0,17,1
1009,XML100_1172_11,100,137.0,18672.0,15,1
1010,XML100_1172_12,100,127.0,22635.0,23,1
1011,XML100_1172_13,100,121.0,32218.0,19,1
1012,XML100_1172_14,100,141.0,16822.0,16,1
1013,XML100_1172_15,100,130.0,26134.0,19,1
1014,XML100_1172_16,100,139.0,26993.0,20,1
1015,XML100_1172_17,100,129.0,18443.0,18,1
1016,XML100_1172_18,100,141.0,24902.0,16,1
1017,XML100_1172_19,100,135.0,16900.0,15,1
1018,XML100_1172_20,100,131.0,20839.0,21,1
1019,XML100_1172_21,100,135.0,20970.0,18,1
1020,XML100_1172_22,100,131.0,24050.0,20,1
1021,XML100_1172_23,100,144.0,19515.0,14,1
1022,XML100_1172_24,100,139.0,24219.0,17,1
1023,XML100_1172_25,100,139.0,17642.0,18,1
1024,XML100_1172_26,100,125.0,25887.0,22,1
1025,XML100_1172_27,100,130.0,19095.0,17,1
1026,XML100_1173_01,100,151.0,13342.0,10,1
1027,XML100_1173_02,100,152.0,13964.0,13,1
1028,XML100_1173_03,100,149.0,14397.0,10,1
1029,XML100_1173_04,100,159.0,14076.0,11,1
1030,XML100_1173_05,100,149.0,18148.0,11,1
1031,XML100_1173_06,100,150.0,13953.0,10,1
1032,XML100_1173_07,100,137.0,16526.0,12,1
1033,XML100_1173_08,100,153.0,16451.0,10,1
1034,XML100_1173_09,100,164.0,11848.0,9,1
1035,XML100_1173_10,100,154.0,14097.0,10,1
1036,XML100_1173_11,100,156.0,15213.0,10,1
1037,XML100_1173_12,100,142.0,15323.0,13,1
1038,XML100_1173_13,100,144.0,18046.0,12,1
1039,XML100_1173_14,100,143.0,13569.0,10,1
1040,XML100_1173_15,100,150.0,18465.0,11,1
1041,XML100_1173_16,100,146.0,18326.0,11,1
1042,XML100_1173_17,100,142.0,13670.0,12,1
1043,XML100_1173_18,100,145.0,14986.0,11,1
1044,XML100_1173_19,100,152.0,18701.0,10,1
1045,XML100_1173_20,100,157.0,14921.0,9,1
1046,XML100_1173_21,100,149.0,13061.0,12,1
1047,XML100_1173_22,100,146.0,17762.0,12,1
1048,XML100_1173_23,100,169.0,16484.0,10,1
1049,XML100_1173_24,100,160.0,14439.0,10,1
1050,XML100_1173_25,100,144.0,15367.0,14,1
1051,XML100_1173_26,100,145.0,17777.0,10,1
1052,XML100_1173_27,100,141.0,14659.0,11,1
1053,XML100_1174_01,100,177.0,12490.0,7,1
1054,XML100_1174_02,100,170.0,12830.0,8,1
1055,XML100_1174_03,100,175.0,12913.0,7,1
1056,XML100_1174_04,100,160.0,12661.0,7,1
1057,XML100_1174_05,100,163.0,12683.0,9,1
1058,XML100_1174_06,100,173.0,11859.0,8,1
1059,XML100_1174_07,100,160.0,14160.0,9,1
1060,XML100_1174_08,100,171.0,13182.0,8,1
1061,XML100_1174_09,100,173.0,12991.0,8,1
1062,XML100_1174_10,100,189.0,11981.0,7,1
1063,XML100_1174_11,100,153.0,12001.0,9,1
1064,XML100_1174_12,100,165.0,12288.0,9,1
1065,XML100_1174_13,100,152.0,10868.0,8,1
1066,XML100_1174_14,100,178.0,10954.0,7,1
1067,XML100_1174_15,100,151.0,11771.0,9,1
1068,XML100_1174_16,100,177.0,12470.0,7,1
1069,XML100_1174_17,100,169.0,15395.0,9,1
1070,XML100_1174_18,100,174.0,12258.0,7,1
1071,XML100_1174_19,100,163.0,11144.0,8,1
1072,XML100_1174_20,100,155.0,12727.0,9,1
1073,XML100_1174_21,100,158.0,13372.0,8,1
1074,XML100_1174_22,100,177.0,11736.0,7,1
1075,XML100_1174_23,100,167.0,14159.0,9,1
1076,XML100_1174_24,100,150.0,13696.0,8,1
1077,XML100_1174_25,100,163.0,14151.0,8,1
1078,XML100_1174_26,100,168.0,12903.0,8,1
1079,XML100_1174_27,100,172.0,13145.0,7,1
1080,XML100_1175_01,100,176.0,11552.0,6,1
1081,XML100_1175_02,100,214.0,9640.0,5,1
1082,XML100_1175_03,100,193.0,10867.0,5,1
1083,XML100_1175_04,100,210.0,8955.0,5,1
1084,XML100_1175_05,100,207.0,9511.0,5,1
1085,XML100_1175_06,100,220.0,9518.0,5,1
1086,XML100_1175_07,100,225.0,9170.0,5,1
1087,XML100_1175_08,100,212.0,10932.0,5,1
1088,XML100_1175_09,100,190.0,11247.0,5,1
1089,XML100_1175_10,100,202.0,11438.0,6,1
1090,XML100_1175_11,100,228.0,10513.0,5,1
1091,XML100_1175_12,100,197.0,11006.0,5,1
1092,XML100_1175_13,100,219.0,9875.0,5,1
1093,XML100_1175_14,100,192.0,8927.0,5,1
1094,XML100_1175_15,100,192.0,10719.0,6,1
1095,XML100_1175_16,100,237.0,9968.0,5,1
1096,XML100_1175_17,100,179.0,11464.0,7,1
1097,XML100_1175_18,100,202.0,11102.0,5,1
1098,XML100_1175_19,100,194.0,11651.0,6,1
1099,XML100_1175_20,100,205.0,9814.0,5,1
1100,XML100_1175_21,100,216.0,9326.0,4,1
1101,XML100_1175_22,100,164.0,10816.0,6,1
1102,XML100_1175_23,100,194.0,10117.0,5,1
1103,XML100_1175_24,100,218.0,10141.0,5,1
1104,XML100_1175_25,100,169.0,11042.0,7,1
1105,XML100_1175_26,100,170.0,12651.0,6,1
1106,XML100_1175_27,100,187.0,9379.0,5,1
1107,XML100_1176_01,100,274.0,8272.0,3,1
1108,XML100_1176_02,100,313.0,8567.0,3,1
1109,XML100_1176_03,100,267.0,8907.0,3,1
1110,XML100_1176_04,100,247.0,8856.0,4,1
1111,XML100_1176_05,100,237.0,9573.0,4,1
1112,XML100_1176_06,100,217.0,9352.0,4,1
1113,XML100_1176_07,100,288.0,8864.0,3,1
1114,XML100_1176_08,100,215.0,9799.0,4,1
1115,XML100_1176_09,100,272.0,9105.0,3,1
1116,XML100_1176_10,100,208.0,9332.0,4,1
1117,XML100_1176_11,100,273.0,8131.0,3,1
1118,XML100_1176_12,100,306.0,9126.0,3,1
1119,XML100_1176_13,100,222.0,9840.0,4,1
1120,XML100_1176_14,100,228.0,9413.0,4,1
1121,XML100_1176_15,100,266.0,8827.0,3,1
1122,XML100_1176_16,100,260.0,8964.0,3,1
1123,XML100_1176_17,100,238.0,8793.0,3,1
1124,XML100_1176_18,100,249.0,9540.0,3,1
1125,XML100_1176_19,100,230.0,8567.0,4,1
1126,XML100_1176_20,100,248.0,8886.0,4,1
1127,XML100_1176_21,100,242.0,8769.0,4,1
1128,XML100_1176_22,100,278.0,8879.0,3,1
1129,XML100_1176_23,100,296.0,8241.0,3,1
1130,XML100_1176_24,100,318.0,8556.0,3,1
1131,XML100_1176_25,100,333.0,8738.0,3,1
1132,XML100_1176_26,100,257.0,9184.0,4,1
1133,XML100_1176_27,100,270.0,8676.0,3,1
1134,XML100_1211_01,100,3.0,44590.0,34,1
1135,XML100_1211_02,100,3.0,59187.0,34,1
1136,XML100_1211_03,100,3.0,34590.0,34,1
1137,XML100_1211_04,100,4.0,24601.0,25,1
1138,XML100_1211_05,100,3.0,39139.0,34,1
1139,XML100_1211_06,100,4.0,32632.0,25,1
1140,XML100_1211_07,100,3.0,42832.0,34,1
1141,XML100_1211_08,100,3.0,26518.0,34,1
1142,XML100_1211_09,100,4.0,29220.0,25,1
1143,XML100_1211_10,100,3.0,41618.0,34,1
1144,XML100_1211_11,100,3.0,45515.0,34,1
1145,XML100_1211_12,100,4.0,31452.0,25,1
1146,XML100_1211_13,100,3.0,32948.0,34,1
1147,XML100_1211_14,100,4.0,14874.0,25,1
1148,XML100_1211_15,100,4.0,16187.0,25,1
1149,XML100_1211_16,100,4.0,30124.0,25,1
1150,XML100_1211_17,100,4.0,9387.0,25,1
1151,XML100_1211_18,100,4.0,27181.0,25,1
1152,XML100_1211_19,100,4.0,23808.0,26,1
1153,XML100_1211_20,100,4.0,35841.0,25,1
1154,XML100_1211_21,100,4.0,23174.0,25,1
1155,XML100_1211_22,100,3.0,23386.0,34,1
1156,XML100_1211_23,100,3.0,54144.0,34,1
1157,XML100_1211_24,100,3.0,33265.0,34,1
1158,XML100_1211_25,100,4.0,32912.0,25,1
1159,XML100_1211_26,100,3.0,38538.0,34,1
1160,XML100_1211_27,100,4.0,27610.0,25,1
1161,XML100_1212_01,100,5.0,28888.0,20,1
1162,XML100_1212_02,100,6.0,10260.0,17,1
1163,XML100_1212_03,100,7.0,13778.0,15,1
1164,XML100_1212_04,100,5.0,22310.0,20,1
1165,XML100_1212_05,100,7.0,17790.0,15,1
1166,XML100_1212_06,100,7.0,16092.0,15,1
1167,XML100_1212_07,100,6.0,20902.0,17,1
1168,XML100_1212_08,100,6.0,20957.0,17,1
1169,XML100_1212_09,100,5.0,20586.0,20,1
1170,XML100_1212_10,100,6.0,25773.0,17,1
1171,XML100_1212_11,100,6.0,24894.0,17,1
1172,XML100_1212_12,100,5.0,16094.0,20,1
1173,XML100_1212_13,100,5.0,29040.0,20,1
1174,XML100_1212_14,100,7.0,18250.0,15,1
1175,XML100_1212_15,100,5.0,24324.0,20,1
1176,XML100_1212_16,100,6.0,16625.0,17,1
1177,XML100_1212_17,100,6.0,18958.0,17,1
1178,XML100_1212_18,100,5.0,29104.0,20,1
1179,XML100_1212_19,100,6.0,24627.0,17,1
1180,XML100_1212_20,100,6.0,15773.0,17,1
1181,XML100_1212_21,100,5.0,28624.0,20,1
1182,XML100_1212_22,100,5.0,20012.0,20,1
1183,XML100_1212_23,100,5.0,20011.0,20,1
1184,XML100_1212_24,100,5.0,20150.0,20,1
1185,XML100_1212_25,100,6.0,24486.0,17,1
1186,XML100_1212_26,100,7.0,22209.0,15,1
1187,XML100_1212_27,100,7.0,14518.0,15,1
1188,XML100_1213_01,100,10.0,11539.0,10,1
1189,XML100_1213_02,100,10.0,15693.0,10,1
1190,XML100_1213_03,100,9.0,15035.0,12,1
1191,XML100_1213_04,100,9.0,15514.0,12,1
1192,XML100_1213_05,100,10.0,7841.0,10,1
1193,XML100_1213_06,100,10.0,12899.0,10,1
1194,XML100_1213_07,100,9.0,14118.0,12,1
1195,XML100_1213_08,100,9.0,9679.0,12,1
1196,XML100_1213_09,100,8.0,12767.0,13,1
1197,XML100_1213_10,100,9.0,19883.0,12,1
1198,XML100_1213_11,100,8.0,12122.0,13,1
1199,XML100_1213_12,100,10.0,14200.0,10,1
1200,XML100_1213_13,100,9.0,14176.0,12,1
1201,XML100_1213_14,100,9.0,17283.0,12,1
1202,XML100_1213_15,100,8.0,14977.0,13,1
1203,XML100_1213_16,100,9.0,12091.0,12,1
1204,XML100_1213_17,100,11.0,10443.0,10,1
1205,XML100_1213_18,100,9.0,12829.0,12,1
1206,XML100_1213_19,100,8.0,19594.0,13,1
1207,XML100_1213_20,100,10.0,13814.0,10,1
1208,XML100_1213_21,100,8.0,12651.0,13,1
1209,XML100_1213_22,100,9.0,22327.0,12,1
1210,XML100_1213_23,100,10.0,8213.0,10,1
1211,XML100_1213_24,100,9.0,12064.0,12,1
1212,XML100_1213_25,100,9.0,14891.0,12,1
1213,XML100_1213_26,100,10.0,13052.0,10,1
1214,XML100_1213_27,100,11.0,9164.0,10,1
1215,XML100_1214_01,100,12.0,13077.0,9,1
1216,XML100_1214_02,100,12.0,16113.0,9,1
1217,XML100_1214_03,100,12.0,14775.0,9,1
1218,XML100_1214_04,100,14.0,11676.0,8,1
1219,XML100_1214_05,100,14.0,12644.0,8,1
1220,XML100_1214_06,100,13.0,8005.0,8,1
1221,XML100_1214_07,100,13.0,12784.0,8,1
1222,XML100_1214_08,100,14.0,10050.0,8,1
1223,XML100_1214_09,100,14.0,6050.0,8,1
1224,XML100_1214_10,100,13.0,13579.0,8,1
1225,XML100_1214_11,100,12.0,6892.0,9,1
1226,XML100_1214_12,100,12.0,10933.0,9,1
1227,XML100_1214_13,100,12.0,12871.0,9,1
1228,XML100_1214_14,100,14.0,10108.0,8,1
1229,XML100_1214_15,100,15.0,9398.0,7,1
1230,XML100_1214_16,100,13.0,8375.0,8,1
1231,XML100_1214_17,100,14.0,15028.0,8,1
1232,XML100_1214_18,100,14.0,10964.0,8,1
1233,XML100_1214_19,100,13.0,15693.0,8,1
1234,XML100_1214_20,100,13.0,10159.0,8,1
1235,XML100_1214_21,100,14.0,10410.0,8,1
1236,XML100_1214_22,100,13.0,9939.0,8,1
1237,XML100_1214_23,100,12.0,16217.0,9,1
1238,XML100_1214_24,100,13.0,10825.0,8,1
1239,XML100_1214_25,100,13.0,8941.0,8,1
1240,XML100_1214_26,100,13.0,9772.0,8,1
1241,XML100_1214_27,100,13.0,10526.0,8,1
1242,XML100_1215_01,100,19.0,12546.0,6,1
1243,XML100_1215_02,100,24.0,7541.0,5,1
1244,XML100_1215_03,100,17.0,9991.0,6,1
1245,XML100_1215_04,100,20.0,7222.0,5,1
1246,XML100_1215_05,100,16.0,8607.0,7,1
1247,XML100_1215_06,100,24.0,8984.0,5,1
1248,XML100_1215_07,100,21.0,7842.0,5,1
1249,XML100_1215_08,100,21.0,8062.0,5,1
1250,XML100_1215_09,100,24.0,9228.0,5,1
1251,XML100_1215_10,100,18.0,7872.0,6,1
1252,XML100_1215_11,100,22.0,7916.0,5,1
1253,XML100_1215_12,100,18.0,9063.0,6,1
1254,XML100_1215_13,100,17.0,10281.0,6,1
1255,XML100_1215_14,100,17.0,9999.0,6,1
1256,XML100_1215_15,100,17.0,6082.0,6,1
1257,XML100_1215_16,100,24.0,6925.0,5,1
1258,XML100_1215_17,100,22.0,8082.0,5,1
1259,XML100_1215_18,100,18.0,10888.0,6,1
1260,XML100_1215_19,100,16.0,7841.0,7,1
1261,XML100_1215_20,100,17.0,5335.0,6,1
1262,XML100_1215_21,100,23.0,9546.0,5,1
1263,XML100_1215_22,100,19.0,11972.0,6,1
1264,XML100_1215_23,100,21.0,7905.0,5,1
1265,XML100_1215_24,100,17.0,7961.0,6,1
1266,XML100_1215_25,100,18.0,8346.0,6,1
1267,XML100_1215_26,100,16.0,4983.0,7,1
1268,XML100_1215_27,100,23.0,7890.0,5,1
1269,XML100_1216_01,100,30.0,8696.0,4,1
1270,XML100_1216_02,100,38.0,6351.0,3,1
1271,XML100_1216_03,100,25.0,7186.0,4,1
1272,XML100_1216_04,100,38.0,6068.0,3,1
1273,XML100_1216_05,100,33.0,6663.0,4,1
1274,XML100_1216_06,100,48.0,5975.0,3,1
1275,XML100_1216_07,100,45.0,4683.0,3,1
1276,XML100_1216_08,100,43.0,4535.0,3,1
1277,XML100_1216_09,100,47.0,4506.0,3,1
1278,XML100_1216_10,100,40.0,6207.0,3,1
1279,XML100_1216_11,100,33.0,7272.0,4,1
1280,XML100_1216_12,100,49.0,5453.0,3,1
1281,XML100_1216_13,100,29.0,5582.0,4,1
1282,XML100_1216_14,100,25.0,6835.0,4,1
1283,XML100_1216_15,100,37.0,5537.0,3,1
1284,XML100_1216_16,100,35.0,5115.0,3,1
1285,XML100_1216_17,100,25.0,8388.0,4,1
1286,XML100_1216_18,100,47.0,6470.0,3,1
1287,XML100_1216_19,100,40.0,6575.0,3,1
1288,XML100_1216_20,100,41.0,7474.0,3,1
1289,XML100_1216_21,100,49.0,6725.0,3,1
1290,XML100_1216_22,100,34.0,5027.0,3,1
1291,XML100_1216_23,100,38.0,5844.0,3,1
1292,XML100_1216_24,100,26.0,8764.0,4,1
1293,XML100_1216_25,100,34.0,7539.0,3,1
1294,XML100_1216_26,100,44.0,7647.0,3,1
1295,XML100_1216_27,100,34.0,6412.0,3,1
1296,XML100_1221_01,100,27.0,18961.0,21,1
1297,XML100_1221_02,100,19.0,21980.0,30,1
1298,XML100_1221_03,100,24.0,23184.0,22,1
1299,XML100_1221_04,100,20.0,22390.0,27,1
1300,XML100_1221_05,100,23.0,23791.0,25,1
1301,XML100_1221_06,100,18.0,26210.0,30,1
1302,XML100_1221_07,100,27.0,19773.0,21,1
1303,XML100_1221_08,100,29.0,27112.0,21,1
1304,XML100_1221_09,100,21.0,24523.0,26,1
1305,XML100_1221_10,100,23.0,21456.0,26,1
1306,XML100_1221_11,100,24.0,28418.0,22,1
1307,XML100_1221_12,100,19.0,33676.0,29,1
1308,XML100_1221_13,100,24.0,21032.0,23,1
1309,XML100_1221_14,100,26.0,29344.0,24,1
1310,XML100_1221_15,100,20.0,34711.0,27,1
1311,XML100_1221_16,100,22.0,19506.0,25,1
1312,XML100_1221_17,100,29.0,20554.0,22,1
1313,XML100_1221_18,100,22.0,24574.0,26,1
1314,XML100_1221_19,100,23.0,26126.0,26,1
1315,XML100_1221_20,100,19.0,56014.0,29,1
1316,XML100_1221_21,100,20.0,24181.0,27,1
1317,XML100_1221_22,100,18.0,22896.0,28,1
1318,XML100_1221_23,100,25.0,32289.0,21,1
1319,XML100_1221_24,100,25.0,44620.0,24,1
1320,XML100_1221_25,100,23.0,38082.0,26,1
1321,XML100_1221_26,100,20.0,33651.0,28,1
1322,XML100_1221_27,100,24.0,41814.0,26,1
1323,XML100_1222_01,100,32.0,19006.0,17,1
1324,XML100_1222_02,100,41.0,18389.0,13,1
1325,XML100_1222_03,100,47.0,13870.0,13,1
1326,XML100_1222_04,100,39.0,17850.0,16,1
1327,XML100_1222_05,100,38.0,16574.0,15,1
1328,XML100_1222_06,100,31.0,13922.0,19,1
1329,XML100_1222_07,100,30.0,15786.0,19,1
1330,XML100_1222_08,100,36.0,14378.0,16,1
1331,XML100_1222_09,100,36.0,28564.0,17,1
1332,XML100_1222_10,100,44.0,22742.0,13,1
1333,XML100_1222_11,100,39.0,18955.0,14,1
1334,XML100_1222_12,100,40.0,15516.0,13,1
1335,XML100_1222_13,100,30.0,28610.0,19,1
1336,XML100_1222_14,100,37.0,16851.0,16,1
1337,XML100_1222_15,100,40.0,11586.0,15,1
1338,XML100_1222_16,100,32.0,29573.0,17,1
1339,XML100_1222_17,100,45.0,19336.0,14,1
1340,XML100_1222_18,100,38.0,13588.0,15,1
1341,XML100_1222_19,100,42.0,13958.0,13,1
1342,XML100_1222_20,100,32.0,29596.0,18,1
1343,XML100_1222_21,100,37.0,14348.0,17,1
1344,XML100_1222_22,100,42.0,10518.0,13,1
1345,XML100_1222_23,100,38.0,20465.0,15,1
1346,XML100_1222_24,100,40.0,19799.0,14,1
1347,XML100_1222_25,100,36.0,21621.0,17,1
1348,XML100_1222_26,100,42.0,18050.0,15,1
1349,XML100_1222_27,100,28.0,22755.0,20,1
1350,XML100_1223_01,100,46.0,12091.0,12,1
1351,XML100_1223_02,100,64.0,14303.0,9,1
1352,XML100_1223_03,100,60.0,12024.0,10,1
1353,XML100_1223_04,100,46.0,15717.0,12,1
1354,XML100_1223_05,100,43.0,13846.0,12,1
1355,XML100_1223_06,100,63.0,13661.0,10,1
1356,XML100_1223_07,100,52.0,16365.0,11,1
1357,XML100_1223_08,100,47.0,10414.0,12,1
1358,XML100_1223_09,100,53.0,20026.0,12,1
1359,XML100_1223_10,100,70.0,12894.0,9,1
1360,XML100_1223_11,100,52.0,13132.0,11,1
1361,XML100_1223_12,100,56.0,14195.0,10,1
1362,XML100_1223_13,100,45.0,16185.0,12,1
1363,XML100_1223_14,100,46.0,12761.0,12,1
1364,XML100_1223_15,100,50.0,13727.0,11,1
1365,XML100_1223_16,100,60.0,11490.0,10,1
1366,XML100_1223_17,100,50.0,13256.0,12,1
1367,XML100_1223_18,100,57.0,14496.0,10,1
1368,XML100_1223_19,100,49.0,16692.0,11,1
1369,XML100_1223_20,100,46.0,17593.0,12,1
1370,XML100_1223_21,100,53.0,13197.0,11,1
1371,XML100_1223_22,100,48.0,10991.0,12,1
1372,XML100_1223_23,100,47.0,9968.0,12,1
1373,XML100_1223_24,100,64.0,12450.0,9,1
1374,XML100_1223_25,100,43.0,11081.0,13,1
1375,XML100_1223_26,100,50.0,14137.0,11,1
1376,XML100_1223_27,100,42.0,17763.0,13,1
1377,XML100_1224_01,100,71.0,11183.0,8,1
1378,XML100_1224_02,100,69.0,9354.0,8,1
1379,XML100_1224_03,100,78.0,11148.0,7,1
1380,XML100_1224_04,100,80.0,10279.0,7,1
1381,XML100_1224_05,100,76.0,11611.0,8,1
1382,XML100_1224_06,100,77.0,9394.0,8,1
1383,XML100_1224_07,100,71.0,13185.0,8,1
1384,XML100_1224_08,100,73.0,11311.0,8,1
1385,XML100_1224_09,100,70.0,13182.0,8,1
1386,XML100_1224_10,100,83.0,8927.0,7,1
1387,XML100_1224_11,100,74.0,12294.0,7,1
1388,XML100_1224_12,100,79.0,10601.0,7,1
1389,XML100_1224_13,100,65.0,8022.0,8,1
1390,XML100_1224_14,100,80.0,9721.0,7,1
1391,XML100_1224_15,100,83.0,11832.0,7,1
1392,XML100_1224_16,100,71.0,11060.0,8,1
1393,XML100_1224_17,100,82.0,13649.0,8,1
1394,XML100_1224_18,100,72.0,12318.0,8,1
1395,XML100_1224_19,100,91.0,12453.0,7,1
1396,XML100_1224_20,100,67.0,10566.0,8,1
1397,XML100_1224_21,100,86.0,7876.0,7,1
1398,XML100_1224_22,100,65.0,14390.0,8,1
1399,XML100_1224_23,100,82.0,8946.0,7,1
1400,XML100_1224_24,100,84.0,11407.0,8,1
1401,XML100_1224_25,100,67.0,12658.0,9,1
1402,XML100_1224_26,100,67.0,11548.0,8,1
1403,XML100_1224_27,100,71.0,10247.0,8,1
1404,XML100_1225_01,100,102.0,8113.0,6,1
1405,XML100_1225_02,100,101.0,6630.0,5,1
1406,XML100_1225_03,100,101.0,8279.0,5,1
1407,XML100_1225_04,100,87.0,7906.0,6,1
1408,XML100_1225_05,100,117.0,5694.0,5,1
1409,XML100_1225_06,100,100.0,7836.0,6,1
1410,XML100_1225_07,100,119.0,7903.0,5,1
1411,XML100_1225_08,100,88.0,10608.0,7,1
1412,XML100_1225_09,100,92.0,7992.0,6,1
1413,XML100_1225_10,100,120.0,9776.0,5,1
1414,XML100_1225_11,100,126.0,8210.0,5,1
1415,XML100_1225_12,100,118.0,9394.0,5,1
1416,XML100_1225_13,100,138.0,7566.0,5,1
1417,XML100_1225_14,100,93.0,9210.0,7,1
1418,XML100_1225_15,100,122.0,7279.0,6,1
1419,XML100_1225_16,100,111.0,9932.0,6,1
1420,XML100_1225_17,100,96.0,7903.0,6,1
1421,XML100_1225_18,100,118.0,10160.0,5,1
1422,XML100_1225_19,100,111.0,7903.0,5,1
1423,XML100_1225_20,100,126.0,7893.0,5,1
1424,XML100_1225_21,100,116.0,10328.0,6,1
1425,XML100_1225_22,100,152.0,8428.0,5,1
1426,XML100_1225_23,100,99.0,8182.0,6,1
1427,XML100_1225_24,100,117.0,9498.0,5,1
1428,XML100_1225_25,100,126.0,6096.0,5,1
1429,XML100_1225_26,100,102.0,8258.0,5,1
1430,XML100_1225_27,100,101.0,10065.0,6,1
1431,XML100_1226_01,100,271.0,6007.0,2,1
1432,XML100_1226_02,100,297.0,6085.0,3,1
1433,XML100_1226_03,100,141.0,5173.0,4,1
1434,XML100_1226_04,100,220.0,7173.0,3,1
1435,XML100_1226_05,100,219.0,6143.0,3,1
1436,XML100_1226_06,100,242.0,4854.0,3,1
1437,XML100_1226_07,100,250.0,6802.0,3,1
1438,XML100_1226_08,100,161.0,7292.0,4,1
1439,XML100_1226_09,100,264.0,6201.0,3,1
1440,XML100_1226_10,100,165.0,8405.0,4,1
1441,XML100_1226_11,100,258.0,6240.0,3,1
1442,XML100_1226_12,100,233.0,7518.0,3,1
1443,XML100_1226_13,100,294.0,4828.0,3,1
1444,XML100_1226_14,100,160.0,7329.0,4,1
1445,XML100_1226_15,100,214.0,6774.0,3,1
1446,XML100_1226_16,100,185.0,5072.0,3,1
1447,XML100_1226_17,100,165.0,7321.0,4,1
1448,XML100_1226_18,100,236.0,6274.0,3,1
1449,XML100_1226_19,100,164.0,7190.0,4,1
1450,XML100_1226_20,100,177.0,6671.0,4,1
1451,XML100_1226_21,100,252.0,4450.0,3,1
1452,XML100_1226_22,100,243.0,6014.0,3,1
1453,XML100_1226_23,100,227.0,7004.0,3,1
1454,XML100_1226_24,100,144.0,6516.0,4,1
1455,XML100_1226_25,100,183.0,9054.0,4,1
1456,XML100_1226_26,100,190.0,7147.0,3,1
1457,XML100_1226_27,100,213.0,4329.0,3,1
1458,XML100_1231_01,100,25.0,40110.0,31,1
1459,XML100_1231_02,100,36.0,18783.0,22,1
1460,XML100_1231_03,100,24.0,48351.0,32,1
1461,XML100_1231_04,100,36.0,24459.0,21,1
1462,XML100_1231_05,100,26.0,32767.0,29,1
1463,XML100_1231_06,100,37.0,25667.0,20,1
1464,XML100_1231_07,100,32.0,30043.0,25,1
1465,XML100_1231_08,100,27.0,34906.0,27,1
1466,XML100_1231_09,100,28.0,42369.0,27,1
1467,XML100_1231_10,100,36.0,25498.0,21,1
1468,XML100_1231_11,100,24.0,24076.0,30,1
1469,XML100_1231_12,100,38.0,28190.0,20,1
1470,XML100_1231_13,100,25.0,38629.0,31,1
1471,XML100_1231_14,100,32.0,25677.0,24,1
1472,XML100_1231_15,100,36.0,16077.0,21,1
1473,XML100_1231_16,100,33.0,18498.0,23,1
1474,XML100_1231_17,100,33.0,21958.0,24,1
1475,XML100_1231_18,100,26.0,19456.0,30,1
1476,XML100_1231_19,100,33.0,27440.0,23,1
1477,XML100_1231_20,100,26.0,39850.0,30,1
1478,XML100_1231_21,100,27.0,21592.0,29,1
1479,XML100_1231_22,100,37.0,25328.0,21,1
1480,XML100_1231_23,100,36.0,29166.0,21,1
1481,XML100_1231_24,100,29.0,41330.0,26,1
1482,XML100_1231_25,100,34.0,24885.0,23,1
1483,XML100_1231_26,100,28.0,23994.0,27,1
1484,XML100_1231_27,100,35.0,19072.0,22,1
1485,XML100_1232_01,100,58.0,14542.0,14,1
1486,XML100_1232_02,100,51.0,19318.0,16,1
1487,XML100_1232_03,100,41.0,16975.0,19,1
1488,XML100_1232_04,100,37.0,21085.0,20,1
1489,XML100_1232_05,100,61.0,19242.0,13,1
1490,XML100_1232_06,100,51.0,24943.0,15,1
1491,XML100_1232_07,100,42.0,18762.0,19,1
1492,XML100_1232_08,100,44.0,21888.0,18,1
1493,XML100_1232_09,100,44.0,20255.0,17,1
1494,XML100_1232_10,100,51.0,19609.0,15,1
1495,XML100_1232_11,100,40.0,18441.0,19,1
1496,XML100_1232_12,100,59.0,11206.0,13,1
1497,XML100_1232_13,100,40.0,21081.0,19,1
1498,XML100_1232_14,100,43.0,22293.0,18,1
1499,XML100_1232_15,100,54.0,20558.0,14,1
1500,XML100_1232_16,100,49.0,25442.0,16,1
1501,XML100_1232_17,100,49.0,20017.0,15,1
1502,XML100_1232_18,100,41.0,23374.0,19,1
1503,XML100_1232_19,100,46.0,15263.0,16,1
1504,XML100_1232_20,100,38.0,17499.0,19,1
1505,XML100_1232_21,100,51.0,20215.0,15,1
1506,XML100_1232_22,100,46.0,18369.0,17,1
1507,XML100_1232_23,100,52.0,20004.0,16,1
1508,XML100_1232_24,100,53.0,17162.0,14,1
1509,XML100_1232_25,100,46.0,22651.0,16,1
1510,XML100_1232_26,100,47.0,25987.0,16,1
1511,XML100_1232_27,100,42.0,19871.0,19,1
1512,XML100_1233_01,100,69.0,17408.0,11,1
1513,XML100_1233_02,100,78.0,10022.0,10,1
1514,XML100_1233_03,100,81.0,11217.0,10,1
1515,XML100_1233_04,100,66.0,14602.0,12,1
1516,XML100_1233_05,100,63.0,12768.0,13,1
1517,XML100_1233_06,100,83.0,7521.0,10,1
1518,XML100_1233_07,100,84.0,13436.0,9,1
1519,XML100_1233_08,100,66.0,20353.0,12,1
1520,XML100_1233_09,100,73.0,13816.0,11,1
1521,XML100_1233_10,100,83.0,11097.0,10,1
1522,XML100_1233_11,100,82.0,5154.0,10,1
1523,XML100_1233_12,100,65.0,18439.0,12,1
1524,XML100_1233_13,100,87.0,15473.0,9,1
1525,XML100_1233_14,100,68.0,17956.0,12,1
1526,XML100_1233_15,100,76.0,11261.0,10,1
1527,XML100_1233_16,100,67.0,12417.0,12,1
1528,XML100_1233_17,100,76.0,9283.0,10,1
1529,XML100_1233_18,100,70.0,21211.0,11,1
1530,XML100_1233_19,100,67.0,13647.0,12,1
1531,XML100_1233_20,100,66.0,15368.0,12,1
1532,XML100_1233_21,100,81.0,13103.0,10,1
1533,XML100_1233_22,100,63.0,15622.0,12,1
1534,XML100_1233_23,100,88.0,14243.0,9,1
1535,XML100_1233_24,100,64.0,10543.0,12,1
1536,XML100_1233_25,100,74.0,19405.0,11,1
1537,XML100_1233_26,100,83.0,12405.0,10,1
1538,XML100_1233_27,100,72.0,7747.0,11,1
1539,XML100_1234_01,100,103.0,13529.0,8,1
1540,XML100_1234_02,100,102.0,16612.0,8,1
1541,XML100_1234_03,100,117.0,9225.0,7,1
1542,XML100_1234_04,100,108.0,15141.0,7,1
1543,XML100_1234_05,100,113.0,10010.0,7,1
1544,XML100_1234_06,100,101.0,13179.0,8,1
1545,XML100_1234_07,100,101.0,15230.0,8,1
1546,XML100_1234_08,100,93.0,12151.0,9,1
1547,XML100_1234_09,100,108.0,12078.0,7,1
1548,XML100_1234_10,100,107.0,10768.0,8,1
1549,XML100_1234_11,100,107.0,13482.0,7,1
1550,XML100_1234_12,100,96.0,12457.0,8,1
1551,XML100_1234_13,100,90.0,10778.0,9,1
1552,XML100_1234_14,100,108.0,10158.0,8,1
1553,XML100_1234_15,100,113.0,9713.0,7,1
1554,XML100_1234_16,100,93.0,10928.0,9,1
1555,XML100_1234_17,100,110.0,10642.0,7,1
1556,XML100_1234_18,100,101.0,13159.0,8,1
1557,XML100_1234_19,100,91.0,12576.0,9,1
1558,XML100_1234_20,100,109.0,8670.0,7,1
1559,XML100_1234_21,100,97.0,11618.0,8,1
1560,XML100_1234_22,100,107.0,12648.0,7,1
1561,XML100_1234_23,100,102.0,11459.0,8,1
1562,XML100_1234_24,100,120.0,7741.0,7,1
1563,XML100_1234_25,100,115.0,12129.0,7,1
1564,XML100_1234_26,100,110.0,9826.0,7,1
1565,XML100_1234_27,100,112.0,3774.0,7,1
1566,XML100_1235_01,100,137.0,10481.0,6,1
1567,XML100_1235_02,100,154.0,8682.0,5,1
1568,XML100_1235_03,100,146.0,9824.0,6,1
1569,XML100_1235_04,100,154.0,8954.0,5,1
1570,XML100_1235_05,100,129.0,8498.0,6,1
1571,XML100_1235_06,100,173.0,8498.0,5,1
1572,XML100_1235_07,100,179.0,8642.0,5,1
1573,XML100_1235_08,100,136.0,9820.0,6,1
1574,XML100_1235_09,100,128.0,8191.0,6,1
1575,XML100_1235_10,100,167.0,5838.0,5,1
1576,XML100_1235_11,100,149.0,7584.0,5,1
1577,XML100_1235_12,100,174.0,7934.0,5,1
1578,XML100_1235_13,100,170.0,7010.0,5,1
1579,XML100_1235_14,100,118.0,10370.0,7,1
1580,XML100_1235_15,100,173.0,6577.0,5,1
1581,XML100_1235_16,100,139.0,6496.0,6,1
1582,XML100_1235_17,100,176.0,7393.0,5,1
1583,XML100_1235_18,100,148.0,10662.0,6,1
1584,XML100_1235_19,100,183.0,7609.0,5,1
1585,XML100_1235_20,100,129.0,8955.0,6,1
1586,XML100_1235_21,100,163.0,11110.0,5,1
1587,XML100_1235_22,100,127.0,9375.0,7,1
1588,XML100_1235_23,100,180.0,9864.0,5,1
1589,XML100_1235_24,100,170.0,4913.0,5,1
1590,XML100_1235_25,100,132.0,8787.0,6,1
1591,XML100_1235_26,100,135.0,6535.0,6,1
1592,XML100_1235_27,100,162.0,7997.0,5,1
1593,XML100_1236_01,100,345.0,7220.0,3,1
1594,XML100_1236_02,100,195.0,6922.0,4,1
1595,XML100_1236_03,100,291.0,5911.0,3,1
1596,XML100_1236_04,100,278.0,6195.0,3,1
1597,XML100_1236_05,100,271.0,6896.0,3,1
1598,XML100_1236_06,100,362.0,6289.0,3,1
1599,XML100_1236_07,100,287.0,5161.0,3,1
1600,XML100_1236_08,100,340.0,5413.0,3,1
1601,XML100_1236_09,100,247.0,7409.0,4,1
1602,XML100_1236_10,100,193.0,8353.0,4,1
1603,XML100_1236_11,100,339.0,5724.0,3,1
1604,XML100_1236_12,100,281.0,5166.0,3,1
1605,XML100_1236_13,100,270.0,7521.0,3,1
1606,XML100_1236_14,100,210.0,8910.0,4,1
1607,XML100_1236_15,100,304.0,5172.0,3,1
1608,XML100_1236_16,100,272.0,7452.0,3,1
1609,XML100_1236_17,100,302.0,5878.0,3,1
1610,XML100_1236_18,100,291.0,6825.0,3,1
1611,XML100_1236_19,100,342.0,7134.0,3,1
1612,XML100_1236_20,100,203.0,7413.0,4,1
1613,XML100_1236_21,100,234.0,5297.0,4,1
1614,XML100_1236_22,100,318.0,6587.0,3,1
1615,XML100_1236_23,100,217.0,6679.0,4,1
1616,XML100_1236_24,100,319.0,6676.0,3,1
1617,XML100_1236_25,100,204.0,8036.0,4,1
1618,XML100_1236_26,100,238.0,6341.0,4,1
1619,XML100_1236_27,100,236.0,7931.0,4,1
1620,XML100_1241_01,100,211.0,25706.0,24,1
1621,XML100_1241_02,100,180.0,31525.0,28,1
1622,XML100_1241_03,100,163.0,27453.0,32,1
1623,XML100_1241_04,100,150.0,27021.0,34,1
1624,XML100_1241_05,100,239.0,16536.0,23,1
1625,XML100_1241_06,100,177.0,27762.0,32,1
1626,XML100_1241_07,100,204.0,39930.0,27,1
1627,XML100_1241_08,100,226.0,25993.0,22,1
1628,XML100_1241_09,100,225.0,34754.0,25,1
1629,XML100_1241_10,100,181.0,26836.0,29,1
1630,XML100_1241_11,100,184.0,26327.0,29,1
1631,XML100_1241_12,100,213.0,23079.0,24,1
1632,XML100_1241_13,100,208.0,30319.0,24,1
1633,XML100_1241_14,100,208.0,26687.0,27,1
1634,XML100_1241_15,100,184.0,27386.0,30,1
1635,XML100_1241_16,100,207.0,41447.0,26,1
1636,XML100_1241_17,100,171.0,25694.0,29,1
1637,XML100_1241_18,100,245.0,23346.0,22,1
1638,XML100_1241_19,100,220.0,39138.0,22,1
1639,XML100_1241_20,100,178.0,21500.0,29,1
1640,XML100_1241_21,100,185.0,25863.0,27,1
1641,XML100_1241_22,100,195.0,37299.0,27,1
1642,XML100_1241_23,100,240.0,39316.0,21,1
1643,XML100_1241_24,100,228.0,41792.0,22,1
1644,XML100_1241_25,100,198.0,30566.0,26,1
1645,XML100_1241_26,100,182.0,22507.0,29,1
1646,XML100_1241_27,100,165.0,33840.0,29,1
1647,XML100_1242_01,100,328.0,16271.0,16,1
1648,XML100_1242_02,100,297.0,23387.0,16,1
1649,XML100_1242_03,100,324.0,24724.0,17,1
1650,XML100_1242_04,100,317.0,32125.0,18,1
1651,XML100_1242_05,100,302.0,12877.0,17,1
1652,XML100_1242_06,100,378.0,17077.0,14,1
1653,XML100_1242_07,100,385.0,25527.0,13,1
1654,XML100_1242_08,100,299.0,17895.0,19,1
1655,XML100_1242_09,100,379.0,13119.0,14,1
1656,XML100_1242_10,100,319.0,14658.0,16,1
1657,XML100_1242_11,100,328.0,23874.0,16,1
1658,XML100_1242_12,100,350.0,17351.0,14,1
1659,XML100_1242_13,100,293.0,18731.0,18,1
1660,XML100_1242_14,100,358.0,19511.0,14,1
1661,XML100_1242_15,100,281.0,22884.0,18,1
1662,XML100_1242_16,100,274.0,29714.0,20,1
1663,XML100_1242_17,100,361.0,26727.0,14,1
1664,XML100_1242_18,100,260.0,25661.0,20,1
1665,XML100_1242_19,100,425.0,18255.0,14,1
1666,XML100_1242_20,100,275.0,27316.0,18,1
1667,XML100_1242_21,100,348.0,15025.0,16,1
1668,XML100_1242_22,100,367.0,24112.0,14,1
1669,XML100_1242_23,100,313.0,19107.0,17,1
1670,XML100_1242_24,100,290.0,15353.0,18,1
1671,XML100_1242_25,100,282.0,27076.0,18,1
1672,XML100_1242_26,100,258.0,11926.0,17,1
1673,XML100_1242_27,100,292.0,15027.0,17,1
1674,XML100_1243_01,100,410.0,15644.0,12,1
1675,XML100_1243_02,100,405.0,15847.0,13,1
1676,XML100_1243_03,100,490.0,10859.0,11,1
1677,XML100_1243_04,100,540.0,14302.0,10,1
1678,XML100_1243_05,100,545.0,11219.0,10,1
1679,XML100_1243_06,100,469.0,10534.0,12,1
1680,XML100_1243_07,100,613.0,13304.0,9,1
1681,XML100_1243_08,100,568.0,11638.0,9,1
1682,XML100_1243_09,100,460.0,18857.0,13,1
1683,XML100_1243_10,100,512.0,11432.0,10,1
1684,XML100_1243_11,100,573.0,13076.0,10,1
1685,XML100_1243_12,100,404.0,15147.0,13,1
1686,XML100_1243_13,100,432.0,14824.0,13,1
1687,XML100_1243_14,100,432.0,16812.0,12,1
1688,XML100_1243_15,100,622.0,13839.0,9,1
1689,XML100_1243_16,100,476.0,18533.0,11,1
1690,XML100_1243_17,100,551.0,8564.0,10,1
1691,XML100_1243_18,100,517.0,10712.0,10,1
1692,XML100_1243_19,100,396.0,8211.0,12,1
1693,XML100_1243_20,100,410.0,18046.0,12,1
1694,XML100_1243_21,100,559.0,12512.0,10,1
1695,XML100_1243_22,100,401.0,17012.0,12,1
1696,XML100_1243_23,100,505.0,11004.0,11,1
1697,XML100_1243_24,100,570.0,15947.0,10,1
1698,XML100_1243_25,100,466.0,14681.0,11,1
1699,XML100_1243_26,100,522.0,16336.0,11,1
1700,XML100_1243_27,100,503.0,16119.0,11,1
1701,XML100_1244_01,100,729.0,13929.0,8,1
1702,XML100_1244_02,100,684.0,10497.0,7,1
1703,XML100_1244_03,100,624.0,17015.0,8,1
1704,XML100_1244_04,100,784.0,8609.0,7,1
1705,XML100_1244_05,100,646.0,11704.0,8,1
1706,XML100_1244_06,100,651.0,11889.0,9,1
1707,XML100_1244_07,100,683.0,12352.0,8,1
1708,XML100_1244_08,100,810.0,12069.0,7,1
1709,XML100_1244_09,100,781.0,9091.0,7,1
1710,XML100_1244_10,100,676.0,12020.0,8,1
1711,XML100_1244_11,100,732.0,11031.0,8,1
1712,XML100_1244_12,100,686.0,13509.0,8,1
1713,XML100_1244_13,100,823.0,8628.0,7,1
1714,XML100_1244_14,100,647.0,12544.0,8,1
1715,XML100_1244_15,100,625.0,10610.0,9,1
1716,XML100_1244_16,100,656.0,13853.0,8,1
1717,XML100_1244_17,100,744.0,7031.0,8,1
1718,XML100_1244_18,100,767.0,9264.0,7,1
1719,XML100_1244_19,100,736.0,11730.0,7,1
1720,XML100_1244_20,100,659.0,9185.0,8,1
1721,XML100_1244_21,100,762.0,13173.0,8,1
1722,XML100_1244_22,100,589.0,13083.0,8,1
1723,XML100_1244_23,100,773.0,7783.0,8,1
1724,XML100_1244_24,100,714.0,15035.0,9,1
1725,XML100_1244_25,100,667.0,11592.0,8,1
1726,XML100_1244_26,100,894.0,8727.0,7,1
1727,XML100_1244_27,100,708.0,14034.0,8,1
1728,XML100_1245_01,100,1274.0,6708.0,5,1
1729,XML100_1245_02,100,902.0,8554.0,6,1
1730,XML100_1245_03,100,889.0,12795.0,6,1
1731,XML100_1245_04,100,1157.0,7151.0,5,1
1732,XML100_1245_05,100,1055.0,8245.0,5,1
1733,XML100_1245_06,100,1031.0,6931.0,6,1
1734,XML100_1245_07,100,1191.0,8590.0,5,1
1735,XML100_1245_08,100,1205.0,7089.0,5,1
1736,XML100_1245_09,100,1079.0,7980.0,5,1
1737,XML100_1245_10,100,1064.0,8703.0,6,1
1738,XML100_1245_11,100,1046.0,7348.0,5,1
1739,XML100_1245_12,100,1120.0,10481.0,5,1
1740,XML100_1245_13,100,866.0,6932.0,6,1
1741,XML100_1245_14,100,1354.0,8379.0,5,1
1742,XML100_1245_15,100,930.0,13038.0,6,1
1743,XML100_1245_16,100,1094.0,5876.0,5,1
1744,XML100_1245_17,100,857.0,9578.0,6,1
1745,XML100_1245_18,100,1000.0,11249.0,6,1
1746,XML100_1245_19,100,1025.0,7621.0,5,1
1747,XML100_1245_20,100,1239.0,7441.0,5,1
1748,XML100_1245_21,100,866.0,7659.0,6,1
1749,XML100_1245_22,100,796.0,7671.0,7,1
1750,XML100_1245_23,100,1040.0,6536.0,6,1
1751,XML100_1245_24,100,1428.0,9000.0,5,1
1752,XML100_1245_25,100,1026.0,6690.0,5,1
1753,XML100_1245_26,100,866.0,9612.0,6,1
1754,XML100_1245_27,100,1108.0,5817.0,5,1
1755,XML100_1246_01,100,2387.0,5458.0,3,1
1756,XML100_1246_02,100,2277.0,7162.0,3,1
1757,XML100_1246_03,100,2319.0,4537.0,3,1
1758,XML100_1246_04,100,1533.0,8953.0,4,1
1759,XML100_1246_05,100,2214.0,6486.0,3,1
1760,XML100_1246_06,100,1928.0,4898.0,3,1
1761,XML100_1246_07,100,2294.0,7489.0,3,1
1762,XML100_1246_08,100,1911.0,7110.0,3,1
1763,XML100_1246_09,100,1358.0,7273.0,4,1
1764,XML100_1246_10,100,1475.0,5821.0,4,1
1765,XML100_1246_11,100,1869.0,6268.0,3,1
1766,XML100_1246_12,100,2384.0,5297.0,3,1
1767,XML100_1246_13,100,1813.0,5626.0,3,1
1768,XML100_1246_14,100,2133.0,6104.0,3,1
1769,XML100_1246_15,100,2088.0,6482.0,3,1
1770,XML100_1246_16,100,2371.0,5439.0,3,1
1771,XML100_1246_17,100,1565.0,7005.0,3,1
1772,XML100_1246_18,100,2170.0,7433.0,3,1
1773,XML100_1246_19,100,2179.0,5738.0,3,1
1774,XML100_1246_20,100,1474.0,6384.0,4,1
1775,XML100_1246_21,100,1300.0,7705.0,4,1
1776,XML100_1246_22,100,1997.0,6388.0,3,1
1777,XML100_1246_23,100,1443.0,8553.0,4,1
1778,XML100_1246_24,100,2082.0,7109.0,3,1
1779,XML100_1246_25,100,1664.0,5301.0,4,1
1780,XML100_1246_26,100,2660.0,6272.0,3,1
1781,XML100_1246_27,100,1439.0,6693.0,4,1
1782,XML100_1251_01,100,375.0,25590.0,21,1
1783,XML100_1251_02,100,352.0,25055.0,22,1
1784,XML100_1251_03,100,250.0,37595.0,31,1
1785,XML100_1251_04,100,245.0,39349.0,31,1
1786,XML100_1251_05,100,244.0,44365.0,31,1
1787,XML100_1251_06,100,256.0,36438.0,30,1
1788,XML100_1251_07,100,328.0,34466.0,23,1
1789,XML100_1251_08,100,353.0,32294.0,21,1
1790,XML100_1251_09,100,273.0,32767.0,28,1
1791,XML100_1251_10,100,287.0,33394.0,27,1
1792,XML100_1251_11,100,254.0,46670.0,31,1
1793,XML100_1251_12,100,250.0,48146.0,30,1
1794,XML100_1251_13,100,247.0,42458.0,32,1
1795,XML100_1251_14,100,365.0,24573.0,21,1
1796,XML100_1251_15,100,238.0,47940.0,32,1
1797,XML100_1251_16,100,316.0,36111.0,24,1
1798,XML100_1251_17,100,246.0,38923.0,31,1
1799,XML100_1251_18,100,246.0,31469.0,33,1
1800,XML100_1251_19,100,265.0,33088.0,29,1
1801,XML100_1251_20,100,321.0,24288.0,24,1
1802,XML100_1251_21,100,265.0,29479.0,29,1
1803,XML100_1251_22,100,340.0,26591.0,22,1
1804,XML100_1251_23,100,314.0,25938.0,25,1
1805,XML100_1251_24,100,373.0,26193.0,21,1
1806,XML100_1251_25,100,327.0,27976.0,24,1
1807,XML100_1251_26,100,339.0,28023.0,23,1
1808,XML100_1251_27,100,368.0,30263.0,21,1
1809,XML100_1252_01,100,533.0,13055.0,15,1
1810,XML100_1252_02,100,564.0,14555.0,14,1
1811,XML100_1252_03,100,451.0,15052.0,17,1
1812,XML100_1252_04,100,470.0,14713.0,17,1
1813,XML100_1252_05,100,526.0,15243.0,14,1
1814,XML100_1252_06,100,522.0,15420.0,16,1
1815,XML100_1252_07,100,552.0,23011.0,14,1
1816,XML100_1252_08,100,581.0,13239.0,14,1
1817,XML100_1252_09,100,614.0,15535.0,13,1
1818,XML100_1252_10,100,407.0,21937.0,19,1
1819,XML100_1252_11,100,538.0,11482.0,15,1
1820,XML100_1252_12,100,478.0,14789.0,16,1
1821,XML100_1252_13,100,467.0,15330.0,17,1
1822,XML100_1252_14,100,385.0,26314.0,21,1
1823,XML100_1252_15,100,384.0,27583.0,20,1
1824,XML100_1252_16,100,492.0,23744.0,15,1
1825,XML100_1252_17,100,538.0,13648.0,15,1
1826,XML100_1252_18,100,499.0,13767.0,16,1
1827,XML100_1252_19,100,511.0,10790.0,15,1
1828,XML100_1252_20,100,423.0,22918.0,19,1
1829,XML100_1252_21,100,599.0,14736.0,13,1
1830,XML100_1252_22,100,568.0,20655.0,14,1
1831,XML100_1252_23,100,582.0,15950.0,13,1
1832,XML100_1252_24,100,436.0,18778.0,18,1
1833,XML100_1252_25,100,448.0,28689.0,17,1
1834,XML100_1252_26,100,576.0,17308.0,14,1
1835,XML100_1252_27,100,579.0,10200.0,14,1
1836,XML100_1253_01,100,595.0,15773.0,13,1
1837,XML100_1253_02,100,644.0,13372.0,13,1
1838,XML100_1253_03,100,813.0,7703.0,10,1
1839,XML100_1253_04,100,863.0,10948.0,9,1
1840,XML100_1253_05,100,631.0,10310.0,12,1
1841,XML100_1253_06,100,873.0,16878.0,9,1
1842,XML100_1253_07,100,677.0,13512.0,12,1
1843,XML100_1253_08,100,806.0,12317.0,10,1
1844,XML100_1253_09,100,774.0,15106.0,10,1
1845,XML100_1253_10,100,723.0,8385.0,11,1
1846,XML100_1253_11,100,897.0,15978.0,9,1
1847,XML100_1253_12,100,740.0,11980.0,11,1
1848,XML100_1253_13,100,734.0,17681.0,11,1
1849,XML100_1253_14,100,823.0,9861.0,10,1
1850,XML100_1253_15,100,839.0,16763.0,9,1
1851,XML100_1253_16,100,807.0,11971.0,10,1
1852,XML100_1253_17,100,714.0,17334.0,11,1
1853,XML100_1253_18,100,662.0,12151.0,12,1
1854,XML100_1253_19,100,804.0,12820.0,10,1
1855,XML100_1253_20,100,735.0,15878.0,11,1
1856,XML100_1253_21,100,790.0,11786.0,10,1
1857,XML100_1253_22,100,824.0,12190.0,10,1
1858,XML100_1253_23,100,840.0,10508.0,9,1
1859,XML100_1253_24,100,821.0,9790.0,9,1
1860,XML100_1253_25,100,763.0,15170.0,11,1
1861,XML100_1253_26,100,760.0,9610.0,10,1
1862,XML100_1253_27,100,889.0,15120.0,9,1
1863,XML100_1254_01,100,989.0,7602.0,8,1
1864,XML100_1254_02,100,951.0,11049.0,9,1
1865,XML100_1254_03,100,903.0,10725.0,9,1
1866,XML100_1254_04,100,1129.0,9868.0,7,1
1867,XML100_1254_05,100,1126.0,10289.0,7,1
1868,XML100_1254_06,100,1107.0,9905.0,7,1
1869,XML100_1254_07,100,989.0,10404.0,8,1
1870,XML100_1254_08,100,1139.0,12317.0,7,1
1871,XML100_1254_09,100,972.0,12000.0,8,1
1872,XML100_1254_10,100,1118.0,8277.0,7,1
1873,XML100_1254_11,100,1149.0,10880.0,7,1
1874,XML100_1254_12,100,979.0,11236.0,8,1
1875,XML100_1254_13,100,997.0,14536.0,8,1
1876,XML100_1254_14,100,1146.0,8947.0,7,1
1877,XML100_1254_15,100,913.0,9426.0,9,1
1878,XML100_1254_16,100,1094.0,8748.0,7,1
1879,XML100_1254_17,100,1077.0,10281.0,8,1
1880,XML100_1254_18,100,1228.0,9237.0,7,1
1881,XML100_1254_19,100,1196.0,9630.0,7,1
1882,XML100_1254_20,100,1025.0,9550.0,8,1
1883,XML100_1254_21,100,1006.0,12018.0,8,1
1884,XML100_1254_22,100,947.0,10729.0,9,1
1885,XML100_1254_23,100,1064.0,7737.0,8,1
1886,XML100_1254_24,100,1042.0,11616.0,8,1
1887,XML100_1254_25,100,1050.0,9761.0,8,1
1888,XML100_1254_26,100,1150.0,8749.0,7,1
1889,XML100_1254_27,100,1216.0,9964.0,7,1
1890,XML100_1255_01,100,1775.0,9128.0,5,1
1891,XML100_1255_02,100,1386.0,8925.0,6,1
1892,XML100_1255_03,100,1855.0,6788.0,5,1
1893,XML100_1255_04,100,1600.0,7568.0,5,1
1894,XML100_1255_05,100,1519.0,10435.0,5,1
1895,XML100_1255_06,100,1351.0,9813.0,6,1
1896,XML100_1255_07,100,1424.0,8341.0,6,1
1897,XML100_1255_08,100,1660.0,7344.0,5,1
1898,XML100_1255_09,100,1337.0,6776.0,6,1
1899,XML100_1255_10,100,1288.0,6533.0,6,1
1900,XML100_1255_11,100,1288.0,7778.0,6,1
1901,XML100_1255_12,100,1525.0,7994.0,5,1
1902,XML100_1255_13,100,1318.0,11212.0,6,1
1903,XML100_1255_14,100,1304.0,11181.0,6,1
1904,XML100_1255_15,100,1653.0,7760.0,5,1
1905,XML100_1255_16,100,1832.0,7411.0,5,1
1906,XML100_1255_17,100,1579.0,4138.0,5,1
1907,XML100_1255_18,100,1604.0,7534.0,5,1
1908,XML100_1255_19,100,1609.0,7043.0,5,1
1909,XML100_1255_20,100,1845.0,7801.0,5,1
1910,XML100_1255_21,100,1572.0,9286.0,5,1
1911,XML100_1255_22,100,1548.0,10538.0,5,1
1912,XML100_1255_23,100,1282.0,11163.0,6,1
1913,XML100_1255_24,100,1403.0,7332.0,6,1
1914,XML100_1255_25,100,1451.0,7914.0,6,1
1915,XML100_1255_26,100,1853.0,7280.0,5,1
1916,XML100_1255_27,100,1826.0,6743.0,5,1
1917,XML100_1256_01,100,2206.0,4012.0,4,1
1918,XML100_1256_02,100,3574.0,6788.0,3,1
1919,XML100_1256_03,100,3548.0,6515.0,3,1
1920,XML100_1256_04,100,1892.0,7744.0,4,1
1921,XML100_1256_05,100,1918.0,5509.0,4,1
1922,XML100_1256_06,100,3218.0,6543.0,3,1
1923,XML100_1256_07,100,3239.0,6423.0,3,1
1924,XML100_1256_08,100,2029.0,4775.0,4,1
1925,XML100_1256_09,100,3075.0,6079.0,3,1
1926,XML100_1256_10,100,3549.0,8271.0,3,1
1927,XML100_1256_11,100,3569.0,5653.0,3,1
1928,XML100_1256_12,100,3129.0,7838.0,3,1
1929,XML100_1256_13,100,3412.0,6669.0,3,1
1930,XML100_1256_14,100,1876.0,8165.0,4,1
1931,XML100_1256_15,100,3070.0,6682.0,3,1
1932,XML100_1256_16,100,2456.0,5424.0,3,1
1933,XML100_1256_17,100,3250.0,7337.0,3,1
1934,XML100_1256_18,100,2732.0,5755.0,3,1
1935,XML100_1256_19,100,2963.0,6019.0,3,1
1936,XML100_1256_20,100,3582.0,6378.0,3,1
1937,XML100_1256_21,100,3725.0,6172.0,3,1
1938,XML100_1256_22,100,3181.0,5512.0,3,1
1939,XML100_1256_23,100,2409.0,7134.0,4,1
1940,XML100_1256_24,100,1946.0,7988.0,4,1
1941,XML100_1256_25,100,3442.0,6893.0,3,1
1942,XML100_1256_26,100,2030.0,7655.0,4,1
1943,XML100_1256_27,100,2363.0,7683.0,4,1
1944,XML100_1261_01,100,158.0,22159.0,31,1
1945,XML100_1261_02,100,183.0,24376.0,33,1
1946,XML100_1261_03,100,162.0,36100.0,25,1
1947,XML100_1261_04,100,196.0,26935.0,28,1
1948,XML100_1261_05,100,168.0,38192.0,33,1
1949,XML100_1261_06,100,280.0,31193.0,22,1
1950,XML100_1261_07,100,335.0,21667.0,23,1
1951,XML100_1261_08,100,230.0,31365.0,28,1
1952,XML100_1261_09,100,206.0,17114.0,25,1
1953,XML100_1261_10,100,138.0,43264.0,28,1
1954,XML100_1261_11,100,176.0,35583.0,32,1
1955,XML100_1261_12,100,281.0,28407.0,21,1
1956,XML100_1261_13,100,164.0,33377.0,29,1
1957,XML100_1261_14,100,163.0,36367.0,30,1
1958,XML100_1261_15,100,184.0,19040.0,26,1
1959,XML100_1261_16,100,226.0,31323.0,27,1
1960,XML100_1261_17,100,157.0,39345.0,33,1
1961,XML100_1261_18,100,171.0,34652.0,33,1
1962,XML100_1261_19,100,203.0,22255.0,32,1
1963,XML100_1261_20,100,122.0,23492.0,23,1
1964,XML100_1261_21,100,162.0,28525.0,28,1
1965,XML100_1261_22,100,273.0,18854.0,21,1
1966,XML100_1261_23,100,158.0,22485.0,37,1
1967,XML100_1261_24,100,170.0,44288.0,34,1
1968,XML100_1261_25,100,194.0,48276.0,31,1
1969,XML100_1261_26,100,196.0,49138.0,30,1
1970,XML100_1261_27,100,227.0,27392.0,32,1
1971,XML100_1262_01,100,405.0,13937.0,19,1
1972,XML100_1262_02,100,178.0,18596.0,20,1
1973,XML100_1262_03,100,395.0,18018.0,15,1
1974,XML100_1262_04,100,296.0,23940.0,20,1
1975,XML100_1262_05,100,188.0,34013.0,20,1
1976,XML100_1262_06,100,171.0,13875.0,16,1
1977,XML100_1262_07,100,343.0,32136.0,17,1
1978,XML100_1262_08,100,308.0,18350.0,13,1
1979,XML100_1262_09,100,260.0,9135.0,17,1
1980,XML100_1262_10,100,334.0,33819.0,16,1
1981,XML100_1262_11,100,313.0,21115.0,14,1
1982,XML100_1262_12,100,298.0,18954.0,14,1
1983,XML100_1262_13,100,387.0,18306.0,16,1
1984,XML100_1262_14,100,280.0,16310.0,17,1
1985,XML100_1262_15,100,409.0,24295.0,15,1
1986,XML100_1262_16,100,278.0,20817.0,16,1
1987,XML100_1262_17,100,296.0,25692.0,19,1
1988,XML100_1262_18,100,334.0,22337.0,18,1
1989,XML100_1262_19,100,288.0,11656.0,20,1
1990,XML100_1262_20,100,298.0,19439.0,17,1
1991,XML100_1262_21,100,260.0,16343.0,17,1
1992,XML100_1262_22,100,232.0,19342.0,18,1
1993,XML100_1262_23,100,399.0,19018.0,15,1
1994,XML100_1262_24,100,264.0,14442.0,16,1
1995,XML100_1262_25,100,328.0,20684.0,15,1
1996,XML100_1262_26,100,232.0,18879.0,18,1
1997,XML100_1262_27,100,318.0,26208.0,19,1
1998,XML100_1263_01,100,371.0,7919.0,12,1
1999,XML100_1263_02,100,460.0,11343.0,9,1
2000,XML100_1263_03,100,632.0,16318.0,11,1
2001,XML100_1263_04,100,511.0,11664.0,11,1
2002,XML100_1263_05,100,910.0,11317.0,9,1
2003,XML100_1263_06,100,693.0,13718.0,9,1
2004,XML100_1263_07,100,285.0,15394.0,13,1
2005,XML100_1263_08,100,311.0,16657.0,13,1
2006,XML100_1263_09,100,486.0,12761.0,10,1
2007,XML100_1263_10,100,630.0,16044.0,10,1
2008,XML100_1263_11,100,352.0,12657.0,9,1
2009,XML100_1263_12,100,282.0,9500.0,11,1
2010,XML100_1263_13,100,824.0,6221.0,9,1
2011,XML100_1263_14,100,471.0,18613.0,11,1
2012,XML100_1263_15,100,443.0,13997.0,13,1
2013,XML100_1263_16,100,417.0,19723.0,11,1
2014,XML100_1263_17,100,493.0,15527.0,10,1
2015,XML100_1263_18,100,466.0,20563.0,11,1
2016,XML100_1263_19,100,549.0,12403.0,11,1
2017,XML100_1263_20,100,399.0,13380.0,13,1
2018,XML100_1263_21,100,624.0,15328.0,9,1
2019,XML100_1263_22,100,385.0,16170.0,12,1
2020,XML100_1263_23,100,648.0,12170.0,9,1
2021,XML100_1263_24,100,466.0,20349.0,11,1
2022,XML100_1263_25,100,511.0,13821.0,9,1
2023,XML100_1263_26,100,470.0,12473.0,10,1
2024,XML100_1263_27,100,590.0,11946.0,10,1
2025,XML100_1264_01,100,996.0,11119.0,8,1
2026,XML100_1264_02,100,773.0,8407.0,8,1
2027,XML100_1264_03,100,792.0,13381.0,8,1
2028,XML100_1264_04,100,608.0,9400.0,8,1
2029,XML100_1264_05,100,906.0,8511.0,8,1
2030,XML100_1264_06,100,788.0,14270.0,8,1
2031,XML100_1264_07,100,421.0,10586.0,7,1
2032,XML100_1264_08,100,660.0,8302.0,7,1
2033,XML100_1264_09,100,1001.0,12789.0,8,1
2034,XML100_1264_10,100,855.0,12624.0,7,1
2035,XML100_1264_11,100,670.0,12410.0,9,1
2036,XML100_1264_12,100,477.0,8558.0,8,1
2037,XML100_1264_13,100,887.0,12947.0,8,1
2038,XML100_1264_14,100,830.0,8226.0,7,1
2039,XML100_1264_15,100,883.0,10314.0,8,1
2040,XML100_1264_16,100,655.0,11243.0,7,1
2041,XML100_1264_17,100,578.0,12015.0,7,1
2042,XML100_1264_18,100,560.0,10895.0,7,1
2043,XML100_1264_19,100,735.0,9262.0,7,1
2044,XML100_1264_20,100,780.0,11742.0,8,1
2045,XML100_1264_21,100,633.0,9238.0,7,1
2046,XML100_1264_22,100,686.0,10292.0,8,1
2047,XML100_1264_23,100,686.0,7198.0,8,1
2048,XML100_1264_24,100,635.0,9113.0,9,1
2049,XML100_1264_25,100,988.0,7942.0,7,1
2050,XML100_1264_26,100,724.0,12414.0,8,1
2051,XML100_1264_27,100,839.0,10475.0,8,1
2052,XML100_1265_01,100,1317.0,10151.0,5,1
2053,XML100_1265_02,100,1207.0,9186.0,6,1
2054,XML100_1265_03,100,1299.0,6000.0,5,1
2055,XML100_1265_04,100,884.0,8929.0,5,1
2056,XML100_1265_05,100,1066.0,7732.0,5,1
2057,XML100_1265_06,100,1783.0,8182.0,5,1
2058,XML100_1265_07,100,927.0,8818.0,5,1
2059,XML100_1265_08,100,1378.0,6824.0,5,1
2060,XML100_1265_09,100,941.0,11454.0,6,1
2061,XML100_1265_10,100,1059.0,7159.0,5,1
2062,XML100_1265_11,100,915.0,9169.0,6,1
2063,XML100_1265_12,100,1031.0,8860.0,5,1
2064,XML100_1265_13,100,1097.0,7746.0,6,1
2065,XML100_1265_14,100,990.0,8533.0,6,1
2066,XML100_1265_15,100,550.0,8129.0,6,1
2067,XML100_1265_16,100,1128.0,9599.0,5,1
2068,XML100_1265_17,100,623.0,7388.0,5,1
2069,XML100_1265_18,100,1679.0,6304.0,5,1
2070,XML100_1265_19,100,1338.0,9203.0,5,1
2071,XML100_1265_20,100,1266.0,6015.0,5,1
2072,XML100_1265_21,100,1255.0,8846.0,5,1
2073,XML100_1265_22,100,1004.0,8177.0,6,1
2074,XML100_1265_23,100,1047.0,8884.0,6,1
2075,XML100_1265_24,100,1066.0,5339.0,7,1
2076,XML100_1265_25,100,1012.0,7378.0,5,1
2077,XML100_1265_26,100,1133.0,8611.0,6,1
2078,XML100_1265_27,100,1194.0,9445.0,5,1
2079,XML100_1266_01,100,1902.0,4633.0,3,1
2080,XML100_1266_02,100,2275.0,6177.0,3,1
2081,XML100_1266_03,100,815.0,8365.0,4,1
2082,XML100_1266_04,100,1519.0,6924.0,3,1
2083,XML100_1266_05,100,1697.0,5423.0,3,1
2084,XML100_1266_06,100,1055.0,6055.0,3,1
2085,XML100_1266_07,100,2503.0,6182.0,3,1
2086,XML100_1266_08,100,2108.0,6349.0,4,1
2087,XML100_1266_09,100,2476.0,7022.0,3,1
2088,XML100_1266_10,100,2077.0,8304.0,3,1
2089,XML100_1266_11,100,2527.0,6742.0,3,1
2090,XML100_1266_12,100,2032.0,5742.0,4,1
2091,XML100_1266_13,100,2303.0,5964.0,3,1
2092,XML100_1266_14,100,1813.0,6465.0,3,1
2093,XML100_1266_15,100,1475.0,9773.0,4,1
2094,XML100_1266_16,100,1676.0,6466.0,3,1
2095,XML100_1266_17,100,1221.0,6689.0,4,1
2096,XML100_1266_18,100,2736.0,5132.0,3,1
2097,XML100_1266_19,100,2546.0,5869.0,3,1
2098,XML100_1266_20,100,1988.0,7055.0,3,1
2099,XML100_1266_21,100,1416.0,8154.0,3,1
2100,XML100_1266_22,100,2853.0,5022.0,3,1
2101,XML100_1266_23,100,2020.0,5984.0,3,1
2102,XML100_1266_24,100,2379.0,7944.0,3,1
2103,XML100_1266_25,100,1399.0,3807.0,4,1
2104,XML100_1266_26,100,1344.0,6280.0,3,1
2105,XML100_1266_27,100,2378.0,6618.0,3,1
2106,XML100_1271_01,100,125.0,30127.0,27,0
2107,XML100_1271_02,100,123.0,34677.0,25,1
2108,XML100_1271_03,100,123.0,39873.0,30,1
2109,XML100_1271_04,100,125.0,37056.0,31,1
2110,XML100_1271_05,100,121.0,24027.0,34,0
2111,XML100_1271_06,100,122.0,47431.0,29,0
2112,XML100_1271_07,100,116.0,30605.0,35,1
2113,XML100_1271_08,100,119.0,32741.0,36,1
2114,XML100_1271_09,100,114.0,44744.0,30,1
2115,XML100_1271_10,100,124.0,23317.0,27,1
2116,XML100_1271_11,100,122.0,27371.0,30,0
2117,XML100_1271_12,100,129.0,47450.0,28,0
2118,XML100_1271_13,100,127.0,16765.0,33,1
2119,XML100_1271_14,100,123.0,25355.0,22,1
2120,XML100_1271_15,100,120.0,58452.0,41,0
2121,XML100_1271_16,100,125.0,26323.0,32,0
2122,XML100_1271_17,100,120.0,27157.0,31,1
2123,XML100_1271_18,100,125.0,35568.0,22,1
2124,XML100_1271_19,100,133.0,23881.0,27,0
2125,XML100_1271_20,100,124.0,28000.0,24,1
2126,XML100_1271_21,100,124.0,25309.0,29,0
2127,XML100_1271_22,100,121.0,34805.0,32,1
2128,XML100_1271_23,100,125.0,33607.0,34,0
2129,XML100_1271_24,100,118.0,52743.0,33,1
2130,XML100_1271_25,100,127.0,25243.0,27,1
2131,XML100_1271_26,100,119.0,56242.0,36,1
2132,XML100_1271_27,100,121.0,35694.0,33,1
2133,XML100_1272_01,100,136.0,20515.0,15,1
2134,XML100_1272_02,100,131.0,16985.0,15,1
2135,XML100_1272_03,100,132.0,25067.0,22,1
2136,XML100_1272_04,100,144.0,22588.0,14,1
2137,XML100_1272_05,100,133.0,15756.0,15,1
2138,XML100_1272_06,100,133.0,21353.0,15,1
2139,XML100_1272_07,100,135.0,24968.0,17,1
2140,XML100_1272_08,100,141.0,25785.0,17,1
2141,XML100_1272_09,100,139.0,21686.0,16,1
2142,XML100_1272_10,100,126.0,23753.0,21,1
2143,XML100_1272_11,100,143.0,18209.0,18,1
2144,XML100_1272_12,100,130.0,15370.0,15,1
2145,XML100_1272_13,100,129.0,19867.0,21,1
2146,XML100_1272_14,100,129.0,14426.0,18,1
2147,XML100_1272_15,100,131.0,15515.0,15,1
2148,XML100_1272_16,100,136.0,16309.0,14,1
2149,XML100_1272_17,100,131.0,16851.0,16,1
2150,XML100_1272_18,100,141.0,12584.0,14,1
2151,XML100_1272_19,100,130.0,25538.0,19,1
2152,XML100_1272_20,100,125.0,22144.0,22,1
2153,XML100_1272_21,100,138.0,18055.0,15,1
2154,XML100_1272_22,100,134.0,13791.0,15,1
2155,XML100_1272_23,100,135.0,21674.0,18,1
2156,XML100_1272_24,100,135.0,20392.0,14,1
2157,XML100_1272_25,100,127.0,15038.0,14,1
2158,XML100_1272_26,100,134.0,19200.0,15,1
2159,XML100_1272_27,100,139.0,12935.0,14,1
2160,XML100_1273_01,100,150.0,12792.0,10,1
2161,XML100_1273_02,100,148.0,12114.0,10,1
2162,XML100_1273_03,100,150.0,10082.0,12,1
2163,XML100_1273_04,100,141.0,14509.0,10,1
2164,XML100_1273_05,100,158.0,13185.0,11,1
2165,XML100_1273_06,100,137.0,11757.0,12,1
2166,XML100_1273_07,100,149.0,19924.0,11,1
2167,XML100_1273_08,100,153.0,15166.0,10,1
2168,XML100_1273_09,100,159.0,20486.0,10,1
2169,XML100_1273_10,100,150.0,15549.0,9,1
2170,XML100_1273_11,100,151.0,9253.0,10,1
2171,XML100_1273_12,100,149.0,10109.0,9,1
2172,XML100_1273_13,100,141.0,11882.0,11,1
2173,XML100_1273_14,100,142.0,17552.0,9,1
2174,XML100_1273_15,100,140.0,10186.0,9,1
2175,XML100_1273_16,100,155.0,14976.0,9,1
2176,XML100_1273_17,100,156.0,14370.0,10,1
2177,XML100_1273_18,100,143.0,14898.0,14,1
2178,XML100_1273_19,100,155.0,8083.0,9,1
2179,XML100_1273_20,100,156.0,13256.0,10,1
2180,XML100_1273_21,100,153.0,12796.0,11,1
2181,XML100_1273_22,100,153.0,11580.0,10,1
2182,XML100_1273_23,100,149.0,16957.0,11,1
2183,XML100_1273_24,100,152.0,10829.0,12,1
2184,XML100_1273_25,100,159.0,12629.0,9,1
2185,XML100_1273_26,100,162.0,11165.0,9,1
2186,XML100_1273_27,100,145.0,14934.0,10,1
2187,XML100_1274_01,100,175.0,10985.0,8,1
2188,XML100_1274_02,100,188.0,12615.0,7,1
2189,XML100_1274_03,100,162.0,10444.0,9,1
2190,XML100_1274_04,100,176.0,11152.0,8,1
2191,XML100_1274_05,100,172.0,12581.0,8,1
2192,XML100_1274_06,100,157.0,10999.0,9,1
2193,XML100_1274_07,100,142.0,11277.0,8,1
2194,XML100_1274_08,100,164.0,12072.0,9,1
2195,XML100_1274_09,100,169.0,10733.0,8,1
2196,XML100_1274_10,100,164.0,7393.0,9,1
2197,XML100_1274_11,100,171.0,11688.0,9,1
2198,XML100_1274_12,100,181.0,10318.0,7,1
2199,XML100_1274_13,100,173.0,9099.0,7,1
2200,XML100_1274_14,100,166.0,16270.0,8,1
2201,XML100_1274_15,100,179.0,5827.0,7,1
2202,XML100_1274_16,100,168.0,12367.0,8,1
2203,XML100_1274_17,100,171.0,10463.0,7,1
2204,XML100_1274_18,100,175.0,9957.0,9,1
2205,XML100_1274_19,100,166.0,11856.0,7,1
2206,XML100_1274_20,100,178.0,8160.0,7,1
2207,XML100_1274_21,100,177.0,14372.0,7,1
2208,XML100_1274_22,100,168.0,9373.0,8,1
2209,XML100_1274_23,100,165.0,11230.0,9,1
2210,XML100_1274_24,100,167.0,13842.0,7,1
2211,XML100_1274_25,100,152.0,10559.0,9,1
2212,XML100_1274_26,100,154.0,8730.0,8,1
2213,XML100_1274_27,100,179.0,9808.0,7,1
2214,XML100_1275_01,100,199.0,8842.0,5,1
2215,XML100_1275_02,100,195.0,9724.0,6,1
2216,XML100_1275_03,100,169.0,10071.0,6,1
2217,XML100_1275_04,100,199.0,6718.0,5,1
2218,XML100_1275_05,100,218.0,9443.0,5,1
2219,XML100_1275_06,100,199.0,8574.0,6,1
2220,XML100_1275_07,100,186.0,8706.0,5,1
2221,XML100_1275_08,100,213.0,9550.0,6,1
2222,XML100_1275_09,100,188.0,11360.0,6,1
2223,XML100_1275_10,100,192.0,7086.0,5,1
2224,XML100_1275_11,100,187.0,7264.0,7,1
2225,XML100_1275_12,100,202.0,5267.0,5,1
2226,XML100_1275_13,100,195.0,8781.0,6,1
2227,XML100_1275_14,100,207.0,7840.0,6,1
2228,XML100_1275_15,100,195.0,8700.0,5,1
2229,XML100_1275_16,100,186.0,10492.0,6,1
2230,XML100_1275_17,100,167.0,12789.0,6,1
2231,XML100_1275_18,100,196.0,9629.0,7,1
2232,XML100_1275_19,100,164.0,8758.0,6,1
2233,XML100_1275_20,100,198.0,7875.0,5,1
2234,XML100_1275_21,100,195.0,6302.0,5,1
2235,XML100_1275_22,100,169.0,11469.0,6,1
2236,XML100_1275_23,100,188.0,6633.0,6,1
2237,XML100_1275_24,100,178.0,11546.0,6,1
2238,XML100_1275_25,100,228.0,8420.0,5,1
2239,XML100_1275_26,100,188.0,7463.0,6,1
2240,XML100_1275_27,100,198.0,10110.0,5,1
2241,XML100_1276_01,100,278.0,6561.0,3,1
2242,XML100_1276_02,100,285.0,5722.0,3,1
2243,XML100_1276_03,100,217.0,4358.0,4,1
2244,XML100_1276_04,100,268.0,6514.0,3,1
2245,XML100_1276_05,100,225.0,7867.0,4,1
2246,XML100_1276_06,100,219.0,8293.0,4,1
2247,XML100_1276_07,100,337.0,5204.0,3,1
2248,XML100_1276_08,100,288.0,5016.0,3,1
2249,XML100_1276_09,100,264.0,8331.0,3,1
2250,XML100_1276_10,100,234.0,6351.0,4,1
2251,XML100_1276_11,100,248.0,4455.0,4,1
2252,XML100_1276_12,100,352.0,4616.0,3,1
2253,XML100_1276_13,100,297.0,6718.0,3,1
2254,XML100_1276_14,100,270.0,7141.0,3,1
2255,XML100_1276_15,100,219.0,7097.0,4,1
2256,XML100_1276_16,100,262.0,5172.0,3,1
2257,XML100_1276_17,100,314.0,4862.0,3,1
2258,XML100_1276_18,100,246.0,5582.0,4,1
2259,XML100_1276_19,100,319.0,5479.0,3,1
2260,XML100_1276_20,100,293.0,7194.0,3,1
2261,XML100_1276_21,100,220.0,7509.0,4,1
2262,XML100_1276_22,100,269.0,6500.0,3,1
2263,XML100_1276_23,100,300.0,6526.0,3,1
2264,XML100_1276_24,100,227.0,7495.0,4,1
2265,XML100_1276_25,100,327.0,7043.0,3,1
2266,XML100_1276_26,100,292.0,7914.0,3,1
2267,XML100_1276_27,100,244.0,6112.0,4,1
2268,XML100_1311_01,100,4.0,29423.0,25,1
2269,XML100_1311_02,100,4.0,33149.0,25,1
2270,XML100_1311_03,100,4.0,37773.0,25,1
2271,XML100_1311_04,100,3.0,58919.0,34,1
2272,XML100_1311_05,100,4.0,26790.0,25,1
2273,XML100_1311_06,100,4.0,33045.0,25,1
2274,XML100_1311_07,100,4.0,28848.0,25,1
2275,XML100_1311_08,100,3.0,30715.0,34,1
2276,XML100_1311_09,100,4.0,29802.0,25,1
2277,XML100_1311_10,100,3.0,65513.0,34,1
2278,XML100_1311_11,100,4.0,37006.0,25,1
2279,XML100_1311_12,100,3.0,49423.0,34,1
2280,XML100_1311_13,100,4.0,30327.0,25,1
2281,XML100_1311_14,100,3.0,29378.0,34,1
2282,XML100_1311_15,100,4.0,33548.0,25,1
2283,XML100_1311_16,100,3.0,33035.0,34,1
2284,XML100_1311_17,100,3.0,32304.0,34,1
2285,XML100_1311_18,100,3.0,42468.0,34,1
2286,XML100_1311_19,100,4.0,27918.0,25,1
2287,XML100_1311_20,100,3.0,50718.0,34,1
2288,XML100_1311_21,100,4.0,40785.0,25,1
2289,XML100_1311_22,100,4.0,29238.0,25,1
2290,XML100_1311_23,100,3.0,47612.0,34,1
2291,XML100_1311_24,100,4.0,33464.0,25,1
2292,XML100_1311_25,100,3.0,36473.0,34,1
2293,XML100_1311_26,100,4.0,29707.0,25,1
2294,XML100_1311_27,100,4.0,26640.0,25,1
2295,XML100_1312_01,100,5.0,21993.0,20,1
2296,XML100_1312_02,100,7.0,22485.0,15,1
2297,XML100_1312_03,100,5.0,29350.0,20,1
2298,XML100_1312_04,100,5.0,32513.0,20,1
2299,XML100_1312_05,100,5.0,30655.0,20,1
2300,XML100_1312_06,100,5.0,27661.0,20,1
2301,XML100_1312_07,100,7.0,14611.0,15,1
2302,XML100_1312_08,100,5.0,18883.0,20,1
2303,XML100_1312_09,100,6.0,22153.0,17,1
2304,XML100_1312_10,100,6.0,29355.0,17,1
2305,XML100_1312_11,100,5.0,22022.0,20,1
2306,XML100_1312_12,100,6.0,22777.0,17,1
2307,XML100_1312_13,100,7.0,18956.0,15,1
2308,XML100_1312_14,100,7.0,19577.0,15,1
2309,XML100_1312_15,100,6.0,21232.0,17,1
2310,XML100_1312_16,100,7.0,15232.0,15,1
2311,XML100_1312_17,100,7.0,20427.0,15,1
2312,XML100_1312_18,100,6.0,23547.0,17,1
2313,XML100_1312_19,100,7.0,16579.0,15,1
2314,XML100_1312_20,100,5.0,26453.0,20,1
2315,XML100_1312_21,100,7.0,16527.0,15,1
2316,XML100_1312_22,100,5.0,27870.0,20,1
2317,XML100_1312_23,100,7.0,22663.0,15,1
2318,XML100_1312_24,100,5.0,29193.0,20,1
2319,XML100_1312_25,100,6.0,19750.0,17,1
2320,XML100_1312_26,100,5.0,17760.0,20,1
2321,XML100_1312_27,100,7.0,18310.0,15,1
2322,XML100_1313_01,100,8.0,16912.0,13,1
2323,XML100_1313_02,100,9.0,17242.0,12,1
2324,XML100_1313_03,100,9.0,18112.0,12,1
2325,XML100_1313_04,100,11.0,14416.0,10,1
2326,XML100_1313_05,100,9.0,18562.0,12,1
2327,XML100_1313_06,100,9.0,14732.0,12,1
2328,XML100_1313_07,100,9.0,16484.0,12,1
2329,XML100_1313_08,100,8.0,15696.0,13,1
2330,XML100_1313_09,100,10.0,22097.0,10,1
2331,XML100_1313_10,100,11.0,13484.0,10,1
2332,XML100_1313_11,100,9.0,16154.0,12,1
2333,XML100_1313_12,100,9.0,13415.0,12,1
2334,XML100_1313_13,100,8.0,21351.0,13,1
2335,XML100_1313_14,100,10.0,13124.0,10,1
2336,XML100_1313_15,100,10.0,11948.0,10,1
2337,XML100_1313_16,100,10.0,13678.0,10,1
2338,XML100_1313_17,100,10.0,16024.0,10,1
2339,XML100_1313_18,100,8.0,12678.0,13,1
2340,XML100_1313_19,100,9.0,16879.0,12,1
2341,XML100_1313_20,100,10.0,15026.0,10,1
2342,XML100_1313_21,100,11.0,13139.0,10,1
2343,XML100_1313_22,100,9.0,13070.0,12,1
2344,XML100_1313_23,100,11.0,12378.0,10,1
2345,XML100_1313_24,100,11.0,14880.0,10,1
2346,XML100_1313_25,100,10.0,18863.0,10,1
2347,XML100_1313_26,100,11.0,17042.0,10,1
2348,XML100_1313_27,100,9.0,13741.0,12,1
2349,XML100_1314_01,100,14.0,11070.0,8,1
2350,XML100_1314_02,100,13.0,12528.0,8,1
2351,XML100_1314_03,100,14.0,10460.0,8,1
2352,XML100_1314_04,100,12.0,13976.0,9,1
2353,XML100_1314_05,100,15.0,12258.0,7,1
2354,XML100_1314_06,100,12.0,14499.0,9,1
2355,XML100_1314_07,100,15.0,10102.0,7,1
2356,XML100_1314_08,100,14.0,11874.0,8,1
2357,XML100_1314_09,100,13.0,13083.0,8,1
2358,XML100_1314_10,100,12.0,13687.0,9,1
2359,XML100_1314_11,100,14.0,11906.0,8,1
2360,XML100_1314_12,100,12.0,14641.0,9,1
2361,XML100_1314_13,100,15.0,11763.0,7,1
2362,XML100_1314_14,100,12.0,11207.0,9,1
2363,XML100_1314_15,100,13.0,15438.0,8,1
2364,XML100_1314_16,100,15.0,11671.0,7,1
2365,XML100_1314_17,100,13.0,15292.0,8,1
2366,XML100_1314_18,100,14.0,10488.0,8,1
2367,XML100_1314_19,100,13.0,12459.0,8,1
2368,XML100_1314_20,100,15.0,12356.0,7,1
2369,XML100_1314_21,100,12.0,13547.0,9,1
2370,XML100_1314_22,100,14.0,10732.0,8,1
2371,XML100_1314_23,100,13.0,13346.0,8,1
2372,XML100_1314_24,100,15.0,12771.0,7,1
2373,XML100_1314_25,100,12.0,14429.0,9,1
2374,XML100_1314_26,100,12.0,13653.0,9,1
2375,XML100_1314_27,100,14.0,10857.0,8,1
2376,XML100_1315_01,100,19.0,10455.0,6,1
2377,XML100_1315_02,100,24.0,9381.0,5,1
2378,XML100_1315_03,100,17.0,11555.0,6,1
2379,XML100_1315_04,100,17.0,11080.0,6,1
2380,XML100_1315_05,100,23.0,8794.0,5,1
2381,XML100_1315_06,100,20.0,10760.0,5,1
2382,XML100_1315_07,100,17.0,9366.0,6,1
2383,XML100_1315_08,100,17.0,11484.0,6,1
2384,XML100_1315_09,100,23.0,8862.0,5,1
2385,XML100_1315_10,100,18.0,10122.0,6,1
2386,XML100_1315_11,100,16.0,12311.0,7,1
2387,XML100_1315_12,100,24.0,8798.0,5,1
2388,XML100_1315_13,100,22.0,9356.0,5,1
2389,XML100_1315_14,100,16.0,9668.0,7,1
2390,XML100_1315_15,100,18.0,10202.0,6,1
2391,XML100_1315_16,100,22.0,9178.0,5,1
2392,XML100_1315_17,100,22.0,10253.0,5,1
2393,XML100_1315_18,100,19.0,10847.0,6,1
2394,XML100_1315_19,100,21.0,9229.0,5,1
2395,XML100_1315_20,100,17.0,10505.0,6,1
2396,XML100_1315_21,100,22.0,9387.0,5,1
2397,XML100_1315_22,100,18.0,9452.0,6,1
2398,XML100_1315_23,100,19.0,9422.0,6,1
2399,XML100_1315_24,100,20.0,11136.0,5,1
2400,XML100_1315_25,100,23.0,10129.0,5,1
2401,XML100_1315_26,100,16.0,10323.0,7,1
2402,XML100_1315_27,100,20.0,11400.0,5,1
2403,XML100_1316_01,100,43.0,7838.0,3,1
2404,XML100_1316_02,100,49.0,7937.0,3,1
2405,XML100_1316_03,100,33.0,8429.0,4,1
2406,XML100_1316_04,100,31.0,7798.0,4,1
2407,XML100_1316_05,100,33.0,8410.0,4,1
2408,XML100_1316_06,100,32.0,8228.0,4,1
2409,XML100_1316_07,100,42.0,8444.0,3,1
2410,XML100_1316_08,100,30.0,9448.0,4,1
2411,XML100_1316_09,100,25.0,9389.0,4,1
2412,XML100_1316_10,100,40.0,7443.0,3,1
2413,XML100_1316_11,100,49.0,7883.0,3,1
2414,XML100_1316_12,100,30.0,9586.0,4,1
2415,XML100_1316_13,100,32.0,8986.0,4,1
2416,XML100_1316_14,100,32.0,8084.0,4,1
2417,XML100_1316_15,100,40.0,8102.0,3,1
2418,XML100_1316_16,100,29.0,9369.0,4,1
2419,XML100_1316_17,100,38.0,7698.0,3,1
2420,XML100_1316_18,100,27.0,9109.0,4,1
2421,XML100_1316_19,100,25.0,9257.0,4,1
2422,XML100_1316_20,100,30.0,9246.0,4,1
2423,XML100_1316_21,100,25.0,9447.0,4,1
2424,XML100_1316_22,100,44.0,8517.0,3,1
2425,XML100_1316_23,100,41.0,7478.0,3,1
2426,XML100_1316_24,100,49.0,7726.0,3,1
2427,XML100_1316_25,100,40.0,7774.0,3,1
2428,XML100_1316_26,100,26.0,8704.0,4,1
2429,XML100_1316_27,100,28.0,8466.0,4,1
2430,XML100_1321_01,100,22.0,22655.0,28,1
2431,XML100_1321_02,100,26.0,27438.0,20,1
2432,XML100_1321_03,100,22.0,31723.0,26,1
2433,XML100_1321_04,100,25.0,27931.0,21,1
2434,XML100_1321_05,100,19.0,26427.0,28,1
2435,XML100_1321_06,100,21.0,28192.0,26,1
2436,XML100_1321_07,100,24.0,28183.0,22,1
2437,XML100_1321_08,100,25.0,24842.0,21,1
2438,XML100_1321_09,100,23.0,25634.0,23,1
2439,XML100_1321_10,100,25.0,23013.0,21,1
2440,XML100_1321_11,100,27.0,20799.0,22,1
2441,XML100_1321_12,100,20.0,44149.0,31,1
2442,XML100_1321_13,100,29.0,27981.0,21,1
2443,XML100_1321_14,100,24.0,21847.0,23,1
2444,XML100_1321_15,100,23.0,19485.0,24,1
2445,XML100_1321_16,100,25.0,33684.0,23,1
2446,XML100_1321_17,100,23.0,22211.0,22,1
2447,XML100_1321_18,100,17.0,33780.0,30,1
2448,XML100_1321_19,100,26.0,20088.0,23,1
2449,XML100_1321_20,100,26.0,29844.0,23,1
2450,XML100_1321_21,100,26.0,21963.0,22,1
2451,XML100_1321_22,100,23.0,34644.0,23,1
2452,XML100_1321_23,100,19.0,45996.0,30,1
2453,XML100_1321_24,100,25.0,28923.0,24,1
2454,XML100_1321_25,100,24.0,27039.0,24,1
2455,XML100_1321_26,100,21.0,37205.0,27,1
2456,XML100_1321_27,100,17.0,37768.0,33,1
2457,XML100_1322_01,100,40.0,20706.0,15,1
2458,XML100_1322_02,100,38.0,21696.0,15,1
2459,XML100_1322_03,100,34.0,17657.0,17,1
2460,XML100_1322_04,100,35.0,27592.0,17,1
2461,XML100_1322_05,100,30.0,15128.0,17,1
2462,XML100_1322_06,100,31.0,23900.0,18,1
2463,XML100_1322_07,100,35.0,20679.0,16,1
2464,XML100_1322_08,100,31.0,31391.0,19,1
2465,XML100_1322_09,100,33.0,20576.0,17,1
2466,XML100_1322_10,100,28.0,24688.0,20,1
2467,XML100_1322_11,100,39.0,19395.0,16,1
2468,XML100_1322_12,100,32.0,23542.0,19,1
2469,XML100_1322_13,100,42.0,13983.0,14,1
2470,XML100_1322_14,100,46.0,15171.0,13,1
2471,XML100_1322_15,100,36.0,25960.0,14,1
2472,XML100_1322_16,100,32.0,25113.0,17,1
2473,XML100_1322_17,100,42.0,21233.0,13,1
2474,XML100_1322_18,100,31.0,28006.0,17,1
2475,XML100_1322_19,100,31.0,18118.0,18,1
2476,XML100_1322_20,100,32.0,20319.0,17,1
2477,XML100_1322_21,100,41.0,21222.0,14,1
2478,XML100_1322_22,100,38.0,19953.0,14,1
2479,XML100_1322_23,100,29.0,25802.0,20,1
2480,XML100_1322_24,100,37.0,24956.0,15,1
2481,XML100_1322_25,100,43.0,21874.0,13,1
2482,XML100_1322_26,100,48.0,18559.0,13,1
2483,XML100_1322_27,100,41.0,20586.0,14,1
2484,XML100_1323_01,100,62.0,12334.0,9,1
2485,XML100_1323_02,100,55.0,13388.0,10,1
2486,XML100_1323_03,100,60.0,13747.0,9,1
2487,XML100_1323_04,100,63.0,12631.0,9,1
2488,XML100_1323_05,100,56.0,18127.0,10,1
2489,XML100_1323_06,100,61.0,14679.0,9,1
2490,XML100_1323_07,100,67.0,15859.0,9,1
2491,XML100_1323_08,100,50.0,18409.0,12,1
2492,XML100_1323_09,100,59.0,13093.0,10,1
2493,XML100_1323_10,100,50.0,16997.0,12,1
2494,XML100_1323_11,100,68.0,16581.0,9,1
2495,XML100_1323_12,100,50.0,18319.0,11,1
2496,XML100_1323_13,100,51.0,12632.0,11,1
2497,XML100_1323_14,100,50.0,14878.0,12,1
2498,XML100_1323_15,100,58.0,17437.0,9,1
2499,XML100_1323_16,100,53.0,14115.0,12,1
2500,XML100_1323_17,100,46.0,23818.0,12,1
2501,XML100_1323_18,100,62.0,12470.0,10,1
2502,XML100_1323_19,100,67.0,16006.0,9,1
2503,XML100_1323_20,100,57.0,15794.0,9,1
2504,XML100_1323_21,100,52.0,12690.0,11,1
2505,XML100_1323_22,100,55.0,16385.0,11,1
2506,XML100_1323_23,100,55.0,12077.0,11,1
2507,XML100_1323_24,100,69.0,13937.0,9,1
2508,XML100_1323_25,100,46.0,17827.0,12,1
2509,XML100_1323_26,100,52.0,14211.0,11,1
2510,XML100_1323_27,100,53.0,18642.0,11,1
2511,XML100_1324_01,100,66.0,11301.0,8,1
2512,XML100_1324_02,100,84.0,9698.0,7,1
2513,XML100_1324_03,100,82.0,13736.0,8,1
2514,XML100_1324_04,100,76.0,11242.0,8,1
2515,XML100_1324_05,100,76.0,12427.0,8,1
2516,XML100_1324_06,100,85.0,10248.0,7,1
2517,XML100_1324_07,100,75.0,11973.0,8,1
2518,XML100_1324_08,100,68.0,14388.0,9,1
2519,XML100_1324_09,100,79.0,10403.0,8,1
2520,XML100_1324_10,100,84.0,10865.0,7,1
2521,XML100_1324_11,100,73.0,11172.0,8,1
2522,XML100_1324_12,100,82.0,9385.0,7,1
2523,XML100_1324_13,100,69.0,14284.0,9,1
2524,XML100_1324_14,100,79.0,10734.0,8,1
2525,XML100_1324_15,100,78.0,13656.0,8,1
2526,XML100_1324_16,100,69.0,14269.0,8,1
2527,XML100_1324_17,100,73.0,13436.0,8,1
2528,XML100_1324_18,100,80.0,9743.0,7,1
2529,XML100_1324_19,100,91.0,10917.0,7,1
2530,XML100_1324_20,100,64.0,11197.0,9,1
2531,XML100_1324_21,100,67.0,13520.0,9,1
2532,XML100_1324_22,100,79.0,10654.0,7,1
2533,XML100_1324_23,100,70.0,11976.0,8,1
2534,XML100_1324_24,100,69.0,13557.0,9,1
2535,XML100_1324_25,100,90.0,10895.0,7,1
2536,XML100_1324_26,100,69.0,10830.0,8,1
2537,XML100_1324_27,100,71.0,11334.0,8,1
2538,XML100_1325_01,100,101.0,11545.0,6,1
2539,XML100_1325_02,100,91.0,10721.0,6,1
2540,XML100_1325_03,100,115.0,8737.0,5,1
2541,XML100_1325_04,100,93.0,13004.0,7,1
2542,XML100_1325_05,100,95.0,12018.0,6,1
2543,XML100_1325_06,100,120.0,11477.0,5,1
2544,XML100_1325_07,100,123.0,10664.0,5,1
2545,XML100_1325_08,100,106.0,9614.0,6,1
2546,XML100_1325_09,100,127.0,10400.0,5,1
2547,XML100_1325_10,100,132.0,8135.0,5,1
2548,XML100_1325_11,100,98.0,12542.0,6,1
2549,XML100_1325_12,100,119.0,9158.0,5,1
2550,XML100_1325_13,100,118.0,10746.0,5,1
2551,XML100_1325_14,100,118.0,8210.0,5,1
2552,XML100_1325_15,100,94.0,11161.0,6,1
2553,XML100_1325_16,100,131.0,9746.0,5,1
2554,XML100_1325_17,100,108.0,10445.0,5,1
2555,XML100_1325_18,100,95.0,10910.0,7,1
2556,XML100_1325_19,100,125.0,11109.0,5,1
2557,XML100_1325_20,100,102.0,10378.0,6,1
2558,XML100_1325_21,100,113.0,11212.0,6,1
2559,XML100_1325_22,100,141.0,11532.0,5,1
2560,XML100_1325_23,100,102.0,11605.0,6,1
2561,XML100_1325_24,100,106.0,10637.0,5,1
2562,XML100_1325_25,100,119.0,8659.0,5,1
2563,XML100_1325_26,100,88.0,10744.0,6,1
2564,XML100_1325_27,100,96.0,9323.0,6,1
2565,XML100_1326_01,100,174.0,8876.0,4,1
2566,XML100_1326_02,100,182.0,8161.0,4,1
2567,XML100_1326_03,100,206.0,7680.0,3,1
2568,XML100_1326_04,100,293.0,7682.0,3,1
2569,XML100_1326_05,100,149.0,8673.0,4,1
2570,XML100_1326_06,100,136.0,7897.0,4,1
2571,XML100_1326_07,100,210.0,7501.0,3,1
2572,XML100_1326_08,100,148.0,8069.0,4,1
2573,XML100_1326_09,100,170.0,7932.0,4,1
2574,XML100_1326_10,100,155.0,9930.0,4,1
2575,XML100_1326_11,100,245.0,8752.0,3,1
2576,XML100_1326_12,100,267.0,8597.0,3,1
2577,XML100_1326_13,100,211.0,8350.0,3,1
2578,XML100_1326_14,100,232.0,8267.0,3,1
2579,XML100_1326_15,100,200.0,9152.0,3,1
2580,XML100_1326_16,100,179.0,8976.0,4,1
2581,XML100_1326_17,100,283.0,7820.0,3,1
2582,XML100_1326_18,100,207.0,8146.0,3,1
2583,XML100_1326_19,100,253.0,8169.0,3,1
2584,XML100_1326_20,100,266.0,8103.0,3,1
2585,XML100_1326_21,100,154.0,9303.0,4,1
2586,XML100_1326_22,100,162.0,8187.0,4,1
2587,XML100_1326_23,100,237.0,7863.0,3,1
2588,XML100_1326_24,100,227.0,8573.0,3,1
2589,XML100_1326_25,100,235.0,8262.0,3,1
2590,XML100_1326_26,100,172.0,7766.0,4,1
2591,XML100_1326_27,100,166.0,9037.0,3,1
2592,XML100_1331_01,100,24.0,39385.0,32,1
2593,XML100_1331_02,100,32.0,25932.0,25,1
2594,XML100_1331_03,100,33.0,38134.0,24,1
2595,XML100_1331_04,100,26.0,44124.0,30,1
2596,XML100_1331_05,100,36.0,24879.0,22,1
2597,XML100_1331_06,100,33.0,24858.0,24,1
2598,XML100_1331_07,100,29.0,30241.0,28,1
2599,XML100_1331_08,100,25.0,35533.0,31,1
2600,XML100_1331_09,100,23.0,45573.0,33,1
2601,XML100_1331_10,100,36.0,35931.0,21,1
2602,XML100_1331_11,100,34.0,25444.0,22,1
2603,XML100_1331_12,100,36.0,24472.0,21,1
2604,XML100_1331_13,100,24.0,41725.0,33,1
2605,XML100_1331_14,100,30.0,36316.0,26,1
2606,XML100_1331_15,100,33.0,26589.0,24,1
2607,XML100_1331_16,100,38.0,24491.0,21,1
2608,XML100_1331_17,100,31.0,24710.0,25,1
2609,XML100_1331_18,100,29.0,28385.0,27,1
2610,XML100_1331_19,100,28.0,28400.0,29,1
2611,XML100_1331_20,100,29.0,34278.0,27,1
2612,XML100_1331_21,100,27.0,43827.0,29,1
2613,XML100_1331_22,100,26.0,46457.0,29,1
2614,XML100_1331_23,100,30.0,25137.0,28,1
2615,XML100_1331_24,100,35.0,30419.0,23,1
2616,XML100_1331_25,100,26.0,33686.0,30,1
2617,XML100_1331_26,100,33.0,25977.0,24,1
2618,XML100_1331_27,100,30.0,30645.0,26,1
2619,XML100_1332_01,100,49.0,22224.0,16,1
2620,XML100_1332_02,100,57.0,18876.0,14,1
2621,XML100_1332_03,100,42.0,26397.0,19,1
2622,XML100_1332_04,100,43.0,19469.0,18,1
2623,XML100_1332_05,100,39.0,25869.0,20,1
2624,XML100_1332_06,100,43.0,17908.0,19,1
2625,XML100_1332_07,100,45.0,24694.0,17,1
2626,XML100_1332_08,100,44.0,19433.0,18,1
2627,XML100_1332_09,100,52.0,18207.0,15,1
2628,XML100_1332_10,100,49.0,18833.0,16,1
2629,XML100_1332_11,100,61.0,22209.0,13,1
2630,XML100_1332_12,100,49.0,17429.0,16,1
2631,XML100_1332_13,100,57.0,19198.0,14,1
2632,XML100_1332_14,100,50.0,16708.0,15,1
2633,XML100_1332_15,100,47.0,25304.0,16,1
2634,XML100_1332_16,100,48.0,25369.0,16,1
2635,XML100_1332_17,100,56.0,14971.0,14,1
2636,XML100_1332_18,100,58.0,19482.0,14,1
2637,XML100_1332_19,100,51.0,20473.0,16,1
2638,XML100_1332_20,100,43.0,22731.0,18,1
2639,XML100_1332_21,100,60.0,23706.0,13,1
2640,XML100_1332_22,100,57.0,18764.0,14,1
2641,XML100_1332_23,100,41.0,17962.0,19,1
2642,XML100_1332_24,100,40.0,18047.0,19,1
2643,XML100_1332_25,100,54.0,22365.0,14,1
2644,XML100_1332_26,100,44.0,17741.0,18,1
2645,XML100_1332_27,100,40.0,30471.0,19,1
2646,XML100_1333_01,100,80.0,13568.0,10,1
2647,XML100_1333_02,100,74.0,19735.0,11,1
2648,XML100_1333_03,100,68.0,14505.0,12,1
2649,XML100_1333_04,100,70.0,16346.0,12,1
2650,XML100_1333_05,100,78.0,17005.0,10,1
2651,XML100_1333_06,100,74.0,14609.0,11,1
2652,XML100_1333_07,100,61.0,20141.0,13,1
2653,XML100_1333_08,100,79.0,19121.0,10,1
2654,XML100_1333_09,100,66.0,17160.0,11,1
2655,XML100_1333_10,100,71.0,19549.0,11,1
2656,XML100_1333_11,100,72.0,13340.0,11,1
2657,XML100_1333_12,100,77.0,14718.0,10,1
2658,XML100_1333_13,100,62.0,19898.0,12,1
2659,XML100_1333_14,100,75.0,14896.0,11,1
2660,XML100_1333_15,100,73.0,12827.0,11,1
2661,XML100_1333_16,100,65.0,13122.0,12,1
2662,XML100_1333_17,100,67.0,14428.0,12,1
2663,XML100_1333_18,100,73.0,15171.0,11,1
2664,XML100_1333_19,100,90.0,16194.0,9,1
2665,XML100_1333_20,100,80.0,16121.0,10,1
2666,XML100_1333_21,100,62.0,21427.0,13,1
2667,XML100_1333_22,100,78.0,19611.0,10,1
2668,XML100_1333_23,100,74.0,16307.0,11,1
2669,XML100_1333_24,100,81.0,16329.0,9,1
2670,XML100_1333_25,100,67.0,20687.0,11,1
2671,XML100_1333_26,100,74.0,17448.0,11,1
2672,XML100_1333_27,100,79.0,15488.0,10,1
2673,XML100_1334_01,100,111.0,9848.0,7,1
2674,XML100_1334_02,100,104.0,13214.0,8,1
2675,XML100_1334_03,100,102.0,10577.0,8,1
2676,XML100_1334_04,100,120.0,9714.0,7,1
2677,XML100_1334_05,100,96.0,14027.0,8,1
2678,XML100_1334_06,100,109.0,10365.0,7,1
2679,XML100_1334_07,100,117.0,12512.0,7,1
2680,XML100_1334_08,100,111.0,10077.0,7,1
2681,XML100_1334_09,100,104.0,14878.0,8,1
2682,XML100_1334_10,100,116.0,13137.0,7,1
2683,XML100_1334_11,100,109.0,9553.0,7,1
2684,XML100_1334_12,100,100.0,15952.0,8,1
2685,XML100_1334_13,100,101.0,11049.0,8,1
2686,XML100_1334_14,100,101.0,12558.0,8,1
2687,XML100_1334_15,100,101.0,10709.0,8,1
2688,XML100_1334_16,100,94.0,16603.0,9,1
2689,XML100_1334_17,100,94.0,11559.0,9,1
2690,XML100_1334_18,100,118.0,11165.0,7,1
2691,XML100_1334_19,100,108.0,10843.0,8,1
2692,XML100_1334_20,100,107.0,12960.0,8,1
2693,XML100_1334_21,100,101.0,12778.0,8,1
2694,XML100_1334_22,100,120.0,11779.0,7,1
2695,XML100_1334_23,100,116.0,12097.0,7,1
2696,XML100_1334_24,100,100.0,14779.0,8,1
2697,XML100_1334_25,100,108.0,11674.0,7,1
2698,XML100_1334_26,100,96.0,13752.0,8,1
2699,XML100_1334_27,100,115.0,10986.0,7,1
2700,XML100_1335_01,100,179.0,9516.0,5,1
2701,XML100_1335_02,100,148.0,10813.0,5,1
2702,XML100_1335_03,100,151.0,10431.0,5,1
2703,XML100_1335_04,100,161.0,8929.0,5,1
2704,XML100_1335_05,100,177.0,10401.0,5,1
2705,XML100_1335_06,100,132.0,12331.0,6,1
2706,XML100_1335_07,100,185.0,8789.0,5,1
2707,XML100_1335_08,100,136.0,9038.0,6,1
2708,XML100_1335_09,100,159.0,10078.0,5,1
2709,XML100_1335_10,100,180.0,8612.0,5,1
2710,XML100_1335_11,100,177.0,9375.0,5,1
2711,XML100_1335_12,100,182.0,9599.0,5,1
2712,XML100_1335_13,100,175.0,9084.0,5,1
2713,XML100_1335_14,100,165.0,9788.0,5,1
2714,XML100_1335_15,100,139.0,10455.0,6,1
2715,XML100_1335_16,100,179.0,9587.0,5,1
2716,XML100_1335_17,100,130.0,10366.0,6,1
2717,XML100_1335_18,100,143.0,12711.0,6,1
2718,XML100_1335_19,100,158.0,9854.0,5,1
2719,XML100_1335_20,100,154.0,10480.0,5,1
2720,XML100_1335_21,100,159.0,9649.0,5,1
2721,XML100_1335_22,100,168.0,10386.0,5,1
2722,XML100_1335_23,100,127.0,10967.0,6,1
2723,XML100_1335_24,100,168.0,8802.0,5,1
2724,XML100_1335_25,100,169.0,10164.0,5,1
2725,XML100_1335_26,100,147.0,10329.0,6,1
2726,XML100_1335_27,100,153.0,9965.0,5,1
2727,XML100_1336_01,100,244.0,8054.0,4,1
2728,XML100_1336_02,100,191.0,9283.0,4,1
2729,XML100_1336_03,100,264.0,8127.0,3,1
2730,XML100_1336_04,100,287.0,8599.0,3,1
2731,XML100_1336_05,100,241.0,8269.0,3,1
2732,XML100_1336_06,100,246.0,8152.0,3,1
2733,XML100_1336_07,100,259.0,8060.0,3,1
2734,XML100_1336_08,100,208.0,9919.0,4,1
2735,XML100_1336_09,100,264.0,8611.0,3,1
2736,XML100_1336_10,100,306.0,7890.0,3,1
2737,XML100_1336_11,100,261.0,8344.0,3,1
2738,XML100_1336_12,100,255.0,8350.0,3,1
2739,XML100_1336_13,100,266.0,7943.0,3,1
2740,XML100_1336_14,100,200.0,10047.0,4,1
2741,XML100_1336_15,100,366.0,8037.0,3,1
2742,XML100_1336_16,100,197.0,8220.0,4,1
2743,XML100_1336_17,100,371.0,8326.0,3,1
2744,XML100_1336_18,100,225.0,9724.0,4,1
2745,XML100_1336_19,100,286.0,8036.0,3,1
2746,XML100_1336_20,100,242.0,8731.0,4,1
2747,XML100_1336_21,100,243.0,9643.0,4,1
2748,XML100_1336_22,100,344.0,7361.0,3,1
2749,XML100_1336_23,100,279.0,8960.0,3,1
2750,XML100_1336_24,100,209.0,8550.0,4,1
2751,XML100_1336_25,100,289.0,8963.0,3,1
2752,XML100_1336_26,100,315.0,9160.0,3,1
2753,XML100_1336_27,100,324.0,8609.0,3,1
2754,XML100_1341_01,100,177.0,24931.0,26,1
2755,XML100_1341_02,100,164.0,33994.0,34,1
2756,XML100_1341_03,100,182.0,36558.0,28,1
2757,XML100_1341_04,100,208.0,32040.0,26,1
2758,XML100_1341_05,100,180.0,30011.0,29,1
2759,XML100_1341_06,100,213.0,27686.0,24,1
2760,XML100_1341_07,100,170.0,39170.0,30,1
2761,XML100_1341_08,100,190.0,23193.0,26,1
2762,XML100_1341_09,100,190.0,38499.0,29,1
2763,XML100_1341_10,100,237.0,24780.0,23,1
2764,XML100_1341_11,100,168.0,31987.0,31,1
2765,XML100_1341_12,100,207.0,25259.0,27,1
2766,XML100_1341_13,100,160.0,47434.0,32,1
2767,XML100_1341_14,100,161.0,41256.0,34,1
2768,XML100_1341_15,100,144.0,28415.0,33,1
2769,XML100_1341_16,100,172.0,38532.0,32,1
2770,XML100_1341_17,100,212.0,29462.0,25,1
2771,XML100_1341_18,100,172.0,35147.0,28,1
2772,XML100_1341_19,100,198.0,26465.0,25,1
2773,XML100_1341_20,100,180.0,31271.0,26,1
2774,XML100_1341_21,100,194.0,29422.0,24,1
2775,XML100_1341_22,100,218.0,27525.0,24,1
2776,XML100_1341_23,100,247.0,18922.0,21,1
2777,XML100_1341_24,100,252.0,23972.0,21,1
2778,XML100_1341_25,100,166.0,40866.0,30,1
2779,XML100_1341_26,100,179.0,31177.0,29,1
2780,XML100_1341_27,100,183.0,34913.0,29,1
2781,XML100_1342_01,100,308.0,25885.0,15,1
2782,XML100_1342_02,100,354.0,24610.0,16,1
2783,XML100_1342_03,100,274.0,22363.0,21,1
2784,XML100_1342_04,100,376.0,17016.0,15,1
2785,XML100_1342_05,100,325.0,25274.0,16,1
2786,XML100_1342_06,100,372.0,21536.0,14,1
2787,XML100_1342_07,100,386.0,22363.0,13,1
2788,XML100_1342_08,100,378.0,18679.0,14,1
2789,XML100_1342_09,100,359.0,15410.0,14,1
2790,XML100_1342_10,100,375.0,19843.0,13,1
2791,XML100_1342_11,100,285.0,19905.0,18,1
2792,XML100_1342_12,100,341.0,20154.0,15,1
2793,XML100_1342_13,100,287.0,24792.0,19,1
2794,XML100_1342_14,100,383.0,14966.0,15,1
2795,XML100_1342_15,100,328.0,16465.0,16,1
2796,XML100_1342_16,100,375.0,23635.0,14,1
2797,XML100_1342_17,100,286.0,23656.0,18,1
2798,XML100_1342_18,100,298.0,23604.0,19,1
2799,XML100_1342_19,100,368.0,16511.0,14,1
2800,XML100_1342_20,100,282.0,18829.0,17,1
2801,XML100_1342_21,100,359.0,30294.0,15,1
2802,XML100_1342_22,100,267.0,29158.0,20,1
2803,XML100_1342_23,100,237.0,28706.0,21,1
2804,XML100_1342_24,100,376.0,18266.0,14,1
2805,XML100_1342_25,100,253.0,23895.0,20,1
2806,XML100_1342_26,100,365.0,20980.0,15,1
2807,XML100_1342_27,100,254.0,26657.0,20,1
2808,XML100_1343_01,100,488.0,12855.0,10,1
2809,XML100_1343_02,100,582.0,12311.0,9,1
2810,XML100_1343_03,100,477.0,20211.0,12,1
2811,XML100_1343_04,100,510.0,11850.0,10,1
2812,XML100_1343_05,100,559.0,16497.0,10,1
2813,XML100_1343_06,100,496.0,19792.0,10,1
2814,XML100_1343_07,100,575.0,12969.0,9,1
2815,XML100_1343_08,100,477.0,14415.0,11,1
2816,XML100_1343_09,100,466.0,20256.0,11,1
2817,XML100_1343_10,100,426.0,17925.0,12,1
2818,XML100_1343_11,100,437.0,18745.0,11,1
2819,XML100_1343_12,100,531.0,19515.0,11,1
2820,XML100_1343_13,100,440.0,17714.0,12,1
2821,XML100_1343_14,100,536.0,16858.0,11,1
2822,XML100_1343_15,100,435.0,16520.0,13,1
2823,XML100_1343_16,100,537.0,18463.0,10,1
2824,XML100_1343_17,100,472.0,19933.0,11,1
2825,XML100_1343_18,100,539.0,13912.0,11,1
2826,XML100_1343_19,100,564.0,13087.0,9,1
2827,XML100_1343_20,100,402.0,18190.0,13,1
2828,XML100_1343_21,100,370.0,21256.0,13,1
2829,XML100_1343_22,100,582.0,13373.0,9,1
2830,XML100_1343_23,100,503.0,15089.0,10,1
2831,XML100_1343_24,100,396.0,20402.0,13,1
2832,XML100_1343_25,100,439.0,19604.0,12,1
2833,XML100_1343_26,100,607.0,17752.0,10,1
2834,XML100_1343_27,100,416.0,18934.0,13,1
2835,XML100_1344_01,100,781.0,11522.0,7,1
2836,XML100_1344_02,100,734.0,12138.0,7,1
2837,XML100_1344_03,100,775.0,11519.0,7,1
2838,XML100_1344_04,100,812.0,12477.0,7,1
2839,XML100_1344_05,100,733.0,11727.0,7,1
2840,XML100_1344_06,100,743.0,11886.0,7,1
2841,XML100_1344_07,100,661.0,12808.0,8,1
2842,XML100_1344_08,100,696.0,10878.0,7,1
2843,XML100_1344_09,100,611.0,9994.0,8,1
2844,XML100_1344_10,100,733.0,12659.0,8,1
2845,XML100_1344_11,100,804.0,12309.0,7,1
2846,XML100_1344_12,100,570.0,13221.0,9,1
2847,XML100_1344_13,100,682.0,14244.0,9,1
2848,XML100_1344_14,100,560.0,11838.0,9,1
2849,XML100_1344_15,100,755.0,10718.0,7,1
2850,XML100_1344_16,100,760.0,13183.0,7,1
2851,XML100_1344_17,100,741.0,11442.0,7,1
2852,XML100_1344_18,100,682.0,11059.0,8,1
2853,XML100_1344_19,100,771.0,11006.0,7,1
2854,XML100_1344_20,100,752.0,13504.0,8,1
2855,XML100_1344_21,100,726.0,12277.0,7,1
2856,XML100_1344_22,100,574.0,15119.0,9,1
2857,XML100_1344_23,100,774.0,10339.0,7,1
2858,XML100_1344_24,100,616.0,10805.0,8,1
2859,XML100_1344_25,100,685.0,12486.0,9,1
2860,XML100_1344_26,100,676.0,10781.0,9,1
2861,XML100_1344_27,100,638.0,12382.0,8,1
2862,XML100_1345_01,100,907.0,11951.0,7,1
2863,XML100_1345_02,100,1136.0,9705.0,5,1
2864,XML100_1345_03,100,1215.0,9402.0,5,1
2865,XML100_1345_04,100,953.0,10065.0,6,1
2866,XML100_1345_05,100,968.0,9263.0,6,1
2867,XML100_1345_06,100,1192.0,9736.0,5,1
2868,XML100_1345_07,100,974.0,8785.0,5,1
2869,XML100_1345_08,100,1118.0,9768.0,5,1
2870,XML100_1345_09,100,1135.0,11148.0,5,1
2871,XML100_1345_10,100,791.0,10597.0,7,1
2872,XML100_1345_11,100,996.0,10424.0,5,1
2873,XML100_1345_12,100,934.0,11219.0,6,1
2874,XML100_1345_13,100,1105.0,7527.0,5,1
2875,XML100_1345_14,100,1119.0,9961.0,5,1
2876,XML100_1345_15,100,1193.0,10168.0,5,1
2877,XML100_1345_16,100,931.0,10672.0,6,1
2878,XML100_1345_17,100,877.0,12940.0,7,1
2879,XML100_1345_18,100,874.0,8819.0,6,1
2880,XML100_1345_19,100,974.0,9586.0,6,1
2881,XML100_1345_20,100,821.0,10814.0,7,1
2882,XML100_1345_21,100,924.0,12212.0,6,1
2883,XML100_1345_22,100,1257.0,9223.0,5,1
2884,XML100_1345_23,100,1201.0,10377.0,5,1
2885,XML100_1345_24,100,1106.0,10235.0,5,1
2886,XML100_1345_25,100,851.0,11213.0,6,1
2887,XML100_1345_26,100,1036.0,9562.0,5,1
2888,XML100_1345_27,100,1132.0,10023.0,5,1
2889,XML100_1346_01,100,1320.0,9846.0,4,1
2890,XML100_1346_02,100,1647.0,7700.0,3,1
2891,XML100_1346_03,100,2225.0,7703.0,3,1
2892,XML100_1346_04,100,1983.0,7944.0,3,1
2893,XML100_1346_05,100,2417.0,7939.0,3,1
2894,XML100_1346_06,100,2620.0,7896.0,3,1
2895,XML100_1346_07,100,1425.0,9134.0,4,1
2896,XML100_1346_08,100,1653.0,9534.0,4,1
2897,XML100_1346_09,100,1692.0,8601.0,4,1
2898,XML100_1346_10,100,1492.0,8236.0,4,1
2899,XML100_1346_11,100,2449.0,8063.0,3,1
2900,XML100_1346_12,100,2450.0,8122.0,3,1
2901,XML100_1346_13,100,1872.0,8148.0,3,1
2902,XML100_1346_14,100,1944.0,7906.0,3,1
2903,XML100_1346_15,100,1616.0,8173.0,3,1
2904,XML100_1346_16,100,2292.0,8228.0,3,1
2905,XML100_1346_17,100,2173.0,7258.0,3,1
2906,XML100_1346_18,100,1522.0,9906.0,4,1
2907,XML100_1346_19,100,2509.0,8489.0,3,1
2908,XML100_1346_20,100,2255.0,8147.0,3,1
2909,XML100_1346_21,100,2402.0,8037.0,3,1
2910,XML100_1346_22,100,2258.0,7911.0,3,1
2911,XML100_1346_23,100,1283.0,8963.0,4,1
2912,XML100_1346_24,100,1508.0,8781.0,4,1
2913,XML100_1346_25,100,2165.0,7445.0,3,1
2914,XML100_1346_26,100,1922.0,8193.0,3,1
2915,XML100_1346_27,100,1302.0,9217.0,4,1
2916,XML100_1351_01,100,363.0,29019.0,21,1
2917,XML100_1351_02,100,235.0,34605.0,33,1
2918,XML100_1351_03,100,291.0,26203.0,27,1
2919,XML100_1351_04,100,366.0,19489.0,22,1
2920,XML100_1351_05,100,307.0,42562.0,25,1
2921,XML100_1351_06,100,237.0,30822.0,34,1
2922,XML100_1351_07,100,325.0,24708.0,24,1
2923,XML100_1351_08,100,350.0,30922.0,22,1
2924,XML100_1351_09,100,362.0,31106.0,22,1
2925,XML100_1351_10,100,376.0,26690.0,21,1
2926,XML100_1351_11,100,362.0,34811.0,22,1
2927,XML100_1351_12,100,309.0,36162.0,25,1
2928,XML100_1351_13,100,352.0,39856.0,22,1
2929,XML100_1351_14,100,350.0,21631.0,22,1
2930,XML100_1351_15,100,281.0,26891.0,28,1
2931,XML100_1351_16,100,229.0,31822.0,34,1
2932,XML100_1351_17,100,337.0,24268.0,24,1
2933,XML100_1351_18,100,365.0,27066.0,22,1
2934,XML100_1351_19,100,288.0,21125.0,27,1
2935,XML100_1351_20,100,293.0,28372.0,28,1
2936,XML100_1351_21,100,309.0,34043.0,26,1
2937,XML100_1351_22,100,267.0,27677.0,30,1
2938,XML100_1351_23,100,316.0,30533.0,25,1
2939,XML100_1351_24,100,381.0,20923.0,21,1
2940,XML100_1351_25,100,306.0,22670.0,27,1
2941,XML100_1351_26,100,288.0,39194.0,29,1
2942,XML100_1351_27,100,318.0,33385.0,25,1
2943,XML100_1352_01,100,570.0,17248.0,14,1
2944,XML100_1352_02,100,447.0,30388.0,18,1
2945,XML100_1352_03,100,430.0,26356.0,18,1
2946,XML100_1352_04,100,471.0,15350.0,17,1
2947,XML100_1352_05,100,591.0,14711.0,13,1
2948,XML100_1352_06,100,469.0,24250.0,17,1
2949,XML100_1352_07,100,606.0,21517.0,13,1
2950,XML100_1352_08,100,535.0,20810.0,15,1
2951,XML100_1352_09,100,592.0,14725.0,14,1
2952,XML100_1352_10,100,515.0,18159.0,16,1
2953,XML100_1352_11,100,503.0,17406.0,15,1
2954,XML100_1352_12,100,505.0,24135.0,15,1
2955,XML100_1352_13,100,434.0,23187.0,18,1
2956,XML100_1352_14,100,422.0,30946.0,19,1
2957,XML100_1352_15,100,525.0,16351.0,15,1
2958,XML100_1352_16,100,397.0,19456.0,21,1
2959,XML100_1352_17,100,473.0,23187.0,17,1
2960,XML100_1352_18,100,452.0,26761.0,17,1
2961,XML100_1352_19,100,425.0,26395.0,19,1
2962,XML100_1352_20,100,559.0,19451.0,14,1
2963,XML100_1352_21,100,380.0,25644.0,21,1
2964,XML100_1352_22,100,556.0,19580.0,14,1
2965,XML100_1352_23,100,488.0,26335.0,16,1
2966,XML100_1352_24,100,596.0,16249.0,13,1
2967,XML100_1352_25,100,464.0,15560.0,16,1
2968,XML100_1352_26,100,533.0,20918.0,14,1
2969,XML100_1352_27,100,497.0,16538.0,15,1
2970,XML100_1353_01,100,868.0,16678.0,9,1
2971,XML100_1353_02,100,630.0,14876.0,13,1
2972,XML100_1353_03,100,820.0,14778.0,10,1
2973,XML100_1353_04,100,828.0,14476.0,10,1
2974,XML100_1353_05,100,781.0,18259.0,10,1
2975,XML100_1353_06,100,743.0,12676.0,11,1
2976,XML100_1353_07,100,757.0,12586.0,10,1
2977,XML100_1353_08,100,638.0,18095.0,12,1
2978,XML100_1353_09,100,750.0,15701.0,10,1
2979,XML100_1353_10,100,770.0,14047.0,10,1
2980,XML100_1353_11,100,730.0,16488.0,10,1
2981,XML100_1353_12,100,689.0,17718.0,11,1
2982,XML100_1353_13,100,685.0,17682.0,11,1
2983,XML100_1353_14,100,800.0,15109.0,10,1
2984,XML100_1353_15,100,727.0,16150.0,11,1
2985,XML100_1353_16,100,786.0,12697.0,10,1
2986,XML100_1353_17,100,728.0,18958.0,11,1
2987,XML100_1353_18,100,642.0,17607.0,13,1
2988,XML100_1353_19,100,764.0,15685.0,10,1
2989,XML100_1353_20,100,783.0,12053.0,10,1
2990,XML100_1353_21,100,736.0,14229.0,11,1
2991,XML100_1353_22,100,716.0,17465.0,10,1
2992,XML100_1353_23,100,854.0,12061.0,9,1
2993,XML100_1353_24,100,671.0,20999.0,11,1
2994,XML100_1353_25,100,617.0,14742.0,13,1
2995,XML100_1353_26,100,629.0,17667.0,13,1
2996,XML100_1353_27,100,663.0,14706.0,12,1
2997,XML100_1354_01,100,1175.0,12309.0,7,1
2998,XML100_1354_02,100,974.0,14469.0,8,1
2999,XML100_1354_03,100,1023.0,11769.0,8,1
3000,XML100_1354_04,100,998.0,11349.0,8,1
3001,XML100_1354_05,100,1048.0,12832.0,7,1
3002,XML100_1354_06,100,1099.0,10953.0,7,1
3003,XML100_1354_07,100,965.0,13793.0,8,1
3004,XML100_1354_08,100,1188.0,10590.0,7,1
3005,XML100_1354_09,100,1116.0,11387.0,7,1
3006,XML100_1354_10,100,1045.0,12665.0,8,1
3007,XML100_1354_11,100,903.0,13668.0,9,1
3008,XML100_1354_12,100,1014.0,13149.0,8,1
3009,XML100_1354_13,100,1072.0,11696.0,8,1
3010,XML100_1354_14,100,1079.0,12118.0,7,1
3011,XML100_1354_15,100,1119.0,12501.0,7,1
3012,XML100_1354_16,100,1136.0,12797.0,7,1
3013,XML100_1354_17,100,1063.0,11086.0,8,1
3014,XML100_1354_18,100,1094.0,12829.0,7,1
3015,XML100_1354_19,100,1003.0,15857.0,8,1
3016,XML100_1354_20,100,906.0,14618.0,9,1
3017,XML100_1354_21,100,968.0,14102.0,8,1
3018,XML100_1354_22,100,1123.0,11921.0,7,1
3019,XML100_1354_23,100,986.0,14158.0,8,1
3020,XML100_1354_24,100,1164.0,13053.0,7,1
3021,XML100_1354_25,100,1177.0,11040.0,7,1
3022,XML100_1354_26,100,992.0,11569.0,8,1
3023,XML100_1354_27,100,916.0,13138.0,9,1
3024,XML100_1355_01,100,1739.0,8327.0,5,1
3025,XML100_1355_02,100,1850.0,10265.0,5,1
3026,XML100_1355_03,100,1781.0,10307.0,5,1
3027,XML100_1355_04,100,1604.0,9981.0,5,1
3028,XML100_1355_05,100,1744.0,9905.0,5,1
3029,XML100_1355_06,100,1715.0,10232.0,5,1
3030,XML100_1355_07,100,1482.0,11168.0,6,1
3031,XML100_1355_08,100,1431.0,10591.0,6,1
3032,XML100_1355_09,100,1548.0,10513.0,5,1
3033,XML100_1355_10,100,1800.0,8862.0,5,1
3034,XML100_1355_11,100,1386.0,11526.0,6,1
3035,XML100_1355_12,100,1836.0,9105.0,5,1
3036,XML100_1355_13,100,1247.0,9991.0,6,1
3037,XML100_1355_14,100,1591.0,10401.0,5,1
3038,XML100_1355_15,100,1813.0,9076.0,5,1
3039,XML100_1355_16,100,1834.0,10263.0,5,1
3040,XML100_1355_17,100,1225.0,9233.0,7,1
3041,XML100_1355_18,100,1457.0,8963.0,5,1
3042,XML100_1355_19,100,1818.0,8841.0,5,1
3043,XML100_1355_20,100,1677.0,9986.0,5,1
3044,XML100_1355_21,100,1379.0,10517.0,6,1
3045,XML100_1355_22,100,1783.0,9232.0,5,1
3046,XML100_1355_23,100,1782.0,9670.0,5,1
3047,XML100_1355_24,100,1343.0,11600.0,6,1
3048,XML100_1355_25,100,1656.0,8761.0,5,1
3049,XML100_1355_26,100,1397.0,10050.0,6,1
3050,XML100_1355_27,100,1700.0,11567.0,5,1
3051,XML100_1356_01,100,2253.0,8444.0,4,1
3052,XML100_1356_02,100,2859.0,8940.0,3,1
3053,XML100_1356_03,100,3185.0,8053.0,3,1
3054,XML100_1356_04,100,3404.0,8609.0,3,1
3055,XML100_1356_05,100,2029.0,8487.0,4,1
3056,XML100_1356_06,100,2805.0,8412.0,3,1
3057,XML100_1356_07,100,3156.0,7804.0,3,1
3058,XML100_1356_08,100,3021.0,8426.0,3,1
3059,XML100_1356_09,100,2826.0,7790.0,3,1
3060,XML100_1356_10,100,2943.0,8319.0,3,1
3061,XML100_1356_11,100,3511.0,7847.0,3,1
3062,XML100_1356_12,100,3392.0,8564.0,3,1
3063,XML100_1356_13,100,2351.0,8388.0,4,1
3064,XML100_1356_14,100,3490.0,7820.0,3,1
3065,XML100_1356_15,100,2030.0,8371.0,4,1
3066,XML100_1356_16,100,3185.0,8198.0,3,0
3067,XML100_1356_17,100,2585.0,7625.0,3,1
3068,XML100_1356_18,100,2678.0,8634.0,3,1
3069,XML100_1356_19,100,3357.0,8064.0,3,1
3070,XML100_1356_20,100,3129.0,7736.0,3,1
3071,XML100_1356_21,100,3356.0,7680.0,3,1
3072,XML100_1356_22,100,3049.0,7203.0,3,1
3073,XML100_1356_23,100,2032.0,8869.0,4,1
3074,XML100_1356_24,100,3236.0,7928.0,3,1
3075,XML100_1356_25,100,3065.0,7604.0,3,1
3076,XML100_1356_26,100,2585.0,8069.0,3,1
3077,XML100_1356_27,100,2629.0,8851.0,3,1
3078,XML100_1361_01,100,170.0,40908.0,29,1
3079,XML100_1361_02,100,157.0,40595.0,34,1
3080,XML100_1361_03,100,246.0,30218.0,22,1
3081,XML100_1361_04,100,269.0,37030.0,22,1
3082,XML100_1361_05,100,215.0,27372.0,26,1
3083,XML100_1361_06,100,208.0,31358.0,23,1
3084,XML100_1361_07,100,135.0,54150.0,32,1
3085,XML100_1361_08,100,150.0,38452.0,34,1
3086,XML100_1361_09,100,163.0,40236.0,34,1
3087,XML100_1361_10,100,214.0,23709.0,23,1
3088,XML100_1361_11,100,181.0,27065.0,32,1
3089,XML100_1361_12,100,222.0,25397.0,22,1
3090,XML100_1361_13,100,192.0,27650.0,22,1
3091,XML100_1361_14,100,161.0,35880.0,31,0
3092,XML100_1361_15,100,231.0,23898.0,24,1
3093,XML100_1361_16,100,172.0,33805.0,28,1
3094,XML100_1361_17,100,151.0,27180.0,26,1
3095,XML100_1361_18,100,200.0,29834.0,27,1
3096,XML100_1361_19,100,224.0,24144.0,22,1
3097,XML100_1361_20,100,253.0,24552.0,21,1
3098,XML100_1361_21,100,216.0,27645.0,27,1
3099,XML100_1361_22,100,249.0,26951.0,23,1
3100,XML100_1361_23,100,213.0,28004.0,28,1
3101,XML100_1361_24,100,201.0,27429.0,25,1
3102,XML100_1361_25,100,247.0,25304.0,21,1
3103,XML100_1361_26,100,152.0,32240.0,26,1
3104,XML100_1361_27,100,178.0,47352.0,31,1
3105,XML100_1362_01,100,331.0,31158.0,20,1
3106,XML100_1362_02,100,251.0,21435.0,16,1
3107,XML100_1362_03,100,341.0,21906.0,16,1
3108,XML100_1362_04,100,336.0,14558.0,14,1
3109,XML100_1362_05,100,262.0,23060.0,20,1
3110,XML100_1362_06,100,296.0,33660.0,20,1
3111,XML100_1362_07,100,280.0,21209.0,16,1
3112,XML100_1362_08,100,327.0,18451.0,18,1
3113,XML100_1362_09,100,278.0,17295.0,16,1
3114,XML100_1362_10,100,335.0,18047.0,15,1
3115,XML100_1362_11,100,249.0,27660.0,18,1
3116,XML100_1362_12,100,263.0,20254.0,20,1
3117,XML100_1362_13,100,395.0,17546.0,14,1
3118,XML100_1362_14,100,199.0,18891.0,20,1
3119,XML100_1362_15,100,293.0,19896.0,17,1
3120,XML100_1362_16,100,427.0,15006.0,13,1
3121,XML100_1362_17,100,304.0,20537.0,16,1
3122,XML100_1362_18,100,337.0,23653.0,16,1
3123,XML100_1362_19,100,474.0,12733.0,14,1
3124,XML100_1362_20,100,355.0,17077.0,17,1
3125,XML100_1362_21,100,433.0,13412.0,14,1
3126,XML100_1362_22,100,306.0,21273.0,15,1
3127,XML100_1362_23,100,317.0,15733.0,16,1
3128,XML100_1362_24,100,207.0,26753.0,20,1
3129,XML100_1362_25,100,382.0,19599.0,14,1
3130,XML100_1362_26,100,414.0,18458.0,13,1
3131,XML100_1362_27,100,336.0,28543.0,18,1
3132,XML100_1363_01,100,408.0,13502.0,11,1
3133,XML100_1363_02,100,415.0,16164.0,13,1
3134,XML100_1363_03,100,577.0,12902.0,10,1
3135,XML100_1363_04,100,451.0,18960.0,11,1
3136,XML100_1363_05,100,529.0,14286.0,9,1
3137,XML100_1363_06,100,463.0,12537.0,11,1
3138,XML100_1363_07,100,359.0,15310.0,13,1
3139,XML100_1363_08,100,552.0,19809.0,10,1
3140,XML100_1363_09,100,518.0,16429.0,12,1
3141,XML100_1363_10,100,405.0,16322.0,11,1
3142,XML100_1363_11,100,602.0,12207.0,10,1
3143,XML100_1363_12,100,559.0,16910.0,10,1
3144,XML100_1363_13,100,490.0,12966.0,11,1
3145,XML100_1363_14,100,461.0,13033.0,10,1
3146,XML100_1363_15,100,490.0,12097.0,10,1
3147,XML100_1363_16,100,450.0,14995.0,12,1
3148,XML100_1363_17,100,464.0,13944.0,12,1
3149,XML100_1363_18,100,444.0,15994.0,10,1
3150,XML100_1363_19,100,585.0,13617.0,9,1
3151,XML100_1363_20,100,453.0,16843.0,12,1
3152,XML100_1363_21,100,617.0,13287.0,10,1
3153,XML100_1363_22,100,372.0,16508.0,12,1
3154,XML100_1363_23,100,505.0,11975.0,9,1
3155,XML100_1363_24,100,452.0,18643.0,11,1
3156,XML100_1363_25,100,487.0,13771.0,10,1
3157,XML100_1363_26,100,542.0,18854.0,11,1
3158,XML100_1363_27,100,628.0,13958.0,9,1
3159,XML100_1364_01,100,587.0,14304.0,9,1
3160,XML100_1364_02,100,846.0,13715.0,8,1
3161,XML100_1364_03,100,654.0,13203.0,9,1
3162,XML100_1364_04,100,734.0,11320.0,7,1
3163,XML100_1364_05,100,770.0,11731.0,7,1
3164,XML100_1364_06,100,547.0,14206.0,9,1
3165,XML100_1364_07,100,841.0,11811.0,7,1
3166,XML100_1364_08,100,954.0,12805.0,7,1
3167,XML100_1364_09,100,690.0,12460.0,8,1
3168,XML100_1364_10,100,846.0,13559.0,7,1
3169,XML100_1364_11,100,646.0,13832.0,8,1
3170,XML100_1364_12,100,664.0,10731.0,7,1
3171,XML100_1364_13,100,706.0,11936.0,7,1
3172,XML100_1364_14,100,560.0,14126.0,8,1
3173,XML100_1364_15,100,663.0,10849.0,8,1
3174,XML100_1364_16,100,739.0,14373.0,7,1
3175,XML100_1364_17,100,676.0,11596.0,9,1
3176,XML100_1364_18,100,689.0,10165.0,8,1
3177,XML100_1364_19,100,773.0,12780.0,7,1
3178,XML100_1364_20,100,570.0,13111.0,7,1
3179,XML100_1364_21,100,680.0,13947.0,8,1
3180,XML100_1364_22,100,613.0,13531.0,8,1
3181,XML100_1364_23,100,632.0,13037.0,8,1
3182,XML100_1364_24,100,510.0,14222.0,8,1
3183,XML100_1364_25,100,626.0,11685.0,8,1
3184,XML100_1364_26,100,790.0,10897.0,8,1
3185,XML100_1364_27,100,684.0,13262.0,8,1
3186,XML100_1365_01,100,1031.0,11261.0,5,1
3187,XML100_1365_02,100,1316.0,8884.0,5,1
3188,XML100_1365_03,100,1108.0,8622.0,5,1
3189,XML100_1365_04,100,1303.0,9849.0,5,1
3190,XML100_1365_05,100,964.0,9835.0,6,1
3191,XML100_1365_06,100,1127.0,9133.0,5,1
3192,XML100_1365_07,100,889.0,10144.0,5,1
3193,XML100_1365_08,100,1490.0,7742.0,5,1
3194,XML100_1365_09,100,1141.0,10460.0,5,1
3195,XML100_1365_10,100,1025.0,9030.0,5,1
3196,XML100_1365_11,100,821.0,9371.0,5,1
3197,XML100_1365_12,100,923.0,10682.0,7,1
3198,XML100_1365_13,100,1002.0,10787.0,7,1
3199,XML100_1365_14,100,872.0,9855.0,5,1
3200,XML100_1365_15,100,870.0,10884.0,6,1
3201,XML100_1365_16,100,816.0,9935.0,6,1
3202,XML100_1365_17,100,1276.0,11527.0,5,1
3203,XML100_1365_18,100,1055.0,11010.0,5,1
3204,XML100_1365_19,100,1035.0,9267.0,5,1
3205,XML100_1365_20,100,756.0,12111.0,6,1
3206,XML100_1365_21,100,922.0,10364.0,6,1
3207,XML100_1365_22,100,1127.0,9256.0,5,1
3208,XML100_1365_23,100,1105.0,9418.0,6,1
3209,XML100_1365_24,100,1046.0,10665.0,5,1
3210,XML100_1365_25,100,965.0,13566.0,6,1
3211,XML100_1365_26,100,776.0,11060.0,6,1
3212,XML100_1365_27,100,1165.0,10523.0,5,1
3213,XML100_1366_01,100,1728.0,8141.0,3,1
3214,XML100_1366_02,100,1900.0,8054.0,3,1
3215,XML100_1366_03,100,1879.0,8332.0,3,1
3216,XML100_1366_04,100,1365.0,8510.0,4,1
3217,XML100_1366_05,100,2297.0,8622.0,3,1
3218,XML100_1366_06,100,2534.0,7942.0,3,1
3219,XML100_1366_07,100,2221.0,7698.0,3,1
3220,XML100_1366_08,100,1871.0,8179.0,3,1
3221,XML100_1366_09,100,1943.0,8429.0,4,1
3222,XML100_1366_10,100,2070.0,7670.0,3,1
3223,XML100_1366_11,100,1548.0,9203.0,4,1
3224,XML100_1366_12,100,1857.0,7949.0,3,1
3225,XML100_1366_13,100,1877.0,7785.0,3,1
3226,XML100_1366_14,100,1970.0,7585.0,3,1
3227,XML100_1366_15,100,1941.0,8526.0,3,1
3228,XML100_1366_16,100,1837.0,8351.0,3,1
3229,XML100_1366_17,100,1682.0,8584.0,3,1
3230,XML100_1366_18,100,2366.0,8171.0,3,1
3231,XML100_1366_19,100,1445.0,7979.0,4,1
3232,XML100_1366_20,100,1445.0,9366.0,4,1
3233,XML100_1366_21,100,1544.0,8557.0,4,1
3234,XML100_1366_22,100,1906.0,7969.0,3,1
3235,XML100_1366_23,100,2109.0,7568.0,3,1
3236,XML100_1366_24,100,1227.0,8124.0,4,1
3237,XML100_1366_25,100,1449.0,9150.0,4,1
3238,XML100_1366_26,100,1954.0,8211.0,3,1
3239,XML100_1366_27,100,1692.0,9167.0,4,1
3240,XML100_1371_01,100,126.0,35234.0,25,1
3241,XML100_1371_02,100,119.0,18134.0,27,1
3242,XML100_1371_03,100,123.0,28583.0,22,1
3243,XML100_1371_04,100,120.0,30428.0,37,1
3244,XML100_1371_05,100,118.0,62002.0,41,0
3245,XML100_1371_06,100,130.0,31482.0,28,1
3246,XML100_1371_07,100,120.0,40081.0,41,1
3247,XML100_1371_08,100,118.0,37545.0,23,1
3248,XML100_1371_09,100,129.0,28737.0,27,1
3249,XML100_1371_10,100,120.0,24465.0,22,1
3250,XML100_1371_11,100,123.0,44785.0,31,0
3251,XML100_1371_12,100,126.0,23133.0,26,1
3252,XML100_1371_13,100,126.0,35232.0,28,1
3253,XML100_1371_14,100,115.0,37943.0,36,0
3254,XML100_1371_15,100,126.0,35585.0,23,1
3255,XML100_1371_16,100,117.0,42965.0,42,0
3256,XML100_1371_17,100,132.0,36377.0,23,1
3257,XML100_1371_18,100,126.0,20341.0,25,0
3258,XML100_1371_19,100,118.0,40033.0,39,0
3259,XML100_1371_20,100,117.0,44707.0,33,1
3260,XML100_1371_21,100,125.0,29611.0,24,1
3261,XML100_1371_22,100,121.0,29141.0,22,1
3262,XML100_1371_23,100,119.0,29602.0,36,0
3263,XML100_1371_24,100,119.0,41108.0,36,0
3264,XML100_1371_25,100,123.0,33074.0,38,1
3265,XML100_1371_26,100,119.0,26418.0,34,0
3266,XML100_1371_27,100,120.0,32186.0,33,1
3267,XML100_1372_01,100,129.0,16816.0,21,0
3268,XML100_1372_02,100,141.0,18920.0,14,1
3269,XML100_1372_03,100,131.0,23876.0,16,1
3270,XML100_1372_04,100,135.0,18404.0,16,1
3271,XML100_1372_05,100,133.0,15316.0,16,1
3272,XML100_1372_06,100,125.0,21800.0,19,1
3273,XML100_1372_07,100,138.0,20201.0,14,1
3274,XML100_1372_08,100,132.0,25884.0,16,1
3275,XML100_1372_09,100,142.0,16669.0,14,1
3276,XML100_1372_10,100,133.0,22036.0,21,1
3277,XML100_1372_11,100,143.0,22993.0,13,1
3278,XML100_1372_12,100,140.0,19153.0,15,1
3279,XML100_1372_13,100,130.0,18502.0,23,1
3280,XML100_1372_14,100,133.0,22767.0,16,1
3281,XML100_1372_15,100,124.0,17482.0,16,1
3282,XML100_1372_16,100,135.0,24341.0,18,1
3283,XML100_1372_17,100,139.0,18456.0,15,1
3284,XML100_1372_18,100,130.0,22535.0,21,1
3285,XML100_1372_19,100,133.0,18390.0,19,1
3286,XML100_1372_20,100,145.0,13918.0,14,1
3287,XML100_1372_21,100,134.0,26233.0,18,0
3288,XML100_1372_22,100,136.0,30151.0,18,1
3289,XML100_1372_23,100,130.0,21859.0,14,1
3290,XML100_1372_24,100,138.0,23778.0,19,1
3291,XML100_1372_25,100,124.0,34561.0,21,1
3292,XML100_1372_26,100,123.0,25071.0,21,1
3293,XML100_1372_27,100,137.0,22735.0,13,1
3294,XML100_1373_01,100,144.0,14938.0,10,1
3295,XML100_1373_02,100,140.0,15403.0,9,1
3296,XML100_1373_03,100,158.0,18070.0,10,1
3297,XML100_1373_04,100,158.0,13890.0,12,1
3298,XML100_1373_05,100,159.0,14822.0,9,1
3299,XML100_1373_06,100,153.0,17500.0,10,1
3300,XML100_1373_07,100,136.0,13452.0,12,1
3301,XML100_1373_08,100,134.0,15358.0,13,1
3302,XML100_1373_09,100,143.0,17272.0,13,1
3303,XML100_1373_10,100,146.0,16739.0,12,1
3304,XML100_1373_11,100,150.0,14600.0,10,1
3305,XML100_1373_12,100,139.0,17446.0,11,1
3306,XML100_1373_13,100,150.0,12840.0,11,1
3307,XML100_1373_14,100,145.0,13923.0,13,1
3308,XML100_1373_15,100,147.0,17598.0,13,1
3309,XML100_1373_16,100,165.0,13271.0,10,1
3310,XML100_1373_17,100,161.0,14944.0,9,1
3311,XML100_1373_18,100,135.0,13550.0,12,1
3312,XML100_1373_19,100,145.0,14276.0,9,1
3313,XML100_1373_20,100,165.0,12389.0,10,1
3314,XML100_1373_21,100,141.0,12741.0,11,1
3315,XML100_1373_22,100,146.0,14056.0,12,1
3316,XML100_1373_23,100,154.0,13917.0,11,1
3317,XML100_1373_24,100,138.0,17899.0,12,1
3318,XML100_1373_25,100,147.0,12467.0,10,1
3319,XML100_1373_26,100,140.0,17004.0,11,1
3320,XML100_1373_27,100,149.0,14456.0,9,1
3321,XML100_1374_01,100,171.0,10496.0,7,1
3322,XML100_1374_02,100,160.0,11827.0,7,1
3323,XML100_1374_03,100,186.0,10835.0,7,1
3324,XML100_1374_04,100,142.0,15135.0,8,1
3325,XML100_1374_05,100,155.0,11411.0,9,1
3326,XML100_1374_06,100,169.0,10704.0,8,1
3327,XML100_1374_07,100,159.0,14647.0,8,1
3328,XML100_1374_08,100,170.0,11899.0,7,1
3329,XML100_1374_09,100,156.0,16620.0,9,1
3330,XML100_1374_10,100,166.0,12456.0,7,1
3331,XML100_1374_11,100,175.0,11628.0,7,1
3332,XML100_1374_12,100,160.0,11719.0,8,1
3333,XML100_1374_13,100,166.0,12318.0,7,1
3334,XML100_1374_14,100,169.0,12263.0,8,1
3335,XML100_1374_15,100,149.0,10516.0,8,1
3336,XML100_1374_16,100,179.0,13173.0,7,1
3337,XML100_1374_17,100,147.0,14625.0,8,1
3338,XML100_1374_18,100,156.0,11501.0,8,1
3339,XML100_1374_19,100,174.0,9619.0,7,1
3340,XML100_1374_20,100,152.0,10878.0,8,1
3341,XML100_1374_21,100,155.0,15115.0,9,1
3342,XML100_1374_22,100,172.0,13232.0,7,1
3343,XML100_1374_23,100,161.0,11412.0,7,1
3344,XML100_1374_24,100,175.0,10429.0,7,1
3345,XML100_1374_25,100,169.0,11128.0,9,1
3346,XML100_1374_26,100,175.0,10280.0,8,1
3347,XML100_1374_27,100,161.0,10555.0,8,1
3348,XML100_1375_01,100,212.0,9170.0,5,1
3349,XML100_1375_02,100,215.0,9530.0,5,1
3350,XML100_1375_03,100,195.0,10603.0,5,1
3351,XML100_1375_04,100,195.0,10218.0,5,1
3352,XML100_1375_05,100,208.0,8459.0,5,1
3353,XML100_1375_06,100,182.0,12128.0,6,1
3354,XML100_1375_07,100,177.0,9859.0,6,1
3355,XML100_1375_08,100,189.0,9207.0,6,1
3356,XML100_1375_09,100,196.0,11982.0,6,1
3357,XML100_1375_10,100,211.0,8882.0,5,1
3358,XML100_1375_11,100,208.0,8932.0,5,1
3359,XML100_1375_12,100,194.0,9034.0,6,1
3360,XML100_1375_13,100,187.0,10846.0,7,1
3361,XML100_1375_14,100,211.0,8942.0,5,1
3362,XML100_1375_15,100,183.0,10215.0,6,1
3363,XML100_1375_16,100,190.0,11439.0,6,1
3364,XML100_1375_17,100,194.0,8975.0,5,1
3365,XML100_1375_18,100,178.0,9982.0,7,1
3366,XML100_1375_19,100,183.0,10665.0,6,1
3367,XML100_1375_20,100,200.0,9387.0,5,1
3368,XML100_1375_21,100,200.0,11277.0,5,1
3369,XML100_1375_22,100,225.0,9605.0,5,1
3370,XML100_1375_23,100,197.0,9350.0,5,1
3371,XML100_1375_24,100,187.0,9335.0,7,1
3372,XML100_1375_25,100,182.0,11849.0,6,1
3373,XML100_1375_26,100,204.0,8071.0,5,1
3374,XML100_1375_27,100,189.0,10628.0,6,1
3375,XML100_1376_01,100,252.0,8541.0,3,1
3376,XML100_1376_02,100,302.0,7866.0,3,1
3377,XML100_1376_03,100,303.0,8056.0,3,1
3378,XML100_1376_04,100,264.0,8265.0,3,1
3379,XML100_1376_05,100,245.0,8289.0,4,1
3380,XML100_1376_06,100,239.0,8539.0,4,1
3381,XML100_1376_07,100,319.0,7579.0,3,1
3382,XML100_1376_08,100,278.0,7990.0,3,1
3383,XML100_1376_09,100,252.0,8090.0,4,1
3384,XML100_1376_10,100,297.0,8082.0,3,1
3385,XML100_1376_11,100,226.0,8560.0,4,1
3386,XML100_1376_12,100,238.0,8995.0,4,1
3387,XML100_1376_13,100,280.0,8111.0,3,1
3388,XML100_1376_14,100,290.0,8501.0,3,1
3389,XML100_1376_15,100,274.0,8222.0,3,1
3390,XML100_1376_16,100,280.0,8131.0,3,1
3391,XML100_1376_17,100,369.0,8401.0,3,1
3392,XML100_1376_18,100,215.0,8402.0,4,1
3393,XML100_1376_19,100,256.0,8172.0,3,1
3394,XML100_1376_20,100,300.0,7841.0,3,1
3395,XML100_1376_21,100,271.0,8775.0,3,1
3396,XML100_1376_22,100,302.0,7727.0,3,1
3397,XML100_1376_23,100,239.0,8542.0,4,1
3398,XML100_1376_24,100,290.0,8427.0,3,1
3399,XML100_1376_25,100,265.0,7815.0,3,1
3400,XML100_1376_26,100,256.0,8477.0,3,1
3401,XML100_1376_27,100,301.0,7945.0,3,1
3402,XML100_2111_01,100,4.0,22626.0,25,1
3403,XML100_2111_02,100,3.0,29271.0,34,1
3404,XML100_2111_03,100,4.0,22698.0,25,1
3405,XML100_2111_04,100,3.0,28752.0,34,1
3406,XML100_2111_05,100,3.0,29217.0,34,1
3407,XML100_2111_06,100,3.0,28912.0,34,1
3408,XML100_2111_07,100,4.0,23353.0,25,1
3409,XML100_2111_08,100,4.0,23609.0,25,1
3410,XML100_2111_09,100,3.0,29873.0,34,1
3411,XML100_2111_10,100,3.0,28731.0,34,1
3412,XML100_2111_11,100,4.0,23186.0,25,1
3413,XML100_2111_12,100,3.0,29168.0,34,1
3414,XML100_2111_13,100,3.0,28554.0,34,1
3415,XML100_2111_14,100,4.0,22887.0,25,1
3416,XML100_2111_15,100,4.0,23666.0,25,1
3417,XML100_2111_16,100,4.0,24985.0,25,1
3418,XML100_2111_17,100,4.0,23543.0,25,1
3419,XML100_2111_18,100,4.0,23472.0,25,1
3420,XML100_2111_19,100,3.0,30355.0,34,1
3421,XML100_2111_20,100,4.0,23266.0,25,1
3422,XML100_2111_21,100,4.0,23000.0,25,1
3423,XML100_2111_22,100,3.0,28572.0,34,1
3424,XML100_2111_23,100,3.0,31588.0,34,1
3425,XML100_2111_24,100,3.0,29396.0,34,1
3426,XML100_2111_25,100,3.0,28372.0,34,1
3427,XML100_2111_26,100,4.0,24189.0,25,1
3428,XML100_2111_27,100,4.0,23747.0,25,1
3429,XML100_2112_01,100,6.0,17730.0,17,1
3430,XML100_2112_02,100,6.0,18057.0,17,1
3431,XML100_2112_03,100,7.0,15824.0,15,1
3432,XML100_2112_04,100,7.0,16358.0,15,1
3433,XML100_2112_05,100,7.0,15909.0,15,1
3434,XML100_2112_06,100,7.0,16045.0,15,1
3435,XML100_2112_07,100,6.0,17884.0,17,1
3436,XML100_2112_08,100,5.0,20554.0,20,1
3437,XML100_2112_09,100,7.0,16057.0,15,1
3438,XML100_2112_10,100,7.0,16167.0,15,1
3439,XML100_2112_11,100,5.0,19664.0,20,1
3440,XML100_2112_12,100,5.0,19746.0,20,1
3441,XML100_2112_13,100,5.0,19984.0,20,1
3442,XML100_2112_14,100,7.0,15995.0,15,1
3443,XML100_2112_15,100,6.0,17738.0,17,1
3444,XML100_2112_16,100,7.0,15269.0,15,1
3445,XML100_2112_17,100,5.0,20222.0,20,1
3446,XML100_2112_18,100,5.0,20628.0,20,1
3447,XML100_2112_19,100,7.0,15941.0,15,1
3448,XML100_2112_20,100,5.0,19261.0,20,1
3449,XML100_2112_21,100,5.0,20893.0,20,1
3450,XML100_2112_22,100,6.0,17978.0,17,1
3451,XML100_2112_23,100,5.0,19490.0,20,1
3452,XML100_2112_24,100,6.0,17169.0,17,1
3453,XML100_2112_25,100,6.0,15855.0,17,1
3454,XML100_2112_26,100,7.0,16383.0,15,1
3455,XML100_2112_27,100,7.0,15732.0,15,1
3456,XML100_2113_01,100,11.0,12113.0,10,1
3457,XML100_2113_02,100,9.0,13633.0,12,1
3458,XML100_2113_03,100,10.0,12459.0,10,1
3459,XML100_2113_04,100,9.0,13776.0,12,1
3460,XML100_2113_05,100,9.0,13932.0,12,1
3461,XML100_2113_06,100,9.0,13939.0,12,1
3462,XML100_2113_07,100,9.0,13861.0,12,1
3463,XML100_2113_08,100,9.0,12733.0,12,1
3464,XML100_2113_09,100,9.0,13928.0,12,1
3465,XML100_2113_10,100,10.0,12586.0,10,1
3466,XML100_2113_11,100,8.0,14606.0,13,1
3467,XML100_2113_12,100,8.0,14802.0,13,1
3468,XML100_2113_13,100,10.0,12747.0,10,1
3469,XML100_2113_14,100,8.0,14543.0,13,1
3470,XML100_2113_15,100,11.0,11927.0,10,1
3471,XML100_2113_16,100,10.0,12595.0,10,1
3472,XML100_2113_17,100,9.0,13355.0,12,1
3473,XML100_2113_18,100,11.0,12093.0,10,1
3474,XML100_2113_19,100,11.0,11816.0,10,1
3475,XML100_2113_20,100,9.0,13730.0,12,1
3476,XML100_2113_21,100,10.0,12965.0,10,1
3477,XML100_2113_22,100,8.0,14542.0,13,1
3478,XML100_2113_23,100,10.0,12981.0,10,1
3479,XML100_2113_24,100,8.0,13860.0,13,1
3480,XML100_2113_25,100,9.0,13503.0,12,1
3481,XML100_2113_26,100,10.0,13082.0,10,1
3482,XML100_2113_27,100,9.0,13850.0,12,1
3483,XML100_2114_01,100,13.0,11257.0,8,1
3484,XML100_2114_02,100,13.0,10948.0,8,1
3485,XML100_2114_03,100,14.0,11050.0,8,1
3486,XML100_2114_04,100,15.0,10562.0,7,1
3487,XML100_2114_05,100,12.0,11621.0,9,1
3488,XML100_2114_06,100,15.0,10332.0,7,1
3489,XML100_2114_07,100,15.0,9695.0,7,1
3490,XML100_2114_08,100,14.0,10868.0,8,1
3491,XML100_2114_09,100,14.0,10602.0,8,1
3492,XML100_2114_10,100,13.0,10994.0,8,1
3493,XML100_2114_11,100,13.0,11190.0,8,1
3494,XML100_2114_12,100,12.0,11093.0,9,1
3495,XML100_2114_13,100,13.0,11016.0,8,1
3496,XML100_2114_14,100,14.0,10613.0,8,1
3497,XML100_2114_15,100,12.0,12247.0,9,1
3498,XML100_2114_16,100,12.0,12019.0,9,1
3499,XML100_2114_17,100,14.0,10706.0,8,1
3500,XML100_2114_18,100,12.0,11277.0,9,1
3501,XML100_2114_19,100,13.0,11448.0,8,1
3502,XML100_2114_20,100,13.0,11125.0,8,1
3503,XML100_2114_21,100,12.0,12017.0,9,1
3504,XML100_2114_22,100,15.0,10600.0,7,1
3505,XML100_2114_23,100,12.0,11582.0,9,1
3506,XML100_2114_24,100,15.0,10716.0,7,1
3507,XML100_2114_25,100,15.0,10429.0,7,1
3508,XML100_2114_26,100,15.0,10773.0,7,1
3509,XML100_2114_27,100,13.0,11505.0,8,1
3510,XML100_2115_01,100,18.0,9808.0,6,1
3511,XML100_2115_02,100,23.0,9427.0,5,1
3512,XML100_2115_03,100,22.0,9030.0,5,1
3513,XML100_2115_04,100,17.0,10021.0,6,1
3514,XML100_2115_05,100,22.0,9459.0,5,1
3515,XML100_2115_06,100,18.0,9839.0,6,1
3516,XML100_2115_07,100,19.0,9660.0,6,1
3517,XML100_2115_08,100,18.0,9681.0,6,1
3518,XML100_2115_09,100,18.0,9301.0,6,1
3519,XML100_2115_10,100,21.0,9662.0,5,1
3520,XML100_2115_11,100,24.0,9149.0,5,1
3521,XML100_2115_12,100,16.0,10493.0,7,1
3522,XML100_2115_13,100,22.0,9290.0,5,1
3523,XML100_2115_14,100,22.0,9419.0,5,1
3524,XML100_2115_15,100,18.0,9947.0,6,1
3525,XML100_2115_16,100,24.0,8914.0,5,1
3526,XML100_2115_17,100,20.0,9210.0,5,1
3527,XML100_2115_18,100,18.0,9673.0,6,1
3528,XML100_2115_19,100,18.0,9779.0,6,1
3529,XML100_2115_20,100,20.0,9188.0,5,1
3530,XML100_2115_21,100,20.0,9729.0,5,1
3531,XML100_2115_22,100,19.0,9809.0,6,1
3532,XML100_2115_23,100,17.0,9729.0,6,1
3533,XML100_2115_24,100,19.0,9972.0,6,1
3534,XML100_2115_25,100,18.0,9762.0,6,1
3535,XML100_2115_26,100,16.0,10096.0,7,1
3536,XML100_2115_27,100,16.0,10566.0,7,1
3537,XML100_2116_01,100,40.0,8516.0,3,1
3538,XML100_2116_02,100,38.0,8503.0,3,1
3539,XML100_2116_03,100,44.0,8399.0,3,1
3540,XML100_2116_04,100,43.0,8529.0,3,1
3541,XML100_2116_05,100,49.0,8066.0,3,1
3542,XML100_2116_06,100,31.0,8823.0,4,1
3543,XML100_2116_07,100,26.0,9087.0,4,1
3544,XML100_2116_08,100,43.0,8179.0,3,1
3545,XML100_2116_09,100,31.0,8757.0,4,1
3546,XML100_2116_10,100,45.0,8293.0,3,1
3547,XML100_2116_11,100,28.0,8459.0,4,1
3548,XML100_2116_12,100,41.0,8317.0,3,1
3549,XML100_2116_13,100,27.0,8510.0,4,1
3550,XML100_2116_14,100,45.0,8583.0,3,1
3551,XML100_2116_15,100,49.0,8208.0,3,1
3552,XML100_2116_16,100,34.0,8324.0,3,1
3553,XML100_2116_17,100,28.0,8431.0,4,1
3554,XML100_2116_18,100,38.0,8211.0,3,1
3555,XML100_2116_19,100,47.0,8134.0,3,1
3556,XML100_2116_20,100,35.0,8395.0,3,1
3557,XML100_2116_21,100,49.0,8151.0,3,1
3558,XML100_2116_22,100,35.0,8404.0,3,1
3559,XML100_2116_23,100,37.0,8093.0,3,1
3560,XML100_2116_24,100,36.0,7858.0,3,1
3561,XML100_2116_25,100,27.0,8318.0,4,1
3562,XML100_2116_26,100,38.0,8029.0,3,1
3563,XML100_2116_27,100,30.0,8835.0,4,1
3564,XML100_2121_01,100,24.0,22694.0,24,1
3565,XML100_2121_02,100,23.0,21855.0,23,1
3566,XML100_2121_03,100,29.0,19962.0,20,1
3567,XML100_2121_04,100,25.0,22311.0,23,1
3568,XML100_2121_05,100,22.0,22033.0,26,1
3569,XML100_2121_06,100,27.0,22437.0,23,1
3570,XML100_2121_07,100,17.0,26816.0,29,1
3571,XML100_2121_08,100,24.0,22103.0,23,1
3572,XML100_2121_09,100,23.0,23414.0,25,1
3573,XML100_2121_10,100,28.0,20601.0,21,1
3574,XML100_2121_11,100,29.0,21279.0,21,1
3575,XML100_2121_12,100,26.0,21429.0,22,1
3576,XML100_2121_13,100,21.0,27386.0,28,1
3577,XML100_2121_14,100,22.0,25311.0,26,1
3578,XML100_2121_15,100,21.0,25177.0,27,1
3579,XML100_2121_16,100,25.0,20351.0,21,1
3580,XML100_2121_17,100,18.0,30152.0,32,1
3581,XML100_2121_18,100,25.0,22339.0,24,1
3582,XML100_2121_19,100,27.0,21432.0,22,1
3583,XML100_2121_20,100,20.0,28004.0,30,1
3584,XML100_2121_21,100,25.0,22667.0,23,1
3585,XML100_2121_22,100,31.0,21136.0,21,1
3586,XML100_2121_23,100,18.0,28093.0,33,1
3587,XML100_2121_24,100,23.0,23991.0,23,1
3588,XML100_2121_25,100,24.0,22534.0,23,1
3589,XML100_2121_26,100,20.0,26598.0,28,1
3590,XML100_2121_27,100,19.0,25678.0,28,1
3591,XML100_2122_01,100,38.0,16895.0,17,1
3592,XML100_2122_02,100,38.0,15974.0,16,1
3593,XML100_2122_03,100,29.0,18860.0,18,1
3594,XML100_2122_04,100,44.0,15907.0,13,1
3595,XML100_2122_05,100,36.0,17255.0,16,1
3596,XML100_2122_06,100,28.0,19606.0,20,1
3597,XML100_2122_07,100,33.0,17715.0,17,1
3598,XML100_2122_08,100,31.0,17260.0,18,1
3599,XML100_2122_09,100,44.0,13576.0,13,1
3600,XML100_2122_10,100,44.0,15436.0,13,1
3601,XML100_2122_11,100,32.0,19151.0,18,1
3602,XML100_2122_12,100,27.0,18684.0,18,1
3603,XML100_2122_13,100,35.0,17442.0,17,1
3604,XML100_2122_14,100,39.0,14498.0,14,1
3605,XML100_2122_15,100,38.0,15149.0,14,1
3606,XML100_2122_16,100,39.0,15366.0,14,1
3607,XML100_2122_17,100,35.0,17253.0,17,1
3608,XML100_2122_18,100,33.0,19355.0,18,1
3609,XML100_2122_19,100,41.0,14798.0,13,1
3610,XML100_2122_20,100,44.0,14713.0,13,1
3611,XML100_2122_21,100,42.0,15274.0,14,1
3612,XML100_2122_22,100,33.0,17849.0,17,1
3613,XML100_2122_23,100,38.0,16388.0,16,1
3614,XML100_2122_24,100,46.0,15601.0,14,1
3615,XML100_2122_25,100,38.0,15548.0,14,1
3616,XML100_2122_26,100,39.0,14662.0,13,1
3617,XML100_2122_27,100,34.0,18463.0,18,1
3618,XML100_2123_01,100,57.0,12853.0,10,1
3619,XML100_2123_02,100,53.0,12860.0,11,1
3620,XML100_2123_03,100,46.0,14575.0,13,1
3621,XML100_2123_04,100,45.0,14533.0,12,1
3622,XML100_2123_05,100,64.0,11467.0,9,1
3623,XML100_2123_06,100,70.0,11771.0,9,1
3624,XML100_2123_07,100,63.0,11474.0,9,1
3625,XML100_2123_08,100,48.0,13208.0,12,1
3626,XML100_2123_09,100,50.0,12944.0,11,1
3627,XML100_2123_10,100,50.0,14128.0,12,1
3628,XML100_2123_11,100,57.0,12923.0,10,1
3629,XML100_2123_12,100,57.0,13068.0,10,1
3630,XML100_2123_13,100,64.0,12174.0,9,1
3631,XML100_2123_14,100,51.0,13769.0,11,1
3632,XML100_2123_15,100,59.0,11505.0,9,1
3633,XML100_2123_16,100,47.0,13519.0,12,1
3634,XML100_2123_17,100,67.0,12007.0,9,1
3635,XML100_2123_18,100,51.0,12771.0,11,1
3636,XML100_2123_19,100,64.0,11860.0,9,1
3637,XML100_2123_20,100,53.0,12688.0,10,1
3638,XML100_2123_21,100,50.0,13708.0,11,1
3639,XML100_2123_22,100,49.0,13792.0,12,1
3640,XML100_2123_23,100,48.0,14739.0,13,1
3641,XML100_2123_24,100,62.0,12378.0,10,1
3642,XML100_2123_25,100,61.0,12385.0,10,1
3643,XML100_2123_26,100,53.0,13739.0,12,1
3644,XML100_2123_27,100,60.0,11850.0,9,1
3645,XML100_2124_01,100,72.0,11417.0,8,1
3646,XML100_2124_02,100,78.0,11002.0,8,1
3647,XML100_2124_03,100,70.0,11126.0,8,1
3648,XML100_2124_04,100,81.0,10409.0,7,1
3649,XML100_2124_05,100,71.0,11210.0,8,1
3650,XML100_2124_06,100,72.0,11456.0,8,1
3651,XML100_2124_07,100,63.0,11696.0,9,1
3652,XML100_2124_08,100,82.0,10532.0,7,1
3653,XML100_2124_09,100,86.0,10630.0,7,1
3654,XML100_2124_10,100,75.0,10913.0,8,1
3655,XML100_2124_11,100,81.0,10460.0,8,1
3656,XML100_2124_12,100,73.0,11161.0,8,1
3657,XML100_2124_13,100,68.0,11590.0,9,1
3658,XML100_2124_14,100,71.0,11155.0,8,1
3659,XML100_2124_15,100,72.0,11647.0,8,1
3660,XML100_2124_16,100,86.0,10481.0,7,1
3661,XML100_2124_17,100,85.0,10230.0,7,1
3662,XML100_2124_18,100,86.0,10245.0,7,1
3663,XML100_2124_19,100,71.0,10929.0,8,1
3664,XML100_2124_20,100,70.0,11031.0,8,1
3665,XML100_2124_21,100,86.0,10736.0,7,1
3666,XML100_2124_22,100,90.0,10405.0,7,1
3667,XML100_2124_23,100,78.0,11036.0,8,1
3668,XML100_2124_24,100,88.0,10197.0,7,1
3669,XML100_2124_25,100,74.0,10957.0,8,1
3670,XML100_2124_26,100,81.0,10856.0,7,1
3671,XML100_2124_27,100,66.0,11330.0,8,1
3672,XML100_2125_01,100,113.0,9747.0,6,1
3673,XML100_2125_02,100,128.0,9148.0,5,1
3674,XML100_2125_03,100,91.0,10699.0,7,1
3675,XML100_2125_04,100,108.0,9934.0,6,1
3676,XML100_2125_05,100,85.0,10449.0,7,1
3677,XML100_2125_06,100,97.0,10243.0,8,1
3678,XML100_2125_07,100,134.0,9126.0,5,1
3679,XML100_2125_08,100,137.0,9185.0,5,1
3680,XML100_2125_09,100,94.0,10002.0,6,1
3681,XML100_2125_10,100,113.0,9002.0,5,1
3682,XML100_2125_11,100,91.0,9091.0,7,1
3683,XML100_2125_12,100,134.0,9218.0,5,1
3684,XML100_2125_13,100,131.0,8719.0,5,1
3685,XML100_2125_14,100,122.0,9491.0,5,1
3686,XML100_2125_15,100,124.0,9118.0,5,1
3687,XML100_2125_16,100,128.0,8944.0,5,1
3688,XML100_2125_17,100,123.0,9480.0,5,1
3689,XML100_2125_18,100,109.0,9367.0,6,1
3690,XML100_2125_19,100,104.0,9612.0,6,1
3691,XML100_2125_20,100,119.0,9058.0,5,1
3692,XML100_2125_21,100,92.0,9621.0,6,1
3693,XML100_2125_22,100,89.0,10233.0,7,1
3694,XML100_2125_23,100,103.0,9628.0,6,1
3695,XML100_2125_24,100,112.0,9950.0,6,1
3696,XML100_2125_25,100,107.0,9412.0,6,1
3697,XML100_2125_26,100,105.0,9603.0,6,1
3698,XML100_2125_27,100,97.0,9335.0,6,1
3699,XML100_2126_01,100,264.0,8335.0,3,1
3700,XML100_2126_02,100,181.0,8510.0,3,1
3701,XML100_2126_03,100,234.0,8011.0,3,1
3702,XML100_2126_04,100,187.0,8229.0,3,1
3703,XML100_2126_05,100,157.0,8155.0,4,1
3704,XML100_2126_06,100,152.0,8737.0,4,1
3705,XML100_2126_07,100,148.0,9080.0,4,1
3706,XML100_2126_08,100,201.0,8540.0,3,1
3707,XML100_2126_09,100,265.0,8308.0,3,1
3708,XML100_2126_10,100,261.0,8243.0,3,1
3709,XML100_2126_11,100,149.0,8860.0,4,1
3710,XML100_2126_12,100,249.0,8250.0,3,1
3711,XML100_2126_13,100,222.0,8641.0,3,1
3712,XML100_2126_14,100,150.0,8647.0,4,1
3713,XML100_2126_15,100,280.0,8719.0,3,1
3714,XML100_2126_16,100,174.0,8456.0,4,1
3715,XML100_2126_17,100,188.0,8110.0,3,1
3716,XML100_2126_18,100,136.0,8773.0,4,1
3717,XML100_2126_19,100,162.0,8905.0,4,1
3718,XML100_2126_20,100,255.0,8758.0,3,1
3719,XML100_2126_21,100,276.0,8381.0,3,1
3720,XML100_2126_22,100,148.0,9352.0,4,1
3721,XML100_2126_23,100,173.0,8758.0,4,1
3722,XML100_2126_24,100,160.0,9000.0,4,1
3723,XML100_2126_25,100,198.0,8008.0,3,1
3724,XML100_2126_26,100,128.0,9057.0,4,1
3725,XML100_2126_27,100,164.0,8415.0,4,1
3726,XML100_2131_01,100,24.0,29829.0,33,1
3727,XML100_2131_02,100,31.0,24069.0,26,1
3728,XML100_2131_03,100,26.0,28013.0,30,1
3729,XML100_2131_04,100,27.0,28409.0,30,1
3730,XML100_2131_05,100,33.0,22950.0,24,1
3731,XML100_2131_06,100,34.0,22571.0,23,1
3732,XML100_2131_07,100,36.0,22491.0,22,1
3733,XML100_2131_08,100,29.0,26530.0,28,1
3734,XML100_2131_09,100,32.0,23856.0,25,1
3735,XML100_2131_10,100,28.0,26773.0,28,1
3736,XML100_2131_11,100,27.0,28270.0,31,1
3737,XML100_2131_12,100,26.0,30029.0,31,1
3738,XML100_2131_13,100,37.0,21565.0,22,1
3739,XML100_2131_14,100,34.0,21926.0,24,1
3740,XML100_2131_15,100,29.0,24791.0,27,1
3741,XML100_2131_16,100,32.0,23318.0,23,1
3742,XML100_2131_17,100,30.0,23055.0,26,1
3743,XML100_2131_18,100,26.0,27113.0,30,1
3744,XML100_2131_19,100,37.0,21483.0,22,1
3745,XML100_2131_20,100,30.0,22141.0,26,1
3746,XML100_2131_21,100,37.0,20474.0,21,1
3747,XML100_2131_22,100,24.0,30736.0,33,1
3748,XML100_2131_23,100,38.0,20150.0,21,1
3749,XML100_2131_24,100,24.0,29909.0,32,1
3750,XML100_2131_25,100,33.0,22773.0,23,1
3751,XML100_2131_26,100,37.0,20859.0,22,1
3752,XML100_2131_27,100,34.0,21928.0,23,1
3753,XML100_2132_01,100,48.0,16921.0,16,1
3754,XML100_2132_02,100,47.0,17669.0,17,1
3755,XML100_2132_03,100,49.0,17038.0,16,1
3756,XML100_2132_04,100,46.0,18243.0,17,1
3757,XML100_2132_05,100,60.0,14728.0,13,1
3758,XML100_2132_06,100,46.0,18288.0,17,1
3759,XML100_2132_07,100,50.0,16237.0,16,1
3760,XML100_2132_08,100,49.0,16312.0,17,1
3761,XML100_2132_09,100,55.0,16240.0,15,1
3762,XML100_2132_10,100,50.0,16822.0,15,1
3763,XML100_2132_11,100,40.0,20359.0,20,1
3764,XML100_2132_12,100,59.0,15479.0,13,1
3765,XML100_2132_13,100,44.0,18148.0,18,1
3766,XML100_2132_14,100,51.0,16934.0,15,1
3767,XML100_2132_15,100,48.0,17009.0,16,1
3768,XML100_2132_16,100,46.0,17971.0,17,1
3769,XML100_2132_17,100,54.0,15886.0,14,1
3770,XML100_2132_18,100,45.0,19452.0,18,1
3771,XML100_2132_19,100,57.0,14668.0,14,1
3772,XML100_2132_20,100,46.0,17258.0,17,1
3773,XML100_2132_21,100,42.0,19394.0,19,1
3774,XML100_2132_22,100,45.0,17385.0,17,1
3775,XML100_2132_23,100,48.0,17192.0,17,1
3776,XML100_2132_24,100,45.0,18321.0,17,1
3777,XML100_2132_25,100,57.0,15876.0,14,1
3778,XML100_2132_26,100,52.0,15946.0,15,1
3779,XML100_2132_27,100,48.0,16779.0,17,1
3780,XML100_2133_01,100,62.0,14360.0,12,1
3781,XML100_2133_02,100,71.0,13183.0,11,1
3782,XML100_2133_03,100,91.0,11753.0,9,1
3783,XML100_2133_04,100,83.0,12207.0,9,1
3784,XML100_2133_05,100,73.0,13525.0,11,1
3785,XML100_2133_06,100,78.0,12736.0,10,1
3786,XML100_2133_07,100,76.0,12948.0,10,1
3787,XML100_2133_08,100,77.0,13214.0,10,1
3788,XML100_2133_09,100,63.0,14407.0,13,1
3789,XML100_2133_10,100,71.0,13297.0,11,1
3790,XML100_2133_11,100,84.0,12594.0,9,1
3791,XML100_2133_12,100,74.0,13632.0,11,1
3792,XML100_2133_13,100,70.0,13730.0,12,1
3793,XML100_2133_14,100,77.0,12452.0,10,1
3794,XML100_2133_15,100,68.0,13184.0,11,1
3795,XML100_2133_16,100,62.0,15070.0,13,1
3796,XML100_2133_17,100,71.0,13688.0,12,1
3797,XML100_2133_18,100,67.0,13873.0,12,1
3798,XML100_2133_19,100,80.0,11909.0,10,1
3799,XML100_2133_20,100,82.0,12396.0,10,1
3800,XML100_2133_21,100,71.0,13050.0,11,1
3801,XML100_2133_22,100,83.0,12018.0,10,1
3802,XML100_2133_23,100,70.0,13612.0,12,1
3803,XML100_2133_24,100,91.0,11689.0,9,1
3804,XML100_2133_25,100,80.0,12506.0,10,1
3805,XML100_2133_26,100,73.0,13190.0,11,1
3806,XML100_2133_27,100,85.0,12668.0,9,1
3807,XML100_2134_01,100,111.0,10277.0,7,1
3808,XML100_2134_02,100,97.0,11514.0,9,1
3809,XML100_2134_03,100,115.0,10156.0,7,1
3810,XML100_2134_04,100,95.0,11361.0,9,1
3811,XML100_2134_05,100,112.0,10576.0,7,1
3812,XML100_2134_06,100,97.0,10789.0,8,1
3813,XML100_2134_07,100,90.0,11505.0,9,1
3814,XML100_2134_08,100,92.0,12127.0,8,1
3815,XML100_2134_09,100,113.0,10697.0,7,1
3816,XML100_2134_10,100,97.0,11218.0,8,1
3817,XML100_2134_11,100,111.0,10618.0,7,1
3818,XML100_2134_12,100,108.0,10710.0,7,1
3819,XML100_2134_13,100,89.0,11929.0,9,1
3820,XML100_2134_14,100,113.0,10362.0,7,1
3821,XML100_2134_15,100,95.0,11516.0,8,1
3822,XML100_2134_16,100,119.0,9937.0,7,1
3823,XML100_2134_17,100,116.0,10176.0,7,1
3824,XML100_2134_18,100,93.0,11244.0,9,1
3825,XML100_2134_19,100,110.0,10800.0,8,1
3826,XML100_2134_20,100,121.0,10810.0,7,1
3827,XML100_2134_21,100,115.0,10486.0,7,1
3828,XML100_2134_22,100,119.0,10306.0,7,1
3829,XML100_2134_23,100,116.0,10165.0,7,1
3830,XML100_2134_24,100,98.0,11490.0,8,1
3831,XML100_2134_25,100,89.0,10994.0,9,1
3832,XML100_2134_26,100,111.0,10798.0,7,1
3833,XML100_2134_27,100,95.0,11168.0,9,1
3834,XML100_2135_01,100,129.0,9770.0,6,1
3835,XML100_2135_02,100,167.0,9276.0,5,1
3836,XML100_2135_03,100,165.0,9265.0,5,1
3837,XML100_2135_04,100,162.0,9450.0,5,1
3838,XML100_2135_05,100,165.0,9167.0,5,1
3839,XML100_2135_06,100,173.0,9069.0,5,1
3840,XML100_2135_07,100,124.0,9834.0,6,1
3841,XML100_2135_08,100,162.0,9349.0,5,1
3842,XML100_2135_09,100,197.0,9124.0,5,1
3843,XML100_2135_10,100,129.0,9653.0,6,1
3844,XML100_2135_11,100,134.0,9977.0,6,1
3845,XML100_2135_12,100,138.0,9843.0,6,1
3846,XML100_2135_13,100,176.0,8757.0,5,1
3847,XML100_2135_14,100,147.0,9743.0,6,1
3848,XML100_2135_15,100,150.0,9096.0,5,1
3849,XML100_2135_16,100,179.0,9010.0,5,1
3850,XML100_2135_17,100,186.0,8592.0,5,1
3851,XML100_2135_18,100,182.0,8650.0,5,1
3852,XML100_2135_19,100,131.0,10502.0,6,1
3853,XML100_2135_20,100,184.0,9222.0,5,1
3854,XML100_2135_21,100,175.0,9167.0,5,1
3855,XML100_2135_22,100,183.0,8814.0,5,1
3856,XML100_2135_23,100,160.0,9403.0,5,1
3857,XML100_2135_24,100,176.0,9120.0,5,1
3858,XML100_2135_25,100,126.0,10107.0,6,1
3859,XML100_2135_26,100,129.0,9987.0,6,1
3860,XML100_2135_27,100,130.0,10038.0,6,1
3861,XML100_2136_01,100,230.0,8560.0,4,1
3862,XML100_2136_02,100,306.0,8072.0,3,1
3863,XML100_2136_03,100,323.0,7479.0,3,1
3864,XML100_2136_04,100,354.0,8394.0,3,1
3865,XML100_2136_05,100,320.0,8012.0,3,1
3866,XML100_2136_06,100,275.0,8428.0,3,1
3867,XML100_2136_07,100,295.0,7884.0,3,1
3868,XML100_2136_08,100,232.0,8771.0,4,1
3869,XML100_2136_09,100,185.0,9008.0,4,1
3870,XML100_2136_10,100,252.0,8478.0,4,1
3871,XML100_2136_11,100,325.0,8138.0,3,1
3872,XML100_2136_12,100,298.0,8529.0,3,1
3873,XML100_2136_13,100,216.0,8827.0,4,1
3874,XML100_2136_14,100,312.0,8138.0,3,1
3875,XML100_2136_15,100,340.0,8378.0,3,1
3876,XML100_2136_16,100,282.0,8439.0,3,1
3877,XML100_2136_17,100,236.0,8662.0,4,1
3878,XML100_2136_18,100,359.0,8600.0,3,1
3879,XML100_2136_19,100,307.0,8230.0,3,1
3880,XML100_2136_20,100,302.0,8174.0,3,1
3881,XML100_2136_21,100,363.0,8049.0,3,1
3882,XML100_2136_22,100,199.0,8676.0,4,1
3883,XML100_2136_23,100,249.0,8248.0,3,1
3884,XML100_2136_24,100,264.0,7989.0,3,1
3885,XML100_2136_25,100,205.0,9011.0,4,1
3886,XML100_2136_26,100,335.0,8090.0,3,1
3887,XML100_2136_27,100,349.0,8322.0,3,1
3888,XML100_2141_01,100,188.0,28629.0,29,1
3889,XML100_2141_02,100,200.0,21748.0,24,1
3890,XML100_2141_03,100,201.0,24271.0,26,1
3891,XML100_2141_04,100,237.0,22586.0,23,1
3892,XML100_2141_05,100,212.0,23733.0,26,1
3893,XML100_2141_06,100,193.0,24239.0,25,1
3894,XML100_2141_07,100,165.0,28340.0,32,1
3895,XML100_2141_08,100,255.0,20204.0,22,1
3896,XML100_2141_09,100,201.0,25220.0,27,0
3897,XML100_2141_10,100,258.0,21815.0,21,1
3898,XML100_2141_11,100,226.0,24706.0,25,1
3899,XML100_2141_12,100,166.0,29128.0,33,1
3900,XML100_2141_13,100,248.0,21185.0,21,1
3901,XML100_2141_14,100,223.0,19817.0,21,1
3902,XML100_2141_15,100,204.0,23369.0,24,1
3903,XML100_2141_16,100,221.0,23939.0,27,1
3904,XML100_2141_17,100,215.0,23654.0,24,1
3905,XML100_2141_18,100,189.0,24251.0,26,1
3906,XML100_2141_19,100,224.0,25092.0,25,1
3907,XML100_2141_20,100,236.0,22163.0,23,1
3908,XML100_2141_21,100,190.0,27066.0,32,1
3909,XML100_2141_22,100,215.0,26267.0,28,1
3910,XML100_2141_23,100,194.0,27923.0,30,1
3911,XML100_2141_24,100,266.0,19646.0,21,1
3912,XML100_2141_25,100,254.0,22131.0,22,1
3913,XML100_2141_26,100,250.0,21073.0,21,1
3914,XML100_2141_27,100,238.0,23428.0,23,1
3915,XML100_2142_01,100,369.0,16150.0,15,1
3916,XML100_2142_02,100,370.0,16064.0,15,1
3917,XML100_2142_03,100,371.0,16625.0,15,1
3918,XML100_2142_04,100,333.0,17756.0,16,1
3919,XML100_2142_05,100,343.0,17475.0,16,1
3920,XML100_2142_06,100,353.0,17115.0,16,1
3921,XML100_2142_07,100,376.0,14664.0,14,1
3922,XML100_2142_08,100,332.0,17749.0,16,1
3923,XML100_2142_09,100,293.0,19483.0,19,1
3924,XML100_2142_10,100,304.0,19798.0,18,1
3925,XML100_2142_11,100,378.0,17114.0,16,1
3926,XML100_2142_12,100,268.0,19953.0,21,1
3927,XML100_2142_13,100,274.0,20619.0,19,1
3928,XML100_2142_14,100,343.0,15843.0,16,1
3929,XML100_2142_15,100,316.0,18083.0,17,1
3930,XML100_2142_16,100,253.0,20606.0,20,1
3931,XML100_2142_17,100,385.0,16359.0,14,1
3932,XML100_2142_18,100,305.0,18332.0,18,1
3933,XML100_2142_19,100,294.0,20805.0,20,1
3934,XML100_2142_20,100,355.0,17542.0,16,1
3935,XML100_2142_21,100,305.0,17274.0,16,1
3936,XML100_2142_22,100,362.0,16409.0,15,1
3937,XML100_2142_23,100,365.0,16752.0,16,1
3938,XML100_2142_24,100,331.0,18414.0,17,1
3939,XML100_2142_25,100,366.0,16792.0,16,1
3940,XML100_2142_26,100,316.0,15685.0,15,1
3941,XML100_2142_27,100,398.0,15317.0,14,1
3942,XML100_2143_01,100,429.0,15503.0,13,1
3943,XML100_2143_02,100,418.0,14437.0,13,1
3944,XML100_2143_03,100,555.0,11548.0,9,1
3945,XML100_2143_04,100,545.0,12777.0,10,1
3946,XML100_2143_05,100,520.0,11444.0,9,1
3947,XML100_2143_06,100,475.0,13862.0,12,1
3948,XML100_2143_07,100,409.0,13881.0,12,1
3949,XML100_2143_08,100,448.0,12488.0,11,1
3950,XML100_2143_09,100,541.0,13612.0,11,1
3951,XML100_2143_10,100,430.0,14405.0,13,1
3952,XML100_2143_11,100,442.0,14959.0,12,1
3953,XML100_2143_12,100,403.0,14073.0,12,1
3954,XML100_2143_13,100,465.0,13271.0,11,1
3955,XML100_2143_14,100,581.0,11916.0,10,1
3956,XML100_2143_15,100,489.0,13276.0,11,1
3957,XML100_2143_16,100,441.0,14158.0,12,1
3958,XML100_2143_17,100,534.0,12575.0,10,1
3959,XML100_2143_18,100,599.0,12136.0,10,1
3960,XML100_2143_19,100,452.0,13187.0,11,1
3961,XML100_2143_20,100,556.0,13113.0,10,1
3962,XML100_2143_21,100,482.0,13326.0,11,1
3963,XML100_2143_22,100,479.0,14197.0,12,1
3964,XML100_2143_23,100,422.0,14590.0,13,1
3965,XML100_2143_24,100,495.0,12863.0,10,1
3966,XML100_2143_25,100,418.0,12590.0,11,1
3967,XML100_2143_26,100,620.0,12232.0,9,1
3968,XML100_2143_27,100,433.0,13621.0,12,1
3969,XML100_2144_01,100,710.0,10845.0,8,1
3970,XML100_2144_02,100,738.0,10558.0,7,1
3971,XML100_2144_03,100,756.0,10397.0,7,1
3972,XML100_2144_04,100,711.0,10332.0,7,1
3973,XML100_2144_05,100,688.0,11154.0,8,1
3974,XML100_2144_06,100,702.0,11057.0,8,1
3975,XML100_2144_07,100,691.0,10904.0,8,1
3976,XML100_2144_08,100,666.0,11345.0,8,1
3977,XML100_2144_09,100,680.0,10356.0,7,1
3978,XML100_2144_10,100,769.0,10541.0,7,1
3979,XML100_2144_11,100,831.0,10990.0,7,1
3980,XML100_2144_12,100,621.0,11589.0,8,1
3981,XML100_2144_13,100,615.0,11388.0,9,1
3982,XML100_2144_14,100,824.0,10633.0,7,1
3983,XML100_2144_15,100,631.0,11719.0,9,1
3984,XML100_2144_16,100,612.0,10903.0,8,1
3985,XML100_2144_17,100,611.0,10804.0,8,1
3986,XML100_2144_18,100,665.0,11018.0,8,1
3987,XML100_2144_19,100,776.0,10536.0,7,1
3988,XML100_2144_20,100,648.0,11495.0,9,1
3989,XML100_2144_21,100,604.0,11974.0,9,1
3990,XML100_2144_22,100,564.0,11876.0,9,1
3991,XML100_2144_23,100,587.0,11547.0,9,1
3992,XML100_2144_24,100,688.0,10798.0,7,1
3993,XML100_2144_25,100,634.0,11949.0,9,1
3994,XML100_2144_26,100,759.0,11261.0,7,1
3995,XML100_2144_27,100,766.0,10099.0,7,1
3996,XML100_2145_01,100,1110.0,8881.0,5,1
3997,XML100_2145_02,100,922.0,10225.0,6,1
3998,XML100_2145_03,100,916.0,9884.0,6,1
3999,XML100_2145_04,100,1009.0,9706.0,6,1
4000,XML100_2145_05,100,973.0,9995.0,6,1
4001,XML100_2145_06,100,1050.0,9230.0,5,1
4002,XML100_2145_07,100,1001.0,9812.0,6,1
4003,XML100_2145_08,100,927.0,9640.0,6,1
4004,XML100_2145_09,100,1215.0,9275.0,5,1
4005,XML100_2145_10,100,1201.0,9444.0,5,1
4006,XML100_2145_11,100,862.0,9899.0,6,1
4007,XML100_2145_12,100,1136.0,9274.0,5,1
4008,XML100_2145_13,100,812.0,10704.0,7,1
4009,XML100_2145_14,100,1243.0,9463.0,5,1
4010,XML100_2145_15,100,1126.0,9231.0,5,1
4011,XML100_2145_16,100,1073.0,9571.0,5,1
4012,XML100_2145_17,100,1156.0,9040.0,5,1
4013,XML100_2145_18,100,993.0,10019.0,6,1
4014,XML100_2145_19,100,1128.0,9541.0,6,1
4015,XML100_2145_20,100,915.0,9701.0,6,1
4016,XML100_2145_21,100,1195.0,9026.0,5,1
4017,XML100_2145_22,100,963.0,9115.0,5,1
4018,XML100_2145_23,100,1175.0,9447.0,5,1
4019,XML100_2145_24,100,982.0,9960.0,6,1
4020,XML100_2145_25,100,1259.0,9509.0,5,1
4021,XML100_2145_26,100,966.0,9602.0,6,1
4022,XML100_2145_27,100,1002.0,9513.0,5,1
4023,XML100_2146_01,100,1424.0,9072.0,4,1
4024,XML100_2146_02,100,2025.0,8340.0,3,1
4025,XML100_2146_03,100,2181.0,8190.0,3,1
4026,XML100_2146_04,100,1981.0,8522.0,3,1
4027,XML100_2146_05,100,1920.0,8472.0,3,1
4028,XML100_2146_06,100,1944.0,8456.0,3,1
4029,XML100_2146_07,100,1732.0,8424.0,3,1
4030,XML100_2146_08,100,2470.0,7928.0,3,1
4031,XML100_2146_09,100,2035.0,8420.0,3,1
4032,XML100_2146_10,100,1794.0,8748.0,3,1
4033,XML100_2146_11,100,1253.0,8997.0,4,1
4034,XML100_2146_12,100,1380.0,8682.0,4,1
4035,XML100_2146_13,100,2496.0,8367.0,3,1
4036,XML100_2146_14,100,1879.0,8460.0,3,1
4037,XML100_2146_15,100,1715.0,8388.0,3,1
4038,XML100_2146_16,100,1899.0,7746.0,3,1
4039,XML100_2146_17,100,2077.0,8373.0,3,1
4040,XML100_2146_18,100,2032.0,8033.0,3,1
4041,XML100_2146_19,100,1954.0,8309.0,3,1
4042,XML100_2146_20,100,1942.0,8592.0,3,1
4043,XML100_2146_21,100,1898.0,8219.0,3,1
4044,XML100_2146_22,100,1660.0,8793.0,4,1
4045,XML100_2146_23,100,1551.0,8535.0,4,1
4046,XML100_2146_24,100,2108.0,8628.0,3,1
4047,XML100_2146_25,100,1964.0,8140.0,3,1
4048,XML100_2146_26,100,2038.0,7936.0,3,1
4049,XML100_2146_27,100,2451.0,8196.0,3,1
4050,XML100_2151_01,100,272.0,26132.0,29,1
4051,XML100_2151_02,100,324.0,24182.0,25,1
4052,XML100_2151_03,100,293.0,26456.0,28,1
4053,XML100_2151_04,100,246.0,29182.0,32,1
4054,XML100_2151_05,100,354.0,21102.0,22,1
4055,XML100_2151_06,100,260.0,27841.0,31,1
4056,XML100_2151_07,100,287.0,26419.0,28,1
4057,XML100_2151_08,100,302.0,25853.0,26,1
4058,XML100_2151_09,100,239.0,28067.0,33,1
4059,XML100_2151_10,100,241.0,28386.0,32,1
4060,XML100_2151_11,100,250.0,29501.0,32,1
4061,XML100_2151_12,100,304.0,25391.0,26,1
4062,XML100_2151_13,100,286.0,26499.0,27,1
4063,XML100_2151_14,100,325.0,24350.0,24,1
4064,XML100_2151_15,100,296.0,26467.0,28,1
4065,XML100_2151_16,100,330.0,22250.0,23,1
4066,XML100_2151_17,100,355.0,21365.0,22,1
4067,XML100_2151_18,100,306.0,24353.0,27,1
4068,XML100_2151_19,100,252.0,28206.0,31,1
4069,XML100_2151_20,100,251.0,29139.0,33,1
4070,XML100_2151_21,100,229.0,31516.0,34,1
4071,XML100_2151_22,100,356.0,23025.0,23,1
4072,XML100_2151_23,100,275.0,25407.0,28,1
4073,XML100_2151_24,100,348.0,23574.0,22,1
4074,XML100_2151_25,100,296.0,24729.0,27,1
4075,XML100_2151_26,100,358.0,21561.0,22,1
4076,XML100_2151_27,100,251.0,29573.0,32,1
4077,XML100_2152_01,100,514.0,16509.0,16,1
4078,XML100_2152_02,100,525.0,16186.0,15,1
4079,XML100_2152_03,100,463.0,17057.0,17,1
4080,XML100_2152_04,100,565.0,14759.0,14,1
4081,XML100_2152_05,100,414.0,19924.0,19,1
4082,XML100_2152_06,100,517.0,16018.0,15,1
4083,XML100_2152_07,100,430.0,18408.0,18,1
4084,XML100_2152_08,100,557.0,15633.0,14,1
4085,XML100_2152_09,100,512.0,16899.0,16,1
4086,XML100_2152_10,100,471.0,17355.0,16,1
4087,XML100_2152_11,100,599.0,15629.0,13,1
4088,XML100_2152_12,100,523.0,15675.0,15,1
4089,XML100_2152_13,100,382.0,20271.0,20,1
4090,XML100_2152_14,100,565.0,15755.0,14,1
4091,XML100_2152_15,100,431.0,18960.0,19,1
4092,XML100_2152_16,100,470.0,18376.0,17,1
4093,XML100_2152_17,100,449.0,17922.0,18,1
4094,XML100_2152_18,100,583.0,15930.0,14,1
4095,XML100_2152_19,100,553.0,15565.0,14,1
4096,XML100_2152_20,100,407.0,19681.0,19,1
4097,XML100_2152_21,100,385.0,19562.0,21,1
4098,XML100_2152_22,100,384.0,20409.0,21,1
4099,XML100_2152_23,100,433.0,19115.0,18,1
4100,XML100_2152_24,100,546.0,15664.0,14,1
4101,XML100_2152_25,100,499.0,17585.0,16,1
4102,XML100_2152_26,100,527.0,16316.0,15,1
4103,XML100_2152_27,100,560.0,15138.0,14,1
4104,XML100_2153_01,100,670.0,14728.0,12,1
4105,XML100_2153_02,100,821.0,11988.0,10,1
4106,XML100_2153_03,100,621.0,14623.0,13,1
4107,XML100_2153_04,100,868.0,12196.0,9,1
4108,XML100_2153_05,100,861.0,12125.0,9,1
4109,XML100_2153_06,100,659.0,13297.0,12,1
4110,XML100_2153_07,100,834.0,12434.0,10,1
4111,XML100_2153_08,100,904.0,11310.0,9,1
4112,XML100_2153_09,100,721.0,13833.0,11,1
4113,XML100_2153_10,100,818.0,12877.0,10,1
4114,XML100_2153_11,100,633.0,15250.0,13,1
4115,XML100_2153_12,100,906.0,11829.0,9,1
4116,XML100_2153_13,100,662.0,13991.0,12,1
4117,XML100_2153_14,100,725.0,13929.0,11,1
4118,XML100_2153_15,100,706.0,13519.0,11,1
4119,XML100_2153_16,100,748.0,13072.0,11,1
4120,XML100_2153_17,100,645.0,13929.0,12,1
4121,XML100_2153_18,100,830.0,12528.0,10,1
4122,XML100_2153_19,100,642.0,14143.0,13,1
4123,XML100_2153_20,100,849.0,12223.0,10,1
4124,XML100_2153_21,100,874.0,12114.0,9,1
4125,XML100_2153_22,100,730.0,13422.0,11,1
4126,XML100_2153_23,100,738.0,13432.0,11,1
4127,XML100_2153_24,100,766.0,12488.0,10,1
4128,XML100_2153_25,100,691.0,13113.0,11,1
4129,XML100_2153_26,100,665.0,13835.0,12,1
4130,XML100_2153_27,100,643.0,15008.0,13,1
4131,XML100_2154_01,100,985.0,11216.0,8,1
4132,XML100_2154_02,100,1037.0,11001.0,8,1
4133,XML100_2154_03,100,1023.0,10919.0,8,1
4134,XML100_2154_04,100,1096.0,10942.0,7,1
4135,XML100_2154_05,100,1161.0,10758.0,7,1
4136,XML100_2154_06,100,990.0,11067.0,8,1
4137,XML100_2154_07,100,957.0,11259.0,9,1
4138,XML100_2154_08,100,1006.0,11306.0,8,1
4139,XML100_2154_09,100,1011.0,11193.0,8,1
4140,XML100_2154_10,100,1171.0,10710.0,7,1
4141,XML100_2154_11,100,1147.0,10536.0,7,1
4142,XML100_2154_12,100,1180.0,10668.0,7,1
4143,XML100_2154_13,100,1053.0,11269.0,8,1
4144,XML100_2154_14,100,921.0,11509.0,9,1
4145,XML100_2154_15,100,995.0,10892.0,8,1
4146,XML100_2154_16,100,899.0,11965.0,9,1
4147,XML100_2154_17,100,971.0,11583.0,9,1
4148,XML100_2154_18,100,1082.0,10512.0,8,1
4149,XML100_2154_19,100,1169.0,10184.0,7,1
4150,XML100_2154_20,100,992.0,11009.0,8,1
4151,XML100_2154_21,100,1076.0,11004.0,8,1
4152,XML100_2154_22,100,1008.0,11249.0,8,1
4153,XML100_2154_23,100,1021.0,11484.0,8,1
4154,XML100_2154_24,100,1142.0,10374.0,7,1
4155,XML100_2154_25,100,1191.0,10762.0,7,1
4156,XML100_2154_26,100,892.0,12087.0,9,1
4157,XML100_2154_27,100,1050.0,10258.0,7,1
4158,XML100_2155_01,100,1428.0,10140.0,6,1
4159,XML100_2155_02,100,1521.0,9602.0,5,1
4160,XML100_2155_03,100,1843.0,8994.0,5,1
4161,XML100_2155_04,100,1835.0,9409.0,5,1
4162,XML100_2155_05,100,1273.0,9517.0,6,1
4163,XML100_2155_06,100,1446.0,9916.0,6,1
4164,XML100_2155_07,100,1730.0,9090.0,5,1
4165,XML100_2155_08,100,1740.0,9230.0,5,1
4166,XML100_2155_09,100,1605.0,9353.0,5,1
4167,XML100_2155_10,100,1802.0,9220.0,5,1
4168,XML100_2155_11,100,1355.0,9596.0,6,1
4169,XML100_2155_12,100,1785.0,8988.0,5,1
4170,XML100_2155_13,100,1640.0,8923.0,5,1
4171,XML100_2155_14,100,1516.0,9898.0,6,1
4172,XML100_2155_15,100,1293.0,9828.0,7,1
4173,XML100_2155_16,100,1605.0,9388.0,5,1
4174,XML100_2155_17,100,1539.0,9406.0,5,1
4175,XML100_2155_18,100,1828.0,9429.0,5,1
4176,XML100_2155_19,100,1302.0,9975.0,7,1
4177,XML100_2155_20,100,1440.0,9666.0,6,1
4178,XML100_2155_21,100,1814.0,9353.0,5,1
4179,XML100_2155_22,100,1795.0,9291.0,5,1
4180,XML100_2155_23,100,1764.0,9542.0,5,1
4181,XML100_2155_24,100,1528.0,9390.0,5,1
4182,XML100_2155_25,100,1385.0,9481.0,6,1
4183,XML100_2155_26,100,1279.0,9766.0,7,1
4184,XML100_2155_27,100,1750.0,9315.0,5,1
4185,XML100_2156_01,100,2674.0,8448.0,3,1
4186,XML100_2156_02,100,3450.0,8336.0,3,1
4187,XML100_2156_03,100,3312.0,8346.0,3,1
4188,XML100_2156_04,100,2947.0,8314.0,3,1
4189,XML100_2156_05,100,2645.0,8127.0,3,1
4190,XML100_2156_06,100,1925.0,8664.0,4,1
4191,XML100_2156_07,100,3378.0,8120.0,3,1
4192,XML100_2156_08,100,3372.0,8308.0,3,1
4193,XML100_2156_09,100,3574.0,8365.0,3,1
4194,XML100_2156_10,100,3832.0,8220.0,3,1
4195,XML100_2156_11,100,2018.0,9110.0,4,1
4196,XML100_2156_12,100,3166.0,8196.0,3,1
4197,XML100_2156_13,100,3642.0,8591.0,3,1
4198,XML100_2156_14,100,2171.0,8680.0,4,1
4199,XML100_2156_15,100,2305.0,9028.0,4,1
4200,XML100_2156_16,100,3193.0,8352.0,3,1
4201,XML100_2156_17,100,2146.0,8633.0,4,1
4202,XML100_2156_18,100,3279.0,7978.0,3,1
4203,XML100_2156_19,100,2698.0,8245.0,3,1
4204,XML100_2156_20,100,2247.0,8801.0,4,1
4205,XML100_2156_21,100,3817.0,8077.0,3,1
4206,XML100_2156_22,100,2200.0,8761.0,4,1
4207,XML100_2156_23,100,2737.0,8091.0,3,1
4208,XML100_2156_24,100,1894.0,8742.0,4,1
4209,XML100_2156_25,100,2481.0,8782.0,4,1
4210,XML100_2156_26,100,2828.0,7879.0,3,1
4211,XML100_2156_27,100,2924.0,8197.0,3,1
4212,XML100_2161_01,100,254.0,21680.0,22,1
4213,XML100_2161_02,100,239.0,21160.0,21,1
4214,XML100_2161_03,100,162.0,27980.0,31,1
4215,XML100_2161_04,100,253.0,21444.0,22,1
4216,XML100_2161_05,100,250.0,22552.0,22,1
4217,XML100_2161_06,100,212.0,23559.0,24,1
4218,XML100_2161_07,100,163.0,32062.0,33,1
4219,XML100_2161_08,100,166.0,31457.0,31,1
4220,XML100_2161_09,100,174.0,31326.0,33,1
4221,XML100_2161_10,100,241.0,20875.0,21,1
4222,XML100_2161_11,100,221.0,25023.0,26,1
4223,XML100_2161_12,100,254.0,20857.0,22,1
4224,XML100_2161_13,100,200.0,24642.0,26,1
4225,XML100_2161_14,100,245.0,20925.0,21,1
4226,XML100_2161_15,100,189.0,27490.0,29,1
4227,XML100_2161_16,100,215.0,24116.0,23,1
4228,XML100_2161_17,100,262.0,20006.0,21,1
4229,XML100_2161_18,100,190.0,23666.0,25,1
4230,XML100_2161_19,100,199.0,23347.0,25,1
4231,XML100_2161_20,100,243.0,20940.0,23,1
4232,XML100_2161_21,100,249.0,21042.0,21,1
4233,XML100_2161_22,100,217.0,24917.0,25,1
4234,XML100_2161_23,100,220.0,22646.0,22,1
4235,XML100_2161_24,100,197.0,26877.0,27,1
4236,XML100_2161_25,100,200.0,26189.0,26,1
4237,XML100_2161_26,100,206.0,21626.0,23,1
4238,XML100_2161_27,100,179.0,28021.0,30,1
4239,XML100_2162_01,100,340.0,15878.0,15,1
4240,XML100_2162_02,100,370.0,15889.0,15,1
4241,XML100_2162_03,100,347.0,17823.0,17,1
4242,XML100_2162_04,100,378.0,15235.0,14,1
4243,XML100_2162_05,100,405.0,15607.0,14,1
4244,XML100_2162_06,100,420.0,14939.0,13,1
4245,XML100_2162_07,100,299.0,18312.0,19,1
4246,XML100_2162_08,100,331.0,17678.0,17,1
4247,XML100_2162_09,100,312.0,18125.0,17,1
4248,XML100_2162_10,100,309.0,18167.0,18,1
4249,XML100_2162_11,100,362.0,17883.0,16,1
4250,XML100_2162_12,100,337.0,17503.0,16,1
4251,XML100_2162_13,100,382.0,16827.0,14,1
4252,XML100_2162_14,100,365.0,16237.0,15,1
4253,XML100_2162_15,100,382.0,16873.0,15,1
4254,XML100_2162_16,100,267.0,20682.0,21,1
4255,XML100_2162_17,100,345.0,16214.0,16,1
4256,XML100_2162_18,100,343.0,15337.0,14,1
4257,XML100_2162_19,100,322.0,18589.0,17,1
4258,XML100_2162_20,100,273.0,17945.0,18,1
4259,XML100_2162_21,100,274.0,19800.0,19,1
4260,XML100_2162_22,100,262.0,19011.0,18,1
4261,XML100_2162_23,100,270.0,19467.0,20,1
4262,XML100_2162_24,100,283.0,20450.0,20,1
4263,XML100_2162_25,100,377.0,16337.0,15,1
4264,XML100_2162_26,100,412.0,14770.0,13,1
4265,XML100_2162_27,100,357.0,17942.0,16,1
4266,XML100_2163_01,100,498.0,13668.0,11,1
4267,XML100_2163_02,100,395.0,14185.0,13,1
4268,XML100_2163_03,100,524.0,12725.0,10,1
4269,XML100_2163_04,100,546.0,12285.0,10,1
4270,XML100_2163_05,100,417.0,15389.0,13,1
4271,XML100_2163_06,100,418.0,14078.0,12,1
4272,XML100_2163_07,100,416.0,14559.0,12,1
4273,XML100_2163_08,100,501.0,13775.0,11,1
4274,XML100_2163_09,100,583.0,12158.0,9,1
4275,XML100_2163_10,100,477.0,13538.0,11,1
4276,XML100_2163_11,100,468.0,13360.0,11,1
4277,XML100_2163_12,100,413.0,15673.0,13,1
4278,XML100_2163_13,100,541.0,11918.0,9,1
4279,XML100_2163_14,100,460.0,12993.0,11,1
4280,XML100_2163_15,100,445.0,15373.0,13,1
4281,XML100_2163_16,100,400.0,14595.0,13,1
4282,XML100_2163_17,100,543.0,12869.0,10,1
4283,XML100_2163_18,100,437.0,13505.0,12,1
4284,XML100_2163_19,100,422.0,14178.0,12,1
4285,XML100_2163_20,100,533.0,13115.0,10,1
4286,XML100_2163_21,100,567.0,13152.0,10,1
4287,XML100_2163_22,100,570.0,12711.0,10,1
4288,XML100_2163_23,100,585.0,11975.0,10,1
4289,XML100_2163_24,100,537.0,12810.0,9,1
4290,XML100_2163_25,100,415.0,14484.0,13,1
4291,XML100_2163_26,100,527.0,12137.0,9,1
4292,XML100_2163_27,100,517.0,13234.0,11,1
4293,XML100_2164_01,100,819.0,11031.0,7,1
4294,XML100_2164_02,100,760.0,10324.0,7,1
4295,XML100_2164_03,100,746.0,10951.0,7,1
4296,XML100_2164_04,100,802.0,10310.0,7,1
4297,XML100_2164_05,100,737.0,10815.0,7,1
4298,XML100_2164_06,100,715.0,10656.0,7,1
4299,XML100_2164_07,100,616.0,11137.0,9,1
4300,XML100_2164_08,100,597.0,12087.0,9,1
4301,XML100_2164_09,100,659.0,12356.0,9,1
4302,XML100_2164_10,100,702.0,11677.0,8,1
4303,XML100_2164_11,100,858.0,10657.0,7,1
4304,XML100_2164_12,100,574.0,11148.0,9,1
4305,XML100_2164_13,100,820.0,10755.0,7,1
4306,XML100_2164_14,100,644.0,10571.0,8,1
4307,XML100_2164_15,100,831.0,10970.0,7,1
4308,XML100_2164_16,100,854.0,10579.0,7,1
4309,XML100_2164_17,100,689.0,11989.0,8,1
4310,XML100_2164_18,100,736.0,10956.0,8,1
4311,XML100_2164_19,100,780.0,10705.0,7,1
4312,XML100_2164_20,100,705.0,11102.0,7,1
4313,XML100_2164_21,100,806.0,10493.0,7,1
4314,XML100_2164_22,100,592.0,11654.0,9,1
4315,XML100_2164_23,100,609.0,11207.0,9,1
4316,XML100_2164_24,100,760.0,10489.0,7,1
4317,XML100_2164_25,100,836.0,10462.0,7,1
4318,XML100_2164_26,100,729.0,10777.0,8,1
4319,XML100_2164_27,100,698.0,11386.0,8,1
4320,XML100_2165_01,100,1009.0,10115.0,6,1
4321,XML100_2165_02,100,780.0,9887.0,6,1
4322,XML100_2165_03,100,1214.0,9053.0,5,1
4323,XML100_2165_04,100,875.0,10308.0,6,1
4324,XML100_2165_05,100,774.0,10783.0,7,1
4325,XML100_2165_06,100,920.0,9371.0,5,1
4326,XML100_2165_07,100,1091.0,9886.0,5,1
4327,XML100_2165_08,100,803.0,10431.0,7,1
4328,XML100_2165_09,100,1450.0,9352.0,5,1
4329,XML100_2165_10,100,1023.0,9796.0,5,1
4330,XML100_2165_11,100,1322.0,8912.0,5,1
4331,XML100_2165_12,100,953.0,9924.0,6,1
4332,XML100_2165_13,100,797.0,9730.0,6,1
4333,XML100_2165_14,100,965.0,9869.0,5,1
4334,XML100_2165_15,100,1188.0,9377.0,5,1
4335,XML100_2165_16,100,914.0,9927.0,6,1
4336,XML100_2165_17,100,1055.0,9757.0,5,1
4337,XML100_2165_18,100,755.0,9822.0,6,1
4338,XML100_2165_19,100,905.0,9626.0,6,1
4339,XML100_2165_20,100,968.0,9238.0,5,1
4340,XML100_2165_21,100,1269.0,9192.0,5,1
4341,XML100_2165_22,100,1014.0,9349.0,5,1
4342,XML100_2165_23,100,1139.0,9528.0,5,1
4343,XML100_2165_24,100,1097.0,9837.0,6,1
4344,XML100_2165_25,100,858.0,10742.0,7,1
4345,XML100_2165_26,100,790.0,10520.0,7,1
4346,XML100_2165_27,100,1065.0,9193.0,5,1
4347,XML100_2166_01,100,2140.0,8099.0,3,1
4348,XML100_2166_02,100,1667.0,8947.0,4,1
4349,XML100_2166_03,100,1999.0,8824.0,3,1
4350,XML100_2166_04,100,2051.0,8500.0,3,1
4351,XML100_2166_05,100,2333.0,7996.0,3,1
4352,XML100_2166_06,100,1409.0,8502.0,4,1
4353,XML100_2166_07,100,1430.0,8819.0,4,1
4354,XML100_2166_08,100,1264.0,8581.0,4,1
4355,XML100_2166_09,100,2154.0,8131.0,3,1
4356,XML100_2166_10,100,1826.0,7889.0,3,1
4357,XML100_2166_11,100,1764.0,8346.0,3,1
4358,XML100_2166_12,100,1835.0,8084.0,4,1
4359,XML100_2166_13,100,1507.0,8871.0,4,1
4360,XML100_2166_14,100,1953.0,8224.0,3,1
4361,XML100_2166_15,100,2303.0,8650.0,3,1
4362,XML100_2166_16,100,2089.0,8217.0,3,1
4363,XML100_2166_17,100,1427.0,8324.0,4,1
4364,XML100_2166_18,100,1407.0,9090.0,4,1
4365,XML100_2166_19,100,1713.0,8856.0,4,1
4366,XML100_2166_20,100,1438.0,8966.0,4,1
4367,XML100_2166_21,100,1390.0,8874.0,4,1
4368,XML100_2166_22,100,1875.0,8506.0,3,1
4369,XML100_2166_23,100,2262.0,8230.0,3,1
4370,XML100_2166_24,100,1661.0,8438.0,4,1
4371,XML100_2166_25,100,1295.0,8946.0,4,1
4372,XML100_2166_26,100,1498.0,8744.0,4,1
4373,XML100_2166_27,100,1676.0,8414.0,4,1
4374,XML100_2171_01,100,122.0,28977.0,35,1
4375,XML100_2171_02,100,128.0,25356.0,29,0
4376,XML100_2171_03,100,118.0,34275.0,41,1
4377,XML100_2171_04,100,120.0,23575.0,28,1
4378,XML100_2171_05,100,116.0,26545.0,31,1
4379,XML100_2171_06,100,128.0,26239.0,31,0
4380,XML100_2171_07,100,120.0,31065.0,37,1
4381,XML100_2171_08,100,119.0,24351.0,27,1
4382,XML100_2171_09,100,118.0,30315.0,34,1
4383,XML100_2171_10,100,118.0,29487.0,37,1
4384,XML100_2171_11,100,120.0,26128.0,33,0
4385,XML100_2171_12,100,120.0,27518.0,31,1
4386,XML100_2171_13,100,122.0,29664.0,29,1
4387,XML100_2171_14,100,116.0,26218.0,32,0
4388,XML100_2171_15,100,119.0,33596.0,40,0
4389,XML100_2171_16,100,124.0,23905.0,25,1
4390,XML100_2171_17,100,122.0,23871.0,26,1
4391,XML100_2171_18,100,120.0,33671.0,37,0
4392,XML100_2171_19,100,127.0,23555.0,26,1
4393,XML100_2171_20,100,127.0,22090.0,23,1
4394,XML100_2171_21,100,122.0,28196.0,30,0
4395,XML100_2171_22,100,117.0,28202.0,34,1
4396,XML100_2171_23,100,128.0,28218.0,32,1
4397,XML100_2171_24,100,118.0,25999.0,30,1
4398,XML100_2171_25,100,123.0,28722.0,35,1
4399,XML100_2171_26,100,124.0,26291.0,28,1
4400,XML100_2171_27,100,115.0,29115.0,35,1
4401,XML100_2172_01,100,139.0,16647.0,17,1
4402,XML100_2172_02,100,134.0,18946.0,18,1
4403,XML100_2172_03,100,129.0,17708.0,17,0
4404,XML100_2172_04,100,138.0,16998.0,16,1
4405,XML100_2172_05,100,120.0,20957.0,21,1
4406,XML100_2172_06,100,122.0,18025.0,17,1
4407,XML100_2172_07,100,127.0,22195.0,22,1
4408,XML100_2172_08,100,140.0,16350.0,15,1
4409,XML100_2172_09,100,135.0,19285.0,19,1
4410,XML100_2172_10,100,120.0,17159.0,15,1
4411,XML100_2172_11,100,140.0,14217.0,14,1
4412,XML100_2172_12,100,127.0,20239.0,20,1
4413,XML100_2172_13,100,130.0,15893.0,14,1
4414,XML100_2172_14,100,124.0,19047.0,22,1
4415,XML100_2172_15,100,124.0,15188.0,15,1
4416,XML100_2172_16,100,147.0,14520.0,16,1
4417,XML100_2172_17,100,129.0,21423.0,23,1
4418,XML100_2172_18,100,151.0,16583.0,17,1
4419,XML100_2172_19,100,131.0,19851.0,20,1
4420,XML100_2172_20,100,147.0,15113.0,14,1
4421,XML100_2172_21,100,129.0,19303.0,21,1
4422,XML100_2172_22,100,138.0,14738.0,14,1
4423,XML100_2172_23,100,136.0,21599.0,22,1
4424,XML100_2172_24,100,116.0,20993.0,22,1
4425,XML100_2172_25,100,129.0,17655.0,18,1
4426,XML100_2172_26,100,134.0,16694.0,17,1
4427,XML100_2172_27,100,130.0,17504.0,16,1
4428,XML100_2173_01,100,148.0,12267.0,9,1
4429,XML100_2173_02,100,148.0,12501.0,10,1
4430,XML100_2173_03,100,151.0,13051.0,12,1
4431,XML100_2173_04,100,152.0,12177.0,11,1
4432,XML100_2173_05,100,140.0,14196.0,12,1
4433,XML100_2173_06,100,144.0,13159.0,11,1
4434,XML100_2173_07,100,153.0,11610.0,10,1
4435,XML100_2173_08,100,145.0,12857.0,10,1
4436,XML100_2173_09,100,171.0,12681.0,10,1
4437,XML100_2173_10,100,156.0,12184.0,9,1
4438,XML100_2173_11,100,147.0,14065.0,12,1
4439,XML100_2173_12,100,149.0,13356.0,10,1
4440,XML100_2173_13,100,162.0,11487.0,9,1
4441,XML100_2173_14,100,148.0,13078.0,11,1
4442,XML100_2173_15,100,154.0,12994.0,11,1
4443,XML100_2173_16,100,155.0,12314.0,9,1
4444,XML100_2173_17,100,155.0,13308.0,11,1
4445,XML100_2173_18,100,142.0,13229.0,11,1
4446,XML100_2173_19,100,158.0,10953.0,9,1
4447,XML100_2173_20,100,143.0,14230.0,12,1
4448,XML100_2173_21,100,141.0,12968.0,11,1
4449,XML100_2173_22,100,163.0,11853.0,9,1
4450,XML100_2173_23,100,155.0,13369.0,11,1
4451,XML100_2173_24,100,147.0,15428.0,13,1
4452,XML100_2173_25,100,161.0,13075.0,10,1
4453,XML100_2173_26,100,133.0,14822.0,13,1
4454,XML100_2173_27,100,146.0,12393.0,9,1
4455,XML100_2174_01,100,178.0,11098.0,7,1
4456,XML100_2174_02,100,163.0,10653.0,9,1
4457,XML100_2174_03,100,186.0,10022.0,7,1
4458,XML100_2174_04,100,166.0,11228.0,7,1
4459,XML100_2174_05,100,176.0,10759.0,7,1
4460,XML100_2174_06,100,163.0,10394.0,8,1
4461,XML100_2174_07,100,168.0,10972.0,7,1
4462,XML100_2174_08,100,177.0,10520.0,7,1
4463,XML100_2174_09,100,168.0,10455.0,8,1
4464,XML100_2174_10,100,169.0,11043.0,8,1
4465,XML100_2174_11,100,166.0,10102.0,7,1
4466,XML100_2174_12,100,166.0,11055.0,8,1
4467,XML100_2174_13,100,166.0,10990.0,8,1
4468,XML100_2174_14,100,170.0,10690.0,8,1
4469,XML100_2174_15,100,165.0,11010.0,7,1
4470,XML100_2174_16,100,168.0,10337.0,7,1
4471,XML100_2174_17,100,183.0,10136.0,7,1
4472,XML100_2174_18,100,161.0,11771.0,9,1
4473,XML100_2174_19,100,167.0,10897.0,7,1
4474,XML100_2174_20,100,158.0,11146.0,10,1
4475,XML100_2174_21,100,159.0,10644.0,7,1
4476,XML100_2174_22,100,155.0,10854.0,8,1
4477,XML100_2174_23,100,170.0,10272.0,7,1
4478,XML100_2174_24,100,171.0,10594.0,8,1
4479,XML100_2174_25,100,175.0,10670.0,7,1
4480,XML100_2174_26,100,182.0,10259.0,7,1
4481,XML100_2174_27,100,174.0,10351.0,7,1
4482,XML100_2175_01,100,176.0,10294.0,7,1
4483,XML100_2175_02,100,181.0,10152.0,7,1
4484,XML100_2175_03,100,228.0,9258.0,5,1
4485,XML100_2175_04,100,215.0,9063.0,6,1
4486,XML100_2175_05,100,202.0,9345.0,6,1
4487,XML100_2175_06,100,210.0,9331.0,5,1
4488,XML100_2175_07,100,183.0,9656.0,6,1
4489,XML100_2175_08,100,219.0,9304.0,5,1
4490,XML100_2175_09,100,196.0,9260.0,5,1
4491,XML100_2175_10,100,223.0,8895.0,5,1
4492,XML100_2175_11,100,212.0,10195.0,6,1
4493,XML100_2175_12,100,167.0,9879.0,6,1
4494,XML100_2175_13,100,200.0,10189.0,7,1
4495,XML100_2175_14,100,202.0,9251.0,5,1
4496,XML100_2175_15,100,229.0,9361.0,5,1
4497,XML100_2175_16,100,186.0,9334.0,5,1
4498,XML100_2175_17,100,202.0,9434.0,5,1
4499,XML100_2175_18,100,211.0,9528.0,5,1
4500,XML100_2175_19,100,198.0,8929.0,5,1
4501,XML100_2175_20,100,205.0,9475.0,5,1
4502,XML100_2175_21,100,189.0,10315.0,7,1
4503,XML100_2175_22,100,204.0,9119.0,5,1
4504,XML100_2175_23,100,208.0,9417.0,5,1
4505,XML100_2175_24,100,213.0,8818.0,5,1
4506,XML100_2175_25,100,223.0,9379.0,5,1
4507,XML100_2175_26,100,194.0,9084.0,5,1
4508,XML100_2175_27,100,202.0,9548.0,5,1
4509,XML100_2176_01,100,235.0,8995.0,4,1
4510,XML100_2176_02,100,249.0,8809.0,4,1
4511,XML100_2176_03,100,238.0,8933.0,4,1
4512,XML100_2176_04,100,239.0,8902.0,4,1
4513,XML100_2176_05,100,270.0,8391.0,3,1
4514,XML100_2176_06,100,322.0,8286.0,3,1
4515,XML100_2176_07,100,324.0,8116.0,3,1
4516,XML100_2176_08,100,322.0,7516.0,3,1
4517,XML100_2176_09,100,242.0,8875.0,4,1
4518,XML100_2176_10,100,228.0,9043.0,4,1
4519,XML100_2176_11,100,268.0,8217.0,3,1
4520,XML100_2176_12,100,340.0,8331.0,3,1
4521,XML100_2176_13,100,284.0,8361.0,3,1
4522,XML100_2176_14,100,261.0,8285.0,3,1
4523,XML100_2176_15,100,281.0,8372.0,3,1
4524,XML100_2176_16,100,206.0,8982.0,4,1
4525,XML100_2176_17,100,252.0,8645.0,3,1
4526,XML100_2176_18,100,238.0,8675.0,4,1
4527,XML100_2176_19,100,254.0,8687.0,4,1
4528,XML100_2176_20,100,243.0,8842.0,4,1
4529,XML100_2176_21,100,321.0,8119.0,3,1
4530,XML100_2176_22,100,268.0,8050.0,3,1
4531,XML100_2176_23,100,343.0,8144.0,3,1
4532,XML100_2176_24,100,221.0,8970.0,4,1
4533,XML100_2176_25,100,332.0,7881.0,3,1
4534,XML100_2176_26,100,246.0,8657.0,4,1
4535,XML100_2176_27,100,197.0,8831.0,4,1
4536,XML100_2211_01,100,3.0,22665.0,34,1
4537,XML100_2211_02,100,4.0,15431.0,25,1
4538,XML100_2211_03,100,3.0,22587.0,34,1
4539,XML100_2211_04,100,3.0,30043.0,34,1
4540,XML100_2211_05,100,3.0,35519.0,34,1
4541,XML100_2211_06,100,4.0,22863.0,25,1
4542,XML100_2211_07,100,3.0,26275.0,34,1
4543,XML100_2211_08,100,4.0,19495.0,25,1
4544,XML100_2211_09,100,4.0,19261.0,25,1
4545,XML100_2211_10,100,3.0,28880.0,34,1
4546,XML100_2211_11,100,3.0,26934.0,34,1
4547,XML100_2211_12,100,3.0,19296.0,34,1
4548,XML100_2211_13,100,4.0,17300.0,25,1
4549,XML100_2211_14,100,4.0,19777.0,25,1
4550,XML100_2211_15,100,3.0,25135.0,34,1
4551,XML100_2211_16,100,3.0,27538.0,34,1
4552,XML100_2211_17,100,3.0,26209.0,34,1
4553,XML100_2211_18,100,3.0,26026.0,34,1
4554,XML100_2211_19,100,4.0,17913.0,25,1
4555,XML100_2211_20,100,3.0,25286.0,34,1
4556,XML100_2211_21,100,3.0,19938.0,34,1
4557,XML100_2211_22,100,4.0,19454.0,25,1
4558,XML100_2211_23,100,3.0,32776.0,34,1
4559,XML100_2211_24,100,3.0,26462.0,34,1
4560,XML100_2211_25,100,3.0,23606.0,34,1
4561,XML100_2211_26,100,4.0,20346.0,25,1
4562,XML100_2211_27,100,3.0,31961.0,34,1
4563,XML100_2212_01,100,6.0,16152.0,17,1
4564,XML100_2212_02,100,5.0,14241.0,20,1
4565,XML100_2212_03,100,6.0,16523.0,17,1
4566,XML100_2212_04,100,6.0,15707.0,17,1
4567,XML100_2212_05,100,7.0,10824.0,15,1
4568,XML100_2212_06,100,6.0,13462.0,17,1
4569,XML100_2212_07,100,7.0,16642.0,15,1
4570,XML100_2212_08,100,7.0,13692.0,15,1
4571,XML100_2212_09,100,5.0,18233.0,20,1
4572,XML100_2212_10,100,6.0,12332.0,17,1
4573,XML100_2212_11,100,5.0,18991.0,20,1
4574,XML100_2212_12,100,6.0,13820.0,17,1
4575,XML100_2212_13,100,6.0,17116.0,17,1
4576,XML100_2212_14,100,6.0,16859.0,17,1
4577,XML100_2212_15,100,7.0,12945.0,15,1
4578,XML100_2212_16,100,5.0,20527.0,20,1
4579,XML100_2212_17,100,5.0,19588.0,20,1
4580,XML100_2212_18,100,5.0,17604.0,20,1
4581,XML100_2212_19,100,7.0,12185.0,15,1
4582,XML100_2212_20,100,7.0,13412.0,15,1
4583,XML100_2212_21,100,5.0,18028.0,20,1
4584,XML100_2212_22,100,5.0,19527.0,20,1
4585,XML100_2212_23,100,6.0,12937.0,17,1
4586,XML100_2212_24,100,6.0,14718.0,17,1
4587,XML100_2212_25,100,7.0,14198.0,15,1
4588,XML100_2212_26,100,6.0,18694.0,17,1
4589,XML100_2212_27,100,6.0,17072.0,17,1
4590,XML100_2213_01,100,9.0,11786.0,12,1
4591,XML100_2213_02,100,10.0,10591.0,10,1
4592,XML100_2213_03,100,11.0,9097.0,10,1
4593,XML100_2213_04,100,11.0,8357.0,10,1
4594,XML100_2213_05,100,9.0,8952.0,12,1
4595,XML100_2213_06,100,9.0,12603.0,12,1
4596,XML100_2213_07,100,9.0,9727.0,12,1
4597,XML100_2213_08,100,11.0,10713.0,10,1
4598,XML100_2213_09,100,10.0,12089.0,10,1
4599,XML100_2213_10,100,11.0,10325.0,10,1
4600,XML100_2213_11,100,10.0,9185.0,10,1
4601,XML100_2213_12,100,10.0,10187.0,10,1
4602,XML100_2213_13,100,10.0,11931.0,10,1
4603,XML100_2213_14,100,10.0,10760.0,10,1
4604,XML100_2213_15,100,8.0,13602.0,13,1
4605,XML100_2213_16,100,8.0,11845.0,13,1
4606,XML100_2213_17,100,11.0,7766.0,10,1
4607,XML100_2213_18,100,10.0,10322.0,10,1
4608,XML100_2213_19,100,9.0,11795.0,12,1
4609,XML100_2213_20,100,9.0,11320.0,12,1
4610,XML100_2213_21,100,8.0,9970.0,13,1
4611,XML100_2213_22,100,8.0,12538.0,13,1
4612,XML100_2213_23,100,9.0,8863.0,12,1
4613,XML100_2213_24,100,11.0,10062.0,10,1
4614,XML100_2213_25,100,9.0,10375.0,12,1
4615,XML100_2213_26,100,11.0,10991.0,10,1
4616,XML100_2213_27,100,10.0,10540.0,10,1
4617,XML100_2214_01,100,12.0,10601.0,9,1
4618,XML100_2214_02,100,14.0,9558.0,8,1
4619,XML100_2214_03,100,13.0,8293.0,8,1
4620,XML100_2214_04,100,14.0,9409.0,8,1
4621,XML100_2214_05,100,13.0,9597.0,8,1
4622,XML100_2214_06,100,13.0,9473.0,8,1
4623,XML100_2214_07,100,12.0,8675.0,9,1
4624,XML100_2214_08,100,15.0,9309.0,7,1
4625,XML100_2214_09,100,13.0,10663.0,8,1
4626,XML100_2214_10,100,14.0,10142.0,8,1
4627,XML100_2214_11,100,14.0,6907.0,8,1
4628,XML100_2214_12,100,14.0,8618.0,8,1
4629,XML100_2214_13,100,12.0,8147.0,9,1
4630,XML100_2214_14,100,13.0,7926.0,8,1
4631,XML100_2214_15,100,13.0,9442.0,8,1
4632,XML100_2214_16,100,12.0,9667.0,9,1
4633,XML100_2214_17,100,12.0,8511.0,9,1
4634,XML100_2214_18,100,13.0,7486.0,8,1
4635,XML100_2214_19,100,14.0,9387.0,8,1
4636,XML100_2214_20,100,13.0,10249.0,8,1
4637,XML100_2214_21,100,12.0,11502.0,9,1
4638,XML100_2214_22,100,14.0,8228.0,8,1
4639,XML100_2214_23,100,15.0,10106.0,7,1
4640,XML100_2214_24,100,15.0,8773.0,7,1
4641,XML100_2214_25,100,14.0,8763.0,8,1
4642,XML100_2214_26,100,12.0,9040.0,9,1
4643,XML100_2214_27,100,13.0,8218.0,8,1
4644,XML100_2215_01,100,22.0,6912.0,5,1
4645,XML100_2215_02,100,20.0,7361.0,5,1
4646,XML100_2215_03,100,19.0,6739.0,6,1
4647,XML100_2215_04,100,24.0,7270.0,5,1
4648,XML100_2215_05,100,19.0,8531.0,6,1
4649,XML100_2215_06,100,22.0,5878.0,5,1
4650,XML100_2215_07,100,20.0,7570.0,5,1
4651,XML100_2215_08,100,17.0,7553.0,6,1
4652,XML100_2215_09,100,19.0,7045.0,6,1
4653,XML100_2215_10,100,19.0,7579.0,6,1
4654,XML100_2215_11,100,21.0,7342.0,5,1
4655,XML100_2215_12,100,19.0,7663.0,6,1
4656,XML100_2215_13,100,18.0,7867.0,6,1
4657,XML100_2215_14,100,19.0,7394.0,6,1
4658,XML100_2215_15,100,19.0,7138.0,6,1
4659,XML100_2215_16,100,19.0,8194.0,6,1
4660,XML100_2215_17,100,19.0,8581.0,6,1
4661,XML100_2215_18,100,17.0,8041.0,6,1
4662,XML100_2215_19,100,18.0,6000.0,6,1
4663,XML100_2215_20,100,20.0,6401.0,5,1
4664,XML100_2215_21,100,24.0,6189.0,5,1
4665,XML100_2215_22,100,16.0,7926.0,7,1
4666,XML100_2215_23,100,23.0,7252.0,5,1
4667,XML100_2215_24,100,24.0,6940.0,5,1
4668,XML100_2215_25,100,17.0,7713.0,6,1
4669,XML100_2215_26,100,16.0,7583.0,7,1
4670,XML100_2216_01,100,25.0,6380.0,4,1
4671,XML100_2216_02,100,32.0,6576.0,4,1
4672,XML100_2216_03,100,37.0,5563.0,3,1
4673,XML100_2216_04,100,46.0,5972.0,3,1
4674,XML100_2216_05,100,46.0,5964.0,3,1
4675,XML100_2216_06,100,27.0,7095.0,4,1
4676,XML100_2216_07,100,30.0,6907.0,4,1
4677,XML100_2216_08,100,45.0,5353.0,3,1
4678,XML100_2216_09,100,46.0,5405.0,3,1
4679,XML100_2216_10,100,44.0,5806.0,3,1
4680,XML100_2216_11,100,37.0,4780.0,3,1
4681,XML100_2216_12,100,41.0,4413.0,3,1
4682,XML100_2216_13,100,28.0,7287.0,4,1
4683,XML100_2216_14,100,27.0,7225.0,4,1
4684,XML100_2216_15,100,30.0,5696.0,4,1
4685,XML100_2216_16,100,30.0,5877.0,4,1
4686,XML100_2216_17,100,44.0,6015.0,3,1
4687,XML100_2216_18,100,41.0,6785.0,3,1
4688,XML100_2216_19,100,26.0,6514.0,4,1
4689,XML100_2216_20,100,36.0,4508.0,3,1
4690,XML100_2216_21,100,42.0,5977.0,3,1
4691,XML100_2216_22,100,29.0,5702.0,4,1
4692,XML100_2216_23,100,47.0,7103.0,3,1
4693,XML100_2216_24,100,47.0,4642.0,3,1
4694,XML100_2216_25,100,49.0,6466.0,3,1
4695,XML100_2216_26,100,44.0,5607.0,3,1
4696,XML100_2221_01,100,19.0,24630.0,30,1
4697,XML100_2221_02,100,21.0,14158.0,31,1
4698,XML100_2221_03,100,23.0,22440.0,26,1
4699,XML100_2221_04,100,25.0,24090.0,23,1
4700,XML100_2221_05,100,21.0,27287.0,27,1
4701,XML100_2221_06,100,17.0,20667.0,32,1
4702,XML100_2221_07,100,23.0,26900.0,27,1
4703,XML100_2221_08,100,18.0,31375.0,31,1
4704,XML100_2221_09,100,24.0,17145.0,23,1
4705,XML100_2221_10,100,26.0,19922.0,21,1
4706,XML100_2221_11,100,18.0,23604.0,29,1
4707,XML100_2221_12,100,22.0,14671.0,27,1
4708,XML100_2221_13,100,24.0,22582.0,22,1
4709,XML100_2221_14,100,27.0,18342.0,22,1
4710,XML100_2221_15,100,23.0,22162.0,25,1
4711,XML100_2221_16,100,16.0,28245.0,32,1
4712,XML100_2221_17,100,19.0,24195.0,30,1
4713,XML100_2221_18,100,21.0,27093.0,26,1
4714,XML100_2221_19,100,26.0,19672.0,22,1
4715,XML100_2221_20,100,24.0,15753.0,23,1
4716,XML100_2221_21,100,28.0,11733.0,21,1
4717,XML100_2221_22,100,19.0,17256.0,30,1
4718,XML100_2221_23,100,18.0,26807.0,31,1
4719,XML100_2221_24,100,18.0,27245.0,31,1
4720,XML100_2221_25,100,19.0,25676.0,30,1
4721,XML100_2221_26,100,25.0,22366.0,24,1
4722,XML100_2222_01,100,33.0,15885.0,17,1
4723,XML100_2222_02,100,32.0,14290.0,18,1
4724,XML100_2222_03,100,37.0,14254.0,17,1
4725,XML100_2222_04,100,38.0,11838.0,14,1
4726,XML100_2222_05,100,34.0,13594.0,16,1
4727,XML100_2222_06,100,31.0,17568.0,19,1
4728,XML100_2222_07,100,41.0,8865.0,13,1
4729,XML100_2222_08,100,30.0,14449.0,17,1
4730,XML100_2222_09,100,35.0,9529.0,15,1
4731,XML100_2222_10,100,36.0,13977.0,16,1
4732,XML100_2222_11,100,35.0,16731.0,17,1
4733,XML100_2222_12,100,38.0,13279.0,14,1
4734,XML100_2222_13,100,31.0,15766.0,18,1
4735,XML100_2222_14,100,40.0,15726.0,15,1
4736,XML100_2222_15,100,38.0,14603.0,17,1
4737,XML100_2222_16,100,38.0,13926.0,15,1
4738,XML100_2222_17,100,31.0,12719.0,17,1
4739,XML100_2222_18,100,38.0,12885.0,15,1
4740,XML100_2222_19,100,32.0,16716.0,18,1
4741,XML100_2222_20,100,36.0,15273.0,16,1
4742,XML100_2222_21,100,35.0,15305.0,17,1
4743,XML100_2222_22,100,44.0,13371.0,13,1
4744,XML100_2222_23,100,37.0,15451.0,16,1
4745,XML100_2222_24,100,35.0,17783.0,16,1
4746,XML100_2222_25,100,28.0,16689.0,19,1
4747,XML100_2222_26,100,29.0,15676.0,20,1
4748,XML100_2223_01,100,46.0,12815.0,12,1
4749,XML100_2223_02,100,64.0,8613.0,9,1
4750,XML100_2223_03,100,63.0,10619.0,9,1
4751,XML100_2223_04,100,66.0,10418.0,9,1
4752,XML100_2223_05,100,67.0,11657.0,9,1
4753,XML100_2223_06,100,54.0,12319.0,10,1
4754,XML100_2223_07,100,68.0,10277.0,9,1
4755,XML100_2223_08,100,54.0,12730.0,11,1
4756,XML100_2223_09,100,45.0,12154.0,12,1
4757,XML100_2223_10,100,53.0,11371.0,11,1
4758,XML100_2223_11,100,67.0,8407.0,9,1
4759,XML100_2223_12,100,46.0,11851.0,13,1
4760,XML100_2223_13,100,67.0,9313.0,9,1
4761,XML100_2223_14,100,50.0,13303.0,11,1
4762,XML100_2223_15,100,55.0,9196.0,10,1
4763,XML100_2223_16,100,62.0,10862.0,10,1
4764,XML100_2223_17,100,56.0,10500.0,10,1
4765,XML100_2223_18,100,71.0,11061.0,9,1
4766,XML100_2223_19,100,47.0,14580.0,13,1
4767,XML100_2223_20,100,54.0,11398.0,11,1
4768,XML100_2223_21,100,52.0,12848.0,12,1
4769,XML100_2223_22,100,57.0,9988.0,10,1
4770,XML100_2223_23,100,46.0,13597.0,12,1
4771,XML100_2223_24,100,64.0,10540.0,9,1
4772,XML100_2223_25,100,51.0,12383.0,12,1
4773,XML100_2223_26,100,50.0,12992.0,12,1
4774,XML100_2224_01,100,73.0,7299.0,8,1
4775,XML100_2224_02,100,82.0,7802.0,7,1
4776,XML100_2224_03,100,81.0,7784.0,7,1
4777,XML100_2224_04,100,87.0,7208.0,7,1
4778,XML100_2224_05,100,72.0,9407.0,8,1
4779,XML100_2224_06,100,87.0,8467.0,7,1
4780,XML100_2224_07,100,81.0,8866.0,8,1
4781,XML100_2224_08,100,73.0,9306.0,8,1
4782,XML100_2224_09,100,64.0,9080.0,9,1
4783,XML100_2224_10,100,89.0,7064.0,7,1
4784,XML100_2224_11,100,79.0,10144.0,7,1
4785,XML100_2224_12,100,86.0,5891.0,7,1
4786,XML100_2224_13,100,80.0,8762.0,7,1
4787,XML100_2224_14,100,75.0,7473.0,8,1
4788,XML100_2224_15,100,87.0,7586.0,7,1
4789,XML100_2224_16,100,69.0,9643.0,8,1
4790,XML100_2224_17,100,76.0,8981.0,8,1
4791,XML100_2224_18,100,68.0,8991.0,9,1
4792,XML100_2224_19,100,75.0,8890.0,8,1
4793,XML100_2224_20,100,75.0,9644.0,7,1
4794,XML100_2224_21,100,84.0,8092.0,8,1
4795,XML100_2224_22,100,95.0,7589.0,7,1
4796,XML100_2224_23,100,58.0,9016.0,9,1
4797,XML100_2224_24,100,77.0,7397.0,8,1
4798,XML100_2224_25,100,71.0,9951.0,8,1
4799,XML100_2224_26,100,66.0,8719.0,8,1
4800,XML100_2225_01,100,136.0,6071.0,5,1
4801,XML100_2225_02,100,115.0,6116.0,5,1
4802,XML100_2225_03,100,116.0,7896.0,5,1
4803,XML100_2225_04,100,107.0,7397.0,6,1
4804,XML100_2225_05,100,99.0,7304.0,6,1
4805,XML100_2225_06,100,107.0,8316.0,5,1
4806,XML100_2225_07,100,104.0,8167.0,6,1
4807,XML100_2225_08,100,108.0,8396.0,6,1
4808,XML100_2225_09,100,106.0,9186.0,6,1
4809,XML100_2225_10,100,137.0,7849.0,5,1
4810,XML100_2225_11,100,113.0,6559.0,5,1
4811,XML100_2225_12,100,116.0,6203.0,5,1
4812,XML100_2225_13,100,142.0,6459.0,5,1
4813,XML100_2225_14,100,124.0,7406.0,5,1
4814,XML100_2225_15,100,105.0,6007.0,5,1
4815,XML100_2225_16,100,107.0,7307.0,5,1
4816,XML100_2225_17,100,88.0,7861.0,6,1
4817,XML100_2225_18,100,107.0,7023.0,5,1
4818,XML100_2225_19,100,90.0,7954.0,7,1
4819,XML100_2225_20,100,100.0,6830.0,6,1
4820,XML100_2225_21,100,94.0,7852.0,6,1
4821,XML100_2225_22,100,126.0,8354.0,5,1
4822,XML100_2225_23,100,113.0,6156.0,5,1
4823,XML100_2225_24,100,111.0,7541.0,5,1
4824,XML100_2225_25,100,127.0,6934.0,5,1
4825,XML100_2225_26,100,123.0,7240.0,5,1
4826,XML100_2226_01,100,156.0,4833.0,4,1
4827,XML100_2226_02,100,193.0,6527.0,3,1
4828,XML100_2226_03,100,181.0,7896.0,4,1
4829,XML100_2226_04,100,136.0,5645.0,4,1
4830,XML100_2226_05,100,232.0,6727.0,3,1
4831,XML100_2226_06,100,163.0,5689.0,4,1
4832,XML100_2226_07,100,256.0,5914.0,3,1
4833,XML100_2226_08,100,180.0,5732.0,3,1
4834,XML100_2226_09,100,231.0,6053.0,3,1
4835,XML100_2226_10,100,158.0,6043.0,4,1
4836,XML100_2226_11,100,151.0,6850.0,4,1
4837,XML100_2226_12,100,247.0,6156.0,3,1
4838,XML100_2226_13,100,231.0,5877.0,3,1
4839,XML100_2226_14,100,196.0,6016.0,3,1
4840,XML100_2226_15,100,222.0,5570.0,3,1
4841,XML100_2226_16,100,230.0,5210.0,3,1
4842,XML100_2226_17,100,174.0,6774.0,4,1
4843,XML100_2226_18,100,168.0,5880.0,4,1
4844,XML100_2226_19,100,177.0,6387.0,4,1
4845,XML100_2226_20,100,264.0,5981.0,3,1
4846,XML100_2226_21,100,243.0,5178.0,2,1
4847,XML100_2226_22,100,190.0,5512.0,4,1
4848,XML100_2226_23,100,221.0,5483.0,3,1
4849,XML100_2226_24,100,260.0,6207.0,3,1
4850,XML100_2226_25,100,167.0,6638.0,4,1
4851,XML100_2226_26,100,194.0,5265.0,3,1
4852,XML100_2231_01,100,26.0,26756.0,29,1
4853,XML100_2231_02,100,33.0,19903.0,24,1
4854,XML100_2231_03,100,32.0,27054.0,24,1
4855,XML100_2231_04,100,29.0,20550.0,27,1
4856,XML100_2231_05,100,23.0,31296.0,32,1
4857,XML100_2231_06,100,28.0,19933.0,28,1
4858,XML100_2231_07,100,36.0,18309.0,21,1
4859,XML100_2231_08,100,30.0,22420.0,26,1
4860,XML100_2231_09,100,26.0,25707.0,31,1
4861,XML100_2231_10,100,24.0,20056.0,33,1
4862,XML100_2231_11,100,30.0,19340.0,26,1
4863,XML100_2231_12,100,36.0,15409.0,22,1
4864,XML100_2231_13,100,34.0,23705.0,24,1
4865,XML100_2231_14,100,36.0,20246.0,21,1
4866,XML100_2231_15,100,33.0,14758.0,24,1
4867,XML100_2231_16,100,38.0,19341.0,21,1
4868,XML100_2231_17,100,31.0,19991.0,25,1
4869,XML100_2231_18,100,27.0,22639.0,29,1
4870,XML100_2231_19,100,29.0,21849.0,28,1
4871,XML100_2231_20,100,24.0,26271.0,32,1
4872,XML100_2231_21,100,32.0,26622.0,24,1
4873,XML100_2231_22,100,24.0,23205.0,31,1
4874,XML100_2231_23,100,29.0,24530.0,26,1
4875,XML100_2231_24,100,32.0,21158.0,25,1
4876,XML100_2231_25,100,32.0,24735.0,24,1
4877,XML100_2231_26,100,35.0,22594.0,23,1
4878,XML100_2232_01,100,59.0,12027.0,13,1
4879,XML100_2232_02,100,41.0,18096.0,19,1
4880,XML100_2232_03,100,55.0,10544.0,14,1
4881,XML100_2232_04,100,43.0,15030.0,18,1
4882,XML100_2232_05,100,49.0,14510.0,15,1
4883,XML100_2232_06,100,43.0,15555.0,18,1
4884,XML100_2232_07,100,46.0,11116.0,17,1
4885,XML100_2232_08,100,55.0,12521.0,14,1
4886,XML100_2232_09,100,50.0,16345.0,16,1
4887,XML100_2232_10,100,39.0,13839.0,20,1
4888,XML100_2232_11,100,39.0,19291.0,20,1
4889,XML100_2232_12,100,43.0,17937.0,18,1
4890,XML100_2232_13,100,45.0,12957.0,18,1
4891,XML100_2232_14,100,50.0,13444.0,16,1
4892,XML100_2232_15,100,62.0,13660.0,13,1
4893,XML100_2232_16,100,59.0,12761.0,13,1
4894,XML100_2232_17,100,54.0,12484.0,15,1
4895,XML100_2232_18,100,45.0,17026.0,17,1
4896,XML100_2232_19,100,57.0,17340.0,14,1
4897,XML100_2232_20,100,51.0,15211.0,15,1
4898,XML100_2232_21,100,53.0,14717.0,15,1
4899,XML100_2232_22,100,45.0,17878.0,18,1
4900,XML100_2232_23,100,53.0,12143.0,15,1
4901,XML100_2232_24,100,49.0,16743.0,17,1
4902,XML100_2232_25,100,56.0,14877.0,14,1
4903,XML100_2232_26,100,53.0,14613.0,15,1
4904,XML100_2233_01,100,81.0,8917.0,9,1
4905,XML100_2233_02,100,67.0,9616.0,11,1
4906,XML100_2233_03,100,86.0,9638.0,9,1
4907,XML100_2233_04,100,62.0,11220.0,13,1
4908,XML100_2233_05,100,85.0,9087.0,9,1
4909,XML100_2233_06,100,87.0,7821.0,9,1
4910,XML100_2233_07,100,87.0,9076.0,9,1
4911,XML100_2233_08,100,64.0,11063.0,12,1
4912,XML100_2233_09,100,86.0,9676.0,9,1
4913,XML100_2233_10,100,83.0,9995.0,10,1
4914,XML100_2233_11,100,86.0,10007.0,9,1
4915,XML100_2233_12,100,60.0,12335.0,13,1
4916,XML100_2233_13,100,87.0,8724.0,9,1
4917,XML100_2233_14,100,94.0,9112.0,9,1
4918,XML100_2233_15,100,79.0,11403.0,10,1
4919,XML100_2233_16,100,69.0,11730.0,12,1
4920,XML100_2233_17,100,82.0,7834.0,10,1
4921,XML100_2233_18,100,71.0,11756.0,11,1
4922,XML100_2233_19,100,82.0,8510.0,10,1
4923,XML100_2233_20,100,89.0,10817.0,9,1
4924,XML100_2233_21,100,83.0,10808.0,10,1
4925,XML100_2233_22,100,87.0,9579.0,9,1
4926,XML100_2233_23,100,76.0,9152.0,10,1
4927,XML100_2233_24,100,73.0,8426.0,10,1
4928,XML100_2233_25,100,90.0,10248.0,9,1
4929,XML100_2233_26,100,89.0,10096.0,9,1
4930,XML100_2234_01,100,101.0,9121.0,8,1
4931,XML100_2234_02,100,93.0,8084.0,9,1
4932,XML100_2234_03,100,110.0,7508.0,7,1
4933,XML100_2234_04,100,97.0,8610.0,8,1
4934,XML100_2234_05,100,95.0,9621.0,8,1
4935,XML100_2234_06,100,107.0,8778.0,7,1
4936,XML100_2234_07,100,119.0,5365.0,7,1
4937,XML100_2234_08,100,111.0,7781.0,7,1
4938,XML100_2234_09,100,108.0,8305.0,8,1
4939,XML100_2234_10,100,96.0,7172.0,8,1
4940,XML100_2234_11,100,93.0,8743.0,8,1
4941,XML100_2234_12,100,98.0,10236.0,8,1
4942,XML100_2234_13,100,96.0,10164.0,8,1
4943,XML100_2234_14,100,99.0,8904.0,8,1
4944,XML100_2234_15,100,116.0,9728.0,7,1
4945,XML100_2234_16,100,117.0,8152.0,7,1
4946,XML100_2234_17,100,101.0,8387.0,8,1
4947,XML100_2234_18,100,107.0,6996.0,7,1
4948,XML100_2234_19,100,100.0,9313.0,8,1
4949,XML100_2234_20,100,107.0,7676.0,8,1
4950,XML100_2234_21,100,92.0,8756.0,9,1
4951,XML100_2234_22,100,121.0,8058.0,7,1
4952,XML100_2234_23,100,107.0,9432.0,7,1
4953,XML100_2234_24,100,95.0,8488.0,8,1
4954,XML100_2234_25,100,107.0,8567.0,7,1
4955,XML100_2234_26,100,89.0,9600.0,9,1
4956,XML100_2235_01,100,146.0,7726.0,6,1
4957,XML100_2235_02,100,186.0,7768.0,5,1
4958,XML100_2235_03,100,135.0,7136.0,6,1
4959,XML100_2235_04,100,125.0,8456.0,6,1
4960,XML100_2235_05,100,120.0,8862.0,7,1
4961,XML100_2235_06,100,181.0,6196.0,5,1
4962,XML100_2235_07,100,125.0,8548.0,6,1
4963,XML100_2235_08,100,153.0,6618.0,6,1
4964,XML100_2235_09,100,128.0,7345.0,7,1
4965,XML100_2235_10,100,130.0,9158.0,7,1
4966,XML100_2235_11,100,150.0,5886.0,6,1
4967,XML100_2235_12,100,178.0,5914.0,5,1
4968,XML100_2235_13,100,175.0,7447.0,5,1
4969,XML100_2235_14,100,132.0,7356.0,6,1
4970,XML100_2235_15,100,182.0,6787.0,5,1
4971,XML100_2235_16,100,151.0,7960.0,6,1
4972,XML100_2235_17,100,148.0,6736.0,5,1
4973,XML100_2235_18,100,190.0,6873.0,5,1
4974,XML100_2235_19,100,131.0,7329.0,6,1
4975,XML100_2235_20,100,136.0,7469.0,6,1
4976,XML100_2235_21,100,158.0,7005.0,5,1
4977,XML100_2235_22,100,158.0,6691.0,5,1
4978,XML100_2235_23,100,155.0,7752.0,5,1
4979,XML100_2235_24,100,173.0,6990.0,5,1
4980,XML100_2235_25,100,173.0,6819.0,5,1
4981,XML100_2235_26,100,162.0,6664.0,5,1
4982,XML100_2236_01,100,199.0,6578.0,4,1
4983,XML100_2236_02,100,277.0,5290.0,3,1
4984,XML100_2236_03,100,209.0,7254.0,4,1
4985,XML100_2236_04,100,281.0,6788.0,3,1
4986,XML100_2236_05,100,338.0,5145.0,3,1
4987,XML100_2236_06,100,344.0,5646.0,3,1
4988,XML100_2236_07,100,269.0,5822.0,3,1
4989,XML100_2236_08,100,316.0,4593.0,3,1
4990,XML100_2236_09,100,298.0,5578.0,3,1
4991,XML100_2236_10,100,314.0,5206.0,3,1
4992,XML100_2236_11,100,283.0,5553.0,3,1
4993,XML100_2236_12,100,363.0,4422.0,3,1
4994,XML100_2236_13,100,370.0,5649.0,3,1
4995,XML100_2236_14,100,290.0,6403.0,3,1
4996,XML100_2236_15,100,225.0,5773.0,4,1
4997,XML100_2236_16,100,213.0,5557.0,4,1
4998,XML100_2236_17,100,217.0,6783.0,4,1
4999,XML100_2236_18,100,341.0,4540.0,3,1
5000,XML100_2236_19,100,302.0,4953.0,3,1
5001,XML100_2236_20,100,238.0,6670.0,4,1
5002,XML100_2236_21,100,322.0,5670.0,3,1
5003,XML100_2236_22,100,233.0,5892.0,4,1
5004,XML100_2236_23,100,197.0,5918.0,4,1
5005,XML100_2236_24,100,313.0,5486.0,3,1
5006,XML100_2236_25,100,285.0,5799.0,3,1
5007,XML100_2236_26,100,211.0,4928.0,4,1
5008,XML100_2241_01,100,179.0,23614.0,29,1
5009,XML100_2241_02,100,167.0,28344.0,34,1
5010,XML100_2241_03,100,221.0,23507.0,24,1
5011,XML100_2241_04,100,233.0,13269.0,23,1
5012,XML100_2241_05,100,222.0,11188.0,23,1
5013,XML100_2241_06,100,192.0,12674.0,28,1
5014,XML100_2241_07,100,220.0,18136.0,22,1
5015,XML100_2241_08,100,204.0,23810.0,24,1
5016,XML100_2241_09,100,220.0,20471.0,22,1
5017,XML100_2241_10,100,181.0,29397.0,30,1
5018,XML100_2241_11,100,156.0,17074.0,34,1
5019,XML100_2241_12,100,204.0,21739.0,25,1
5020,XML100_2241_13,100,254.0,18411.0,21,1
5021,XML100_2241_14,100,241.0,16591.0,21,1
5022,XML100_2241_15,100,243.0,22206.0,26,1
5023,XML100_2241_16,100,195.0,23801.0,27,1
5024,XML100_2241_17,100,172.0,21651.0,26,1
5025,XML100_2241_18,100,188.0,27976.0,31,1
5026,XML100_2241_19,100,188.0,20988.0,29,1
5027,XML100_2241_20,100,178.0,22633.0,28,1
5028,XML100_2241_21,100,190.0,23441.0,26,1
5029,XML100_2241_22,100,243.0,16679.0,22,1
5030,XML100_2241_23,100,143.0,30636.0,35,1
5031,XML100_2241_24,100,201.0,22212.0,27,1
5032,XML100_2241_25,100,191.0,18349.0,24,1
5033,XML100_2241_26,100,234.0,21554.0,23,1
5034,XML100_2242_01,100,265.0,18156.0,21,1
5035,XML100_2242_02,100,243.0,19806.0,19,1
5036,XML100_2242_03,100,386.0,10773.0,14,1
5037,XML100_2242_04,100,390.0,12959.0,15,1
5038,XML100_2242_05,100,389.0,10581.0,14,1
5039,XML100_2242_06,100,354.0,11381.0,13,1
5040,XML100_2242_07,100,335.0,13977.0,16,1
5041,XML100_2242_08,100,428.0,14945.0,13,1
5042,XML100_2242_09,100,408.0,12619.0,13,1
5043,XML100_2242_10,100,383.0,9692.0,14,1
5044,XML100_2242_11,100,355.0,12383.0,14,1
5045,XML100_2242_12,100,372.0,14641.0,14,1
5046,XML100_2242_13,100,375.0,13402.0,14,1
5047,XML100_2242_14,100,339.0,15361.0,15,1
5048,XML100_2242_15,100,296.0,14138.0,17,1
5049,XML100_2242_16,100,265.0,18156.0,20,1
5050,XML100_2242_17,100,338.0,17523.0,14,1
5051,XML100_2242_18,100,276.0,18778.0,19,1
5052,XML100_2242_19,100,321.0,16080.0,15,1
5053,XML100_2242_20,100,299.0,12111.0,16,1
5054,XML100_2242_21,100,257.0,15657.0,19,1
5055,XML100_2242_22,100,244.0,17003.0,20,1
5056,XML100_2242_23,100,342.0,13989.0,15,1
5057,XML100_2242_24,100,300.0,15220.0,18,1
5058,XML100_2242_25,100,353.0,13355.0,14,1
5059,XML100_2242_26,100,347.0,14469.0,16,1
5060,XML100_2243_01,100,546.0,9179.0,10,1
5061,XML100_2243_02,100,574.0,11126.0,10,1
5062,XML100_2243_03,100,463.0,12444.0,12,1
5063,XML100_2243_04,100,445.0,13486.0,12,1
5064,XML100_2243_05,100,529.0,8863.0,11,1
5065,XML100_2243_06,100,393.0,12168.0,12,1
5066,XML100_2243_07,100,457.0,10543.0,12,1
5067,XML100_2243_08,100,516.0,11025.0,11,1
5068,XML100_2243_09,100,537.0,11461.0,10,1
5069,XML100_2243_10,100,410.0,10300.0,12,1
5070,XML100_2243_11,100,457.0,8588.0,11,1
5071,XML100_2243_12,100,598.0,7351.0,9,1
5072,XML100_2243_13,100,563.0,5972.0,9,1
5073,XML100_2243_14,100,496.0,11444.0,11,1
5074,XML100_2243_15,100,527.0,10909.0,10,1
5075,XML100_2243_16,100,659.0,10391.0,9,1
5076,XML100_2243_17,100,467.0,11477.0,12,1
5077,XML100_2243_18,100,568.0,11573.0,10,1
5078,XML100_2243_19,100,625.0,7963.0,9,1
5079,XML100_2243_20,100,556.0,8938.0,9,1
5080,XML100_2243_21,100,531.0,10001.0,10,1
5081,XML100_2243_22,100,510.0,10034.0,11,1
5082,XML100_2243_23,100,493.0,10295.0,12,1
5083,XML100_2243_24,100,594.0,10378.0,9,1
5084,XML100_2243_25,100,495.0,12384.0,11,1
5085,XML100_2243_26,100,614.0,9629.0,9,1
5086,XML100_2244_01,100,662.0,7591.0,8,1
5087,XML100_2244_02,100,684.0,8759.0,8,1
5088,XML100_2244_03,100,695.0,8406.0,8,1
5089,XML100_2244_04,100,752.0,8329.0,7,1
5090,XML100_2244_05,100,693.0,9573.0,8,1
5091,XML100_2244_06,100,763.0,9803.0,7,1
5092,XML100_2244_07,100,676.0,9034.0,7,1
5093,XML100_2244_08,100,711.0,9042.0,8,1
5094,XML100_2244_09,100,684.0,8227.0,8,1
5095,XML100_2244_10,100,741.0,9533.0,8,1
5096,XML100_2244_11,100,644.0,9467.0,8,1
5097,XML100_2244_12,100,617.0,10290.0,9,1
5098,XML100_2244_13,100,770.0,8583.0,7,1
5099,XML100_2244_14,100,634.0,8826.0,8,1
5100,XML100_2244_15,100,792.0,8523.0,7,1
5101,XML100_2244_16,100,730.0,7680.0,7,1
5102,XML100_2244_17,100,696.0,8591.0,8,1
5103,XML100_2244_18,100,616.0,9005.0,9,1
5104,XML100_2244_19,100,703.0,7622.0,7,1
5105,XML100_2244_20,100,648.0,9401.0,8,1
5106,XML100_2244_21,100,793.0,9499.0,8,1
5107,XML100_2244_22,100,631.0,9281.0,9,1
5108,XML100_2244_23,100,648.0,8908.0,8,1
5109,XML100_2244_24,100,685.0,9411.0,8,1
5110,XML100_2244_25,100,620.0,10097.0,9,1
5111,XML100_2244_26,100,644.0,10188.0,8,1
5112,XML100_2245_01,100,1118.0,5246.0,5,1
5113,XML100_2245_02,100,953.0,7279.0,5,1
5114,XML100_2245_03,100,858.0,8297.0,6,1
5115,XML100_2245_04,100,1089.0,6694.0,5,1
5116,XML100_2245_05,100,1056.0,7680.0,6,1
5117,XML100_2245_06,100,1168.0,6822.0,5,1
5118,XML100_2245_07,100,995.0,8330.0,6,1
5119,XML100_2245_08,100,999.0,5713.0,6,1
5120,XML100_2245_09,100,1147.0,7158.0,5,1
5121,XML100_2245_10,100,1110.0,7481.0,5,1
5122,XML100_2245_11,100,1071.0,7961.0,5,1
5123,XML100_2245_12,100,940.0,6237.0,5,1
5124,XML100_2245_13,100,962.0,8168.0,6,1
5125,XML100_2245_14,100,1102.0,7245.0,5,1
5126,XML100_2245_15,100,1211.0,7259.0,5,1
5127,XML100_2245_16,100,934.0,7142.0,6,1
5128,XML100_2245_17,100,1071.0,7190.0,6,1
5129,XML100_2245_18,100,1152.0,6603.0,5,1
5130,XML100_2245_19,100,850.0,7194.0,7,1
5131,XML100_2245_20,100,1291.0,6199.0,5,1
5132,XML100_2245_21,100,1068.0,6663.0,5,1
5133,XML100_2245_22,100,888.0,7283.0,6,1
5134,XML100_2245_23,100,1186.0,6582.0,5,1
5135,XML100_2245_24,100,1145.0,5859.0,5,1
5136,XML100_2245_25,100,973.0,7235.0,6,1
5137,XML100_2245_26,100,1265.0,7036.0,5,1
5138,XML100_2246_01,100,2323.0,5797.0,3,1
5139,XML100_2246_02,100,2337.0,5434.0,3,1
5140,XML100_2246_03,100,1781.0,5835.0,3,1
5141,XML100_2246_04,100,2504.0,6730.0,3,1
5142,XML100_2246_05,100,2696.0,4931.0,3,1
5143,XML100_2246_06,100,1747.0,5688.0,3,1
5144,XML100_2246_07,100,1816.0,5770.0,3,1
5145,XML100_2246_08,100,1436.0,6265.0,4,1
5146,XML100_2246_09,100,1845.0,6499.0,3,1
5147,XML100_2246_10,100,1694.0,5988.0,3,1
5148,XML100_2246_11,100,2218.0,6369.0,3,1
5149,XML100_2246_12,100,1395.0,6459.0,4,1
5150,XML100_2246_13,100,1771.0,5971.0,3,1
5151,XML100_2246_14,100,1307.0,7129.0,4,1
5152,XML100_2246_15,100,2097.0,6323.0,3,1
5153,XML100_2246_16,100,1980.0,5759.0,3,1
5154,XML100_2246_17,100,1904.0,5540.0,3,1
5155,XML100_2246_18,100,1451.0,6339.0,4,1
5156,XML100_2246_19,100,1756.0,4833.0,3,1
5157,XML100_2246_20,100,1774.0,5971.0,3,1
5158,XML100_2246_21,100,1489.0,6122.0,4,1
5159,XML100_2246_22,100,2041.0,5818.0,3,1
5160,XML100_2246_23,100,1960.0,5026.0,3,1
5161,XML100_2246_24,100,2311.0,5367.0,3,1
5162,XML100_2246_25,100,1544.0,6787.0,4,1
5163,XML100_2246_26,100,2409.0,6314.0,3,1
5164,XML100_2251_01,100,345.0,15579.0,23,1
5165,XML100_2251_02,100,369.0,18724.0,21,1
5166,XML100_2251_03,100,352.0,17931.0,22,1
5167,XML100_2251_04,100,314.0,15552.0,24,1
5168,XML100_2251_05,100,314.0,20864.0,24,1
5169,XML100_2251_06,100,332.0,15430.0,24,1
5170,XML100_2251_07,100,336.0,19660.0,23,1
5171,XML100_2251_08,100,316.0,19135.0,24,1
5172,XML100_2251_09,100,332.0,20756.0,24,1
5173,XML100_2251_10,100,376.0,21660.0,21,1
5174,XML100_2251_11,100,359.0,13311.0,21,1
5175,XML100_2251_12,100,266.0,20936.0,30,1
5176,XML100_2251_13,100,248.0,32540.0,31,1
5177,XML100_2251_14,100,353.0,18804.0,22,1
5178,XML100_2251_15,100,292.0,25519.0,27,1
5179,XML100_2251_16,100,262.0,23701.0,29,1
5180,XML100_2251_17,100,359.0,14975.0,21,1
5181,XML100_2251_18,100,266.0,19737.0,29,1
5182,XML100_2251_19,100,385.0,18217.0,21,1
5183,XML100_2251_20,100,238.0,29340.0,35,1
5184,XML100_2251_21,100,317.0,22395.0,24,1
5185,XML100_2251_22,100,291.0,13629.0,26,1
5186,XML100_2251_23,100,328.0,19973.0,25,1
5187,XML100_2251_24,100,239.0,17863.0,33,1
5188,XML100_2251_25,100,311.0,19442.0,24,1
5189,XML100_2251_26,100,385.0,23849.0,21,1
5190,XML100_2252_01,100,466.0,16503.0,17,1
5191,XML100_2252_02,100,401.0,15272.0,20,1
5192,XML100_2252_03,100,541.0,16703.0,14,1
5193,XML100_2252_04,100,444.0,19660.0,18,1
5194,XML100_2252_05,100,458.0,15101.0,16,1
5195,XML100_2252_06,100,519.0,15903.0,15,1
5196,XML100_2252_07,100,519.0,16439.0,15,1
5197,XML100_2252_08,100,560.0,13726.0,14,1
5198,XML100_2252_09,100,472.0,15991.0,17,1
5199,XML100_2252_10,100,502.0,12268.0,15,1
5200,XML100_2252_11,100,580.0,12216.0,13,1
5201,XML100_2252_12,100,580.0,11705.0,14,1
5202,XML100_2252_13,100,540.0,10911.0,14,1
5203,XML100_2252_14,100,461.0,19773.0,17,1
5204,XML100_2252_15,100,383.0,17626.0,21,1
5205,XML100_2252_16,100,480.0,19297.0,16,1
5206,XML100_2252_17,100,452.0,13609.0,17,1
5207,XML100_2252_18,100,424.0,17141.0,19,1
5208,XML100_2252_19,100,552.0,14770.0,14,1
5209,XML100_2252_20,100,605.0,10841.0,13,1
5210,XML100_2252_21,100,572.0,15995.0,14,1
5211,XML100_2252_22,100,593.0,11054.0,13,1
5212,XML100_2252_23,100,527.0,12566.0,15,1
5213,XML100_2252_24,100,555.0,10951.0,14,1
5214,XML100_2252_25,100,455.0,14394.0,18,1
5215,XML100_2252_26,100,590.0,10573.0,13,1
5216,XML100_2253_01,100,715.0,11119.0,11,1
5217,XML100_2253_02,100,796.0,10803.0,10,1
5218,XML100_2253_03,100,713.0,10136.0,11,1
5219,XML100_2253_04,100,808.0,11361.0,10,1
5220,XML100_2253_05,100,758.0,11175.0,11,1
5221,XML100_2253_06,100,669.0,10601.0,12,1
5222,XML100_2253_07,100,760.0,7472.0,10,1
5223,XML100_2253_08,100,716.0,12090.0,11,1
5224,XML100_2253_09,100,798.0,8913.0,10,1
5225,XML100_2253_10,100,867.0,8183.0,9,1
5226,XML100_2253_11,100,670.0,11434.0,12,1
5227,XML100_2253_12,100,836.0,9159.0,10,1
5228,XML100_2253_13,100,904.0,10116.0,9,1
5229,XML100_2253_14,100,625.0,13560.0,12,1
5230,XML100_2253_15,100,825.0,9776.0,10,1
5231,XML100_2253_16,100,735.0,12335.0,11,1
5232,XML100_2253_17,100,626.0,11132.0,12,1
5233,XML100_2253_18,100,853.0,10753.0,9,1
5234,XML100_2253_19,100,887.0,8340.0,9,1
5235,XML100_2253_20,100,890.0,9427.0,9,1
5236,XML100_2253_21,100,766.0,8448.0,10,1
5237,XML100_2253_22,100,715.0,9710.0,11,1
5238,XML100_2253_23,100,713.0,9735.0,11,1
5239,XML100_2253_24,100,799.0,8803.0,10,1
5240,XML100_2253_25,100,779.0,10679.0,10,1
5241,XML100_2253_26,100,828.0,8386.0,10,1
5242,XML100_2254_01,100,1055.0,9899.0,8,1
5243,XML100_2254_02,100,1105.0,8345.0,7,1
5244,XML100_2254_03,100,1100.0,8160.0,7,1
5245,XML100_2254_04,100,999.0,8430.0,8,1
5246,XML100_2254_05,100,1052.0,9452.0,7,1
5247,XML100_2254_06,100,1063.0,9387.0,8,1
5248,XML100_2254_07,100,1110.0,6985.0,7,1
5249,XML100_2254_08,100,955.0,10293.0,9,1
5250,XML100_2254_09,100,887.0,11633.0,9,1
5251,XML100_2254_10,100,1151.0,8396.0,7,1
5252,XML100_2254_11,100,1162.0,9700.0,7,1
5253,XML100_2254_12,100,1139.0,7574.0,7,1
5254,XML100_2254_13,100,988.0,7357.0,8,1
5255,XML100_2254_14,100,1076.0,8468.0,8,1
5256,XML100_2254_15,100,1154.0,7947.0,7,1
5257,XML100_2254_16,100,906.0,9767.0,9,1
5258,XML100_2254_17,100,911.0,9449.0,9,1
5259,XML100_2254_18,100,949.0,9802.0,9,1
5260,XML100_2254_19,100,1017.0,8518.0,8,1
5261,XML100_2254_20,100,932.0,10267.0,9,1
5262,XML100_2254_21,100,974.0,8969.0,8,1
5263,XML100_2254_22,100,935.0,9209.0,8,1
5264,XML100_2254_23,100,992.0,9158.0,8,1
5265,XML100_2254_24,100,900.0,8369.0,9,1
5266,XML100_2254_25,100,946.0,9340.0,9,1
5267,XML100_2254_26,100,1096.0,7926.0,7,1
5268,XML100_2255_01,100,1519.0,6197.0,5,1
5269,XML100_2255_02,100,1402.0,8743.0,6,1
5270,XML100_2255_03,100,1380.0,6041.0,6,1
5271,XML100_2255_04,100,1805.0,6388.0,5,1
5272,XML100_2255_05,100,1400.0,8387.0,6,1
5273,XML100_2255_06,100,1777.0,6247.0,5,1
5274,XML100_2255_07,100,1725.0,6505.0,5,1
5275,XML100_2255_08,100,1464.0,8682.0,6,1
5276,XML100_2255_09,100,1269.0,6929.0,6,1
5277,XML100_2255_10,100,1168.0,7333.0,7,1
5278,XML100_2255_11,100,1549.0,8677.0,5,1
5279,XML100_2255_12,100,1209.0,8364.0,7,1
5280,XML100_2255_13,100,1304.0,5963.0,6,1
5281,XML100_2255_14,100,1631.0,6439.0,5,1
5282,XML100_2255_15,100,1636.0,6813.0,5,1
5283,XML100_2255_16,100,1362.0,8217.0,6,1
5284,XML100_2255_17,100,1930.0,6823.0,5,1
5285,XML100_2255_18,100,1799.0,7722.0,5,1
5286,XML100_2255_19,100,1648.0,7364.0,5,1
5287,XML100_2255_20,100,1728.0,6483.0,5,1
5288,XML100_2255_21,100,1269.0,7760.0,7,1
5289,XML100_2255_22,100,1611.0,7401.0,5,1
5290,XML100_2255_23,100,1683.0,7793.0,5,1
5291,XML100_2255_24,100,1852.0,6260.0,5,1
5292,XML100_2255_25,100,1769.0,7961.0,5,1
5293,XML100_2255_26,100,1552.0,7262.0,5,1
5294,XML100_2256_01,100,1896.0,7495.0,4,1
5295,XML100_2256_02,100,2165.0,5750.0,4,1
5296,XML100_2256_03,100,2544.0,4786.0,3,1
5297,XML100_2256_04,100,3494.0,5467.0,3,1
5298,XML100_2256_05,100,2431.0,6413.0,4,1
5299,XML100_2256_06,100,3026.0,5000.0,3,1
5300,XML100_2256_07,100,2044.0,6485.0,4,1
5301,XML100_2256_08,100,2734.0,6827.0,3,1
5302,XML100_2256_09,100,2370.0,6270.0,4,1
5303,XML100_2256_10,100,2560.0,6699.0,3,1
5304,XML100_2256_11,100,2352.0,6318.0,4,1
5305,XML100_2256_12,100,2137.0,5448.0,4,1
5306,XML100_2256_13,100,2386.0,7045.0,4,1
5307,XML100_2256_14,100,2579.0,5827.0,3,1
5308,XML100_2256_15,100,2419.0,5934.0,4,1
5309,XML100_2256_16,100,3293.0,5957.0,3,1
5310,XML100_2256_17,100,2991.0,6044.0,3,1
5311,XML100_2256_18,100,3180.0,5709.0,3,1
5312,XML100_2256_19,100,3649.0,6340.0,3,1
5313,XML100_2256_20,100,3582.0,6179.0,3,1
5314,XML100_2256_21,100,3529.0,6319.0,3,1
5315,XML100_2256_22,100,3346.0,5694.0,3,1
5316,XML100_2256_23,100,2014.0,5510.0,4,1
5317,XML100_2256_24,100,3287.0,5008.0,3,1
5318,XML100_2256_25,100,3345.0,5026.0,3,1
5319,XML100_2256_26,100,2068.0,5656.0,4,1
5320,XML100_2261_01,100,157.0,13643.0,23,1
5321,XML100_2261_02,100,258.0,17999.0,23,1
5322,XML100_2261_03,100,162.0,21352.0,26,1
5323,XML100_2261_04,100,231.0,18404.0,23,1
5324,XML100_2261_05,100,209.0,23696.0,24,1
5325,XML100_2261_06,100,236.0,22343.0,27,1
5326,XML100_2261_07,100,251.0,20507.0,23,1
5327,XML100_2261_08,100,294.0,18338.0,21,1
5328,XML100_2261_09,100,236.0,27877.0,29,1
5329,XML100_2261_10,100,154.0,28348.0,30,1
5330,XML100_2261_11,100,179.0,20564.0,29,1
5331,XML100_2261_12,100,180.0,15341.0,27,1
5332,XML100_2261_13,100,235.0,24689.0,23,1
5333,XML100_2261_14,100,239.0,17793.0,21,1
5334,XML100_2261_15,100,196.0,29755.0,30,1
5335,XML100_2261_16,100,192.0,19893.0,23,1
5336,XML100_2261_17,100,189.0,24900.0,27,1
5337,XML100_2261_18,100,197.0,22777.0,31,1
5338,XML100_2261_19,100,214.0,21523.0,22,1
5339,XML100_2261_20,100,100.0,25168.0,24,1
5340,XML100_2261_21,100,226.0,22453.0,21,1
5341,XML100_2261_22,100,191.0,23720.0,26,1
5342,XML100_2261_23,100,154.0,17391.0,27,1
5343,XML100_2261_24,100,174.0,26965.0,26,1
5344,XML100_2261_25,100,212.0,18126.0,24,1
5345,XML100_2261_26,100,88.0,27615.0,31,1
5346,XML100_2262_01,100,254.0,12200.0,20,1
5347,XML100_2262_02,100,401.0,17591.0,15,1
5348,XML100_2262_03,100,333.0,14592.0,15,1
5349,XML100_2262_04,100,313.0,13705.0,18,1
5350,XML100_2262_05,100,349.0,15373.0,17,1
5351,XML100_2262_06,100,301.0,14523.0,14,1
5352,XML100_2262_07,100,343.0,15018.0,16,1
5353,XML100_2262_08,100,410.0,15893.0,14,1
5354,XML100_2262_09,100,416.0,14742.0,15,1
5355,XML100_2262_10,100,269.0,18826.0,19,1
5356,XML100_2262_11,100,369.0,12680.0,14,1
5357,XML100_2262_12,100,513.0,13647.0,14,1
5358,XML100_2262_13,100,514.0,11303.0,14,1
5359,XML100_2262_14,100,441.0,12125.0,13,1
5360,XML100_2262_15,100,309.0,15787.0,16,1
5361,XML100_2262_16,100,389.0,14076.0,15,1
5362,XML100_2262_17,100,380.0,13972.0,15,1
5363,XML100_2262_18,100,223.0,18089.0,21,1
5364,XML100_2262_19,100,298.0,16115.0,18,1
5365,XML100_2262_20,100,383.0,14021.0,14,1
5366,XML100_2262_21,100,253.0,16299.0,18,1
5367,XML100_2262_22,100,219.0,15011.0,14,1
5368,XML100_2262_23,100,458.0,13362.0,13,1
5369,XML100_2262_24,100,286.0,16735.0,16,1
5370,XML100_2262_25,100,211.0,20615.0,18,1
5371,XML100_2262_26,100,322.0,8358.0,13,1
5372,XML100_2263_01,100,666.0,8439.0,10,1
5373,XML100_2263_02,100,464.0,13143.0,13,1
5374,XML100_2263_03,100,327.0,12662.0,13,1
5375,XML100_2263_04,100,392.0,10065.0,13,1
5376,XML100_2263_05,100,604.0,10471.0,11,1
5377,XML100_2263_06,100,402.0,11147.0,11,1
5378,XML100_2263_07,100,524.0,9951.0,10,1
5379,XML100_2263_08,100,518.0,9336.0,9,1
5380,XML100_2263_09,100,422.0,11293.0,11,1
5381,XML100_2263_10,100,555.0,10746.0,10,1
5382,XML100_2263_11,100,636.0,9467.0,11,1
5383,XML100_2263_12,100,497.0,10460.0,12,1
5384,XML100_2263_13,100,436.0,12491.0,12,1
5385,XML100_2263_14,100,840.0,8950.0,9,1
5386,XML100_2263_15,100,733.0,10389.0,9,1
5387,XML100_2263_16,100,602.0,13879.0,10,1
5388,XML100_2263_17,100,583.0,9077.0,10,1
5389,XML100_2263_18,100,391.0,7511.0,10,1
5390,XML100_2263_19,100,467.0,14669.0,12,1
5391,XML100_2263_20,100,536.0,13745.0,12,1
5392,XML100_2263_21,100,556.0,9266.0,10,1
5393,XML100_2263_22,100,424.0,12845.0,12,1
5394,XML100_2263_23,100,663.0,12982.0,12,1
5395,XML100_2263_24,100,762.0,9140.0,9,1
5396,XML100_2263_25,100,540.0,12255.0,11,1
5397,XML100_2263_26,100,309.0,10038.0,12,1
5398,XML100_2264_01,100,569.0,8854.0,7,1
5399,XML100_2264_02,100,545.0,8820.0,8,1
5400,XML100_2264_03,100,661.0,6717.0,7,1
5401,XML100_2264_04,100,572.0,8293.0,8,1
5402,XML100_2264_05,100,570.0,8376.0,7,1
5403,XML100_2264_06,100,1121.0,7723.0,7,1
5404,XML100_2264_07,100,942.0,8345.0,8,1
5405,XML100_2264_08,100,464.0,9094.0,7,1
5406,XML100_2264_09,100,546.0,6779.0,7,1
5407,XML100_2264_10,100,691.0,8830.0,9,1
5408,XML100_2264_11,100,666.0,9622.0,8,1
5409,XML100_2264_12,100,575.0,8298.0,9,1
5410,XML100_2264_13,100,496.0,7422.0,7,1
5411,XML100_2264_14,100,793.0,7824.0,9,1
5412,XML100_2264_15,100,803.0,6208.0,8,1
5413,XML100_2264_16,100,686.0,9916.0,7,1
5414,XML100_2264_17,100,871.0,8926.0,7,1
5415,XML100_2264_18,100,697.0,9896.0,8,1
5416,XML100_2264_19,100,596.0,12281.0,9,1
5417,XML100_2264_20,100,1060.0,8902.0,7,1
5418,XML100_2264_21,100,674.0,8014.0,8,1
5419,XML100_2264_22,100,727.0,8705.0,8,1
5420,XML100_2264_23,100,482.0,10382.0,8,1
5421,XML100_2264_24,100,710.0,9815.0,8,1
5422,XML100_2264_25,100,478.0,5793.0,7,1
5423,XML100_2264_26,100,601.0,6978.0,7,1
5424,XML100_2265_01,100,416.0,6980.0,7,1
5425,XML100_2265_02,100,1338.0,7001.0,6,1
5426,XML100_2265_03,100,1123.0,8740.0,6,1
5427,XML100_2265_04,100,1103.0,7011.0,5,1
5428,XML100_2265_05,100,961.0,7922.0,6,1
5429,XML100_2265_06,100,876.0,6906.0,6,1
5430,XML100_2265_07,100,816.0,7726.0,6,1
5431,XML100_2265_08,100,839.0,6601.0,5,1
5432,XML100_2265_09,100,860.0,7381.0,5,1
5433,XML100_2265_10,100,872.0,7647.0,7,1
5434,XML100_2265_11,100,1349.0,6922.0,5,1
5435,XML100_2265_12,100,810.0,7400.0,5,1
5436,XML100_2265_13,100,974.0,7643.0,6,1
5437,XML100_2265_14,100,1566.0,6808.0,5,1
5438,XML100_2265_15,100,1006.0,6974.0,5,1
5439,XML100_2265_16,100,1150.0,7066.0,5,1
5440,XML100_2265_17,100,746.0,6556.0,6,1
5441,XML100_2265_18,100,683.0,5958.0,6,1
5442,XML100_2265_19,100,1472.0,5969.0,5,1
5443,XML100_2265_20,100,1171.0,7472.0,5,1
5444,XML100_2265_21,100,1538.0,5862.0,5,1
5445,XML100_2265_22,100,757.0,7248.0,6,1
5446,XML100_2265_23,100,975.0,7255.0,5,1
5447,XML100_2265_24,100,729.0,6614.0,5,1
5448,XML100_2265_25,100,1328.0,5388.0,5,1
5449,XML100_2265_26,100,1119.0,8220.0,6,1
5450,XML100_2266_01,100,1995.0,5536.0,3,1
5451,XML100_2266_02,100,2019.0,5935.0,3,1
5452,XML100_2266_03,100,2501.0,5976.0,3,1
5453,XML100_2266_04,100,2022.0,4651.0,3,1
5454,XML100_2266_05,100,1974.0,6092.0,3,1
5455,XML100_2266_06,100,1699.0,5172.0,3,1
5456,XML100_2266_07,100,1560.0,4393.0,3,1
5457,XML100_2266_08,100,2112.0,5757.0,3,1
5458,XML100_2266_09,100,1730.0,4306.0,3,1
5459,XML100_2266_10,100,2458.0,5637.0,3,1
5460,XML100_2266_11,100,1135.0,7173.0,4,1
5461,XML100_2266_12,100,1872.0,6363.0,4,1
5462,XML100_2266_13,100,2765.0,4832.0,3,1
5463,XML100_2266_14,100,1716.0,5747.0,3,1
5464,XML100_2266_15,100,2397.0,5968.0,3,1
5465,XML100_2266_16,100,2029.0,6665.0,3,1
5466,XML100_2266_17,100,1359.0,6157.0,4,1
5467,XML100_2266_18,100,1905.0,6107.0,3,1
5468,XML100_2266_19,100,1290.0,6154.0,3,1
5469,XML100_2266_20,100,3520.0,5028.0,3,1
5470,XML100_2266_21,100,1975.0,6071.0,3,1
5471,XML100_2266_22,100,899.0,5048.0,4,1
5472,XML100_2266_23,100,2776.0,5216.0,3,1
5473,XML100_2266_24,100,2553.0,6411.0,3,1
5474,XML100_2266_25,100,2197.0,5814.0,4,1
5475,XML100_2266_26,100,1278.0,5176.0,4,1
5476,XML100_2271_01,100,125.0,20100.0,31,1
5477,XML100_2271_02,100,124.0,27392.0,27,0
5478,XML100_2271_03,100,126.0,15633.0,23,1
5479,XML100_2271_04,100,123.0,25487.0,27,0
5480,XML100_2271_05,100,120.0,20359.0,31,0
5481,XML100_2271_06,100,125.0,19989.0,30,1
5482,XML100_2271_07,100,123.0,24562.0,29,1
5483,XML100_2271_08,100,130.0,17676.0,24,1
5484,XML100_2271_09,100,128.0,22146.0,23,1
5485,XML100_2271_10,100,115.0,25312.0,29,1
5486,XML100_2271_11,100,129.0,18065.0,24,1
5487,XML100_2271_12,100,117.0,26339.0,38,1
5488,XML100_2271_13,100,117.0,31195.0,38,1
5489,XML100_2271_14,100,124.0,20104.0,29,1
5490,XML100_2271_15,100,122.0,22623.0,42,0
5491,XML100_2271_16,100,127.0,28862.0,26,0
5492,XML100_2271_17,100,122.0,28223.0,39,1
5493,XML100_2271_18,100,121.0,26318.0,33,0
5494,XML100_2271_19,100,126.0,10291.0,25,1
5495,XML100_2271_20,100,119.0,23742.0,31,0
5496,XML100_2271_21,100,130.0,19126.0,23,1
5497,XML100_2271_22,100,124.0,22729.0,29,1
5498,XML100_2271_23,100,118.0,22695.0,28,1
5499,XML100_2271_24,100,117.0,21401.0,27,1
5500,XML100_2271_25,100,130.0,23577.0,33,0
5501,XML100_2271_26,100,122.0,23588.0,33,0
5502,XML100_2272_01,100,130.0,21492.0,21,1
5503,XML100_2272_02,100,129.0,9467.0,15,1
5504,XML100_2272_03,100,124.0,17055.0,22,1
5505,XML100_2272_04,100,140.0,13215.0,14,1
5506,XML100_2272_05,100,144.0,13277.0,13,1
5507,XML100_2272_06,100,132.0,20096.0,22,1
5508,XML100_2272_07,100,134.0,11935.0,18,1
5509,XML100_2272_08,100,141.0,10025.0,16,1
5510,XML100_2272_09,100,135.0,15281.0,23,0
5511,XML100_2272_10,100,140.0,14487.0,15,1
5512,XML100_2272_11,100,134.0,15331.0,17,1
5513,XML100_2272_12,100,140.0,10928.0,13,1
5514,XML100_2272_13,100,140.0,16482.0,15,1
5515,XML100_2272_14,100,130.0,8453.0,16,1
5516,XML100_2272_15,100,135.0,19185.0,25,0
5517,XML100_2272_16,100,133.0,14350.0,17,1
5518,XML100_2272_17,100,132.0,18722.0,19,1
5519,XML100_2272_18,100,138.0,14816.0,17,1
5520,XML100_2272_19,100,140.0,14741.0,15,1
5521,XML100_2272_20,100,132.0,14486.0,15,1
5522,XML100_2272_21,100,131.0,17906.0,21,1
5523,XML100_2272_22,100,137.0,16118.0,17,1
5524,XML100_2272_23,100,133.0,17389.0,19,1
5525,XML100_2272_24,100,120.0,13199.0,23,1
5526,XML100_2272_25,100,131.0,16468.0,17,1
5527,XML100_2272_26,100,133.0,14058.0,14,1
5528,XML100_2273_01,100,141.0,12553.0,12,1
5529,XML100_2273_02,100,166.0,9568.0,9,1
5530,XML100_2273_03,100,150.0,9731.0,10,1
5531,XML100_2273_04,100,142.0,14432.0,13,1
5532,XML100_2273_05,100,149.0,10641.0,10,1
5533,XML100_2273_06,100,129.0,11436.0,13,1
5534,XML100_2273_07,100,143.0,14060.0,14,1
5535,XML100_2273_08,100,162.0,8871.0,9,1
5536,XML100_2273_09,100,149.0,10637.0,12,1
5537,XML100_2273_10,100,142.0,12036.0,11,1
5538,XML100_2273_11,100,152.0,10559.0,11,1
5539,XML100_2273_12,100,141.0,13030.0,13,1
5540,XML100_2273_13,100,141.0,9569.0,9,1
5541,XML100_2273_14,100,152.0,11060.0,9,1
5542,XML100_2273_15,100,147.0,13657.0,12,1
5543,XML100_2273_16,100,140.0,15106.0,13,1
5544,XML100_2273_17,100,152.0,10616.0,11,1
5545,XML100_2273_18,100,152.0,9283.0,10,1
5546,XML100_2273_19,100,139.0,12089.0,11,1
5547,XML100_2273_20,100,136.0,10980.0,12,1
5548,XML100_2273_21,100,138.0,10972.0,11,1
5549,XML100_2273_22,100,146.0,12904.0,9,1
5550,XML100_2273_23,100,150.0,10397.0,13,1
5551,XML100_2273_24,100,162.0,9134.0,9,1
5552,XML100_2273_25,100,148.0,10474.0,10,1
5553,XML100_2273_26,100,158.0,10771.0,10,1
5554,XML100_2274_01,100,166.0,9681.0,9,1
5555,XML100_2274_02,100,162.0,6410.0,8,1
5556,XML100_2274_03,100,163.0,10133.0,8,1
5557,XML100_2274_04,100,173.0,8106.0,7,1
5558,XML100_2274_05,100,174.0,7410.0,7,1
5559,XML100_2274_06,100,171.0,8696.0,9,1
5560,XML100_2274_07,100,160.0,9087.0,7,1
5561,XML100_2274_08,100,180.0,8345.0,7,1
5562,XML100_2274_09,100,171.0,9562.0,7,1
5563,XML100_2274_10,100,156.0,10310.0,9,1
5564,XML100_2274_11,100,163.0,8781.0,7,1
5565,XML100_2274_12,100,155.0,9212.0,9,1
5566,XML100_2274_13,100,155.0,10682.0,8,1
5567,XML100_2274_14,100,176.0,7432.0,7,1
5568,XML100_2274_15,100,165.0,8358.0,7,1
5569,XML100_2274_16,100,181.0,7308.0,7,1
5570,XML100_2274_17,100,167.0,8871.0,8,1
5571,XML100_2274_18,100,152.0,8308.0,8,1
5572,XML100_2274_19,100,173.0,7469.0,7,1
5573,XML100_2274_20,100,181.0,7279.0,7,1
5574,XML100_2274_21,100,167.0,8020.0,8,1
5575,XML100_2274_22,100,155.0,6478.0,9,1
5576,XML100_2274_23,100,176.0,7857.0,7,1
5577,XML100_2274_24,100,170.0,7954.0,7,1
5578,XML100_2274_25,100,186.0,7750.0,7,1
5579,XML100_2274_26,100,183.0,6332.0,7,1
5580,XML100_2275_01,100,222.0,7929.0,5,1
5581,XML100_2275_02,100,216.0,8469.0,5,1
5582,XML100_2275_03,100,228.0,8061.0,5,1
5583,XML100_2275_04,100,194.0,8435.0,6,1
5584,XML100_2275_05,100,211.0,6526.0,5,1
5585,XML100_2275_06,100,183.0,7267.0,7,1
5586,XML100_2275_07,100,184.0,7731.0,6,1
5587,XML100_2275_08,100,182.0,6774.0,6,1
5588,XML100_2275_09,100,181.0,8249.0,6,1
5589,XML100_2275_10,100,194.0,7613.0,5,1
5590,XML100_2275_11,100,203.0,7233.0,5,1
5591,XML100_2275_12,100,212.0,7001.0,6,1
5592,XML100_2275_13,100,218.0,6651.0,5,1
5593,XML100_2275_14,100,202.0,6652.0,5,1
5594,XML100_2275_15,100,178.0,8315.0,6,1
5595,XML100_2275_16,100,191.0,7395.0,6,1
5596,XML100_2275_17,100,217.0,7256.0,5,1
5597,XML100_2275_18,100,216.0,6823.0,5,1
5598,XML100_2275_19,100,206.0,6950.0,5,1
5599,XML100_2275_20,100,191.0,8295.0,5,1
5600,XML100_2275_21,100,201.0,6937.0,6,1
5601,XML100_2275_22,100,224.0,5383.0,5,1
5602,XML100_2275_23,100,218.0,7412.0,5,1
5603,XML100_2275_24,100,173.0,7554.0,6,1
5604,XML100_2275_25,100,208.0,6003.0,5,1
5605,XML100_2275_26,100,212.0,7828.0,5,1
5606,XML100_2276_01,100,247.0,6464.0,3,1
5607,XML100_2276_02,100,255.0,6345.0,3,1
5608,XML100_2276_03,100,304.0,5122.0,3,1
5609,XML100_2276_04,100,216.0,6459.0,4,1
5610,XML100_2276_05,100,273.0,5921.0,3,1
5611,XML100_2276_06,100,223.0,6992.0,4,1
5612,XML100_2276_07,100,224.0,5821.0,4,1
5613,XML100_2276_08,100,276.0,4707.0,3,1
5614,XML100_2276_09,100,241.0,5388.0,4,1
5615,XML100_2276_10,100,234.0,6054.0,4,1
5616,XML100_2276_11,100,192.0,5834.0,4,1
5617,XML100_2276_12,100,244.0,7031.0,4,1
5618,XML100_2276_13,100,332.0,6185.0,3,1
5619,XML100_2276_14,100,233.0,6052.0,4,1
5620,XML100_2276_15,100,257.0,6607.0,4,1
5621,XML100_2276_16,100,349.0,6095.0,3,1
5622,XML100_2276_17,100,281.0,5729.0,3,1
5623,XML100_2276_18,100,251.0,6567.0,4,1
5624,XML100_2276_19,100,277.0,6005.0,3,1
5625,XML100_2276_20,100,317.0,6044.0,3,1
5626,XML100_2276_21,100,334.0,6569.0,3,1
5627,XML100_2276_22,100,194.0,5899.0,4,1
5628,XML100_2276_23,100,241.0,5423.0,4,1
5629,XML100_2276_24,100,330.0,5592.0,3,1
5630,XML100_2276_25,100,280.0,4797.0,3,1
5631,XML100_2276_26,100,234.0,5755.0,4,1
5632,XML100_2311_01,100,4.0,22762.0,25,1
5633,XML100_2311_02,100,3.0,25940.0,34,1
5634,XML100_2311_03,100,4.0,21084.0,25,1
5635,XML100_2311_04,100,3.0,27701.0,34,1
5636,XML100_2311_05,100,3.0,27823.0,34,1
5637,XML100_2311_06,100,3.0,33761.0,34,1
5638,XML100_2311_07,100,4.0,24243.0,25,1
5639,XML100_2311_08,100,3.0,25638.0,34,1
5640,XML100_2311_09,100,3.0,30663.0,34,1
5641,XML100_2311_10,100,3.0,27206.0,34,1
5642,XML100_2311_11,100,3.0,31688.0,34,1
5643,XML100_2311_12,100,3.0,27520.0,34,1
5644,XML100_2311_13,100,4.0,21254.0,25,1
5645,XML100_2311_14,100,3.0,33022.0,34,1
5646,XML100_2311_15,100,3.0,29879.0,34,1
5647,XML100_2311_16,100,3.0,28676.0,34,1
5648,XML100_2311_17,100,4.0,22103.0,25,1
5649,XML100_2311_18,100,4.0,21321.0,25,1
5650,XML100_2311_19,100,4.0,21625.0,25,1
5651,XML100_2311_20,100,4.0,22926.0,25,1
5652,XML100_2311_21,100,4.0,24540.0,25,1
5653,XML100_2311_22,100,4.0,24266.0,25,1
5654,XML100_2311_23,100,3.0,30398.0,34,1
5655,XML100_2311_24,100,3.0,31640.0,34,1
5656,XML100_2311_25,100,4.0,24979.0,25,1
5657,XML100_2311_26,100,3.0,27002.0,34,1
5658,XML100_2312_01,100,7.0,16728.0,15,1
5659,XML100_2312_02,100,7.0,15525.0,15,1
5660,XML100_2312_03,100,5.0,16981.0,20,1
5661,XML100_2312_04,100,7.0,14486.0,15,1
5662,XML100_2312_05,100,5.0,19194.0,20,1
5663,XML100_2312_06,100,7.0,13953.0,15,1
5664,XML100_2312_07,100,5.0,17616.0,20,1
5665,XML100_2312_08,100,7.0,15215.0,15,1
5666,XML100_2312_09,100,6.0,14816.0,17,1
5667,XML100_2312_10,100,5.0,18641.0,20,1
5668,XML100_2312_11,100,5.0,19019.0,20,1
5669,XML100_2312_12,100,5.0,20348.0,20,1
5670,XML100_2312_13,100,7.0,16241.0,15,1
5671,XML100_2312_14,100,6.0,17564.0,17,1
5672,XML100_2312_15,100,5.0,19460.0,20,1
5673,XML100_2312_16,100,5.0,18540.0,20,1
5674,XML100_2312_17,100,6.0,18328.0,17,1
5675,XML100_2312_18,100,6.0,17881.0,17,1
5676,XML100_2312_19,100,5.0,18462.0,20,1
5677,XML100_2312_20,100,5.0,17970.0,20,1
5678,XML100_2312_21,100,6.0,17925.0,17,1
5679,XML100_2312_22,100,5.0,20060.0,20,1
5680,XML100_2312_23,100,6.0,15502.0,17,1
5681,XML100_2312_24,100,6.0,17074.0,17,1
5682,XML100_2312_25,100,5.0,21399.0,20,1
5683,XML100_2312_26,100,6.0,17403.0,17,1
5684,XML100_2313_01,100,11.0,12693.0,10,1
5685,XML100_2313_02,100,9.0,12410.0,12,1
5686,XML100_2313_03,100,10.0,12296.0,10,1
5687,XML100_2313_04,100,11.0,11040.0,10,1
5688,XML100_2313_05,100,10.0,13143.0,10,1
5689,XML100_2313_06,100,10.0,12218.0,10,1
5690,XML100_2313_07,100,9.0,13833.0,12,1
5691,XML100_2313_08,100,9.0,13581.0,12,1
5692,XML100_2313_09,100,10.0,11967.0,10,1
5693,XML100_2313_10,100,10.0,12556.0,10,1
5694,XML100_2313_11,100,10.0,12566.0,10,1
5695,XML100_2313_12,100,11.0,11197.0,10,1
5696,XML100_2313_13,100,10.0,11223.0,10,1
5697,XML100_2313_14,100,8.0,13261.0,13,1
5698,XML100_2313_15,100,9.0,12621.0,12,1
5699,XML100_2313_16,100,9.0,12671.0,12,1
5700,XML100_2313_17,100,10.0,12047.0,10,1
5701,XML100_2313_18,100,10.0,11449.0,10,1
5702,XML100_2313_19,100,9.0,13713.0,12,1
5703,XML100_2313_20,100,10.0,11683.0,10,1
5704,XML100_2313_21,100,11.0,10473.0,10,1
5705,XML100_2313_22,100,8.0,14780.0,13,1
5706,XML100_2313_23,100,11.0,12154.0,10,1
5707,XML100_2313_24,100,10.0,12550.0,10,1
5708,XML100_2313_25,100,8.0,14242.0,13,1
5709,XML100_2313_26,100,10.0,11771.0,10,1
5710,XML100_2314_01,100,15.0,9592.0,7,1
5711,XML100_2314_02,100,13.0,9501.0,8,1
5712,XML100_2314_03,100,13.0,10343.0,8,1
5713,XML100_2314_04,100,15.0,10059.0,7,1
5714,XML100_2314_05,100,13.0,10741.0,8,1
5715,XML100_2314_06,100,12.0,11195.0,9,1
5716,XML100_2314_07,100,14.0,11018.0,8,1
5717,XML100_2314_08,100,14.0,10177.0,8,1
5718,XML100_2314_09,100,14.0,9328.0,8,1
5719,XML100_2314_10,100,15.0,10593.0,7,1
5720,XML100_2314_11,100,13.0,10132.0,8,1
5721,XML100_2314_12,100,14.0,10413.0,8,1
5722,XML100_2314_13,100,13.0,11524.0,8,1
5723,XML100_2314_14,100,12.0,11433.0,9,1
5724,XML100_2314_15,100,12.0,10851.0,9,1
5725,XML100_2314_16,100,12.0,11034.0,9,1
5726,XML100_2314_17,100,13.0,10678.0,8,1
5727,XML100_2314_18,100,12.0,11408.0,9,1
5728,XML100_2314_19,100,14.0,10768.0,8,1
5729,XML100_2314_20,100,13.0,10950.0,8,1
5730,XML100_2314_21,100,12.0,10670.0,9,1
5731,XML100_2314_22,100,12.0,11365.0,9,1
5732,XML100_2314_23,100,13.0,10616.0,8,1
5733,XML100_2314_24,100,14.0,10916.0,8,1
5734,XML100_2314_25,100,15.0,10220.0,7,1
5735,XML100_2314_26,100,15.0,9699.0,7,1
5736,XML100_2315_01,100,16.0,9837.0,7,1
5737,XML100_2315_02,100,23.0,8237.0,5,1
5738,XML100_2315_03,100,22.0,8368.0,5,1
5739,XML100_2315_04,100,19.0,9149.0,6,1
5740,XML100_2315_05,100,19.0,9025.0,6,1
5741,XML100_2315_06,100,20.0,7901.0,5,1
5742,XML100_2315_07,100,22.0,8794.0,5,1
5743,XML100_2315_08,100,16.0,9782.0,7,1
5744,XML100_2315_09,100,21.0,7807.0,5,1
5745,XML100_2315_10,100,24.0,8279.0,5,1
5746,XML100_2315_11,100,18.0,9575.0,6,1
5747,XML100_2315_12,100,20.0,8948.0,5,1
5748,XML100_2315_13,100,16.0,9629.0,7,1
5749,XML100_2315_14,100,16.0,10507.0,7,1
5750,XML100_2315_15,100,16.0,9937.0,7,1
5751,XML100_2315_16,100,20.0,8881.0,5,1
5752,XML100_2315_17,100,23.0,8324.0,5,1
5753,XML100_2315_18,100,19.0,9561.0,6,1
5754,XML100_2315_19,100,17.0,9272.0,6,1
5755,XML100_2315_20,100,18.0,8755.0,6,1
5756,XML100_2315_21,100,19.0,9253.0,6,1
5757,XML100_2315_22,100,17.0,9417.0,6,1
5758,XML100_2315_23,100,20.0,9468.0,5,1
5759,XML100_2315_24,100,18.0,9904.0,6,1
5760,XML100_2315_25,100,19.0,9401.0,6,1
5761,XML100_2315_26,100,19.0,9385.0,6,1
5762,XML100_2316_01,100,32.0,7888.0,4,1
5763,XML100_2316_02,100,29.0,8430.0,4,1
5764,XML100_2316_03,100,36.0,8043.0,3,1
5765,XML100_2316_04,100,27.0,8308.0,4,1
5766,XML100_2316_05,100,36.0,7844.0,3,1
5767,XML100_2316_06,100,28.0,8211.0,4,1
5768,XML100_2316_07,100,41.0,7793.0,3,1
5769,XML100_2316_08,100,37.0,8279.0,3,1
5770,XML100_2316_09,100,30.0,8090.0,4,1
5771,XML100_2316_10,100,39.0,7373.0,3,1
5772,XML100_2316_11,100,31.0,8294.0,4,1
5773,XML100_2316_12,100,32.0,8118.0,4,1
5774,XML100_2316_13,100,29.0,8369.0,4,1
5775,XML100_2316_14,100,38.0,7551.0,3,1
5776,XML100_2316_15,100,27.0,8222.0,4,1
5777,XML100_2316_16,100,40.0,7267.0,3,1
5778,XML100_2316_17,100,41.0,7688.0,3,1
5779,XML100_2316_18,100,49.0,7583.0,3,1
5780,XML100_2316_19,100,26.0,8218.0,4,1
5781,XML100_2316_20,100,44.0,8122.0,3,1
5782,XML100_2316_21,100,30.0,8421.0,4,1
5783,XML100_2316_22,100,35.0,7277.0,3,1
5784,XML100_2316_23,100,26.0,7769.0,4,1
5785,XML100_2316_24,100,40.0,7793.0,3,1
5786,XML100_2316_25,100,33.0,8066.0,4,1
5787,XML100_2316_26,100,46.0,7718.0,3,1
5788,XML100_2321_01,100,18.0,23949.0,29,1
5789,XML100_2321_02,100,31.0,17731.0,21,1
5790,XML100_2321_03,100,20.0,23241.0,28,1
5791,XML100_2321_04,100,21.0,23790.0,27,1
5792,XML100_2321_05,100,20.0,26098.0,29,1
5793,XML100_2321_06,100,26.0,17515.0,20,1
5794,XML100_2321_07,100,28.0,22131.0,20,1
5795,XML100_2321_08,100,18.0,33911.0,35,1
5796,XML100_2321_09,100,25.0,20472.0,23,1
5797,XML100_2321_10,100,24.0,22851.0,23,1
5798,XML100_2321_11,100,22.0,22699.0,23,1
5799,XML100_2321_12,100,19.0,24894.0,29,1
5800,XML100_2321_13,100,24.0,22236.0,24,1
5801,XML100_2321_14,100,19.0,24791.0,30,1
5802,XML100_2321_15,100,19.0,23957.0,30,1
5803,XML100_2321_16,100,28.0,21163.0,22,1
5804,XML100_2321_17,100,19.0,29025.0,29,1
5805,XML100_2321_18,100,25.0,20305.0,24,1
5806,XML100_2321_19,100,20.0,25814.0,28,1
5807,XML100_2321_20,100,20.0,27463.0,31,1
5808,XML100_2321_21,100,26.0,19349.0,22,1
5809,XML100_2321_22,100,20.0,23288.0,27,1
5810,XML100_2321_23,100,28.0,18163.0,21,1
5811,XML100_2321_24,100,19.0,31118.0,33,1
5812,XML100_2321_25,100,27.0,19988.0,22,1
5813,XML100_2321_26,100,20.0,27803.0,30,1
5814,XML100_2322_01,100,39.0,16530.0,16,1
5815,XML100_2322_02,100,39.0,12517.0,13,1
5816,XML100_2322_03,100,32.0,17033.0,17,1
5817,XML100_2322_04,100,44.0,14728.0,14,1
5818,XML100_2322_05,100,41.0,14925.0,14,1
5819,XML100_2322_06,100,37.0,18225.0,16,1
5820,XML100_2322_07,100,37.0,15970.0,16,1
5821,XML100_2322_08,100,42.0,15130.0,14,1
5822,XML100_2322_09,100,28.0,19329.0,20,1
5823,XML100_2322_10,100,44.0,15375.0,13,1
5824,XML100_2322_11,100,41.0,13805.0,14,1
5825,XML100_2322_12,100,41.0,15194.0,15,1
5826,XML100_2322_13,100,33.0,16929.0,18,1
5827,XML100_2322_14,100,37.0,15109.0,14,1
5828,XML100_2322_15,100,45.0,14507.0,13,1
5829,XML100_2322_16,100,37.0,16354.0,16,1
5830,XML100_2322_17,100,38.0,13642.0,13,1
5831,XML100_2322_18,100,39.0,15071.0,15,1
5832,XML100_2322_19,100,33.0,16855.0,17,1
5833,XML100_2322_20,100,32.0,16685.0,18,1
5834,XML100_2322_21,100,38.0,16250.0,14,1
5835,XML100_2322_22,100,38.0,14946.0,14,1
5836,XML100_2322_23,100,38.0,14941.0,14,1
5837,XML100_2322_24,100,32.0,18527.0,17,1
5838,XML100_2322_25,100,31.0,18498.0,19,1
5839,XML100_2322_26,100,35.0,18016.0,18,1
5840,XML100_2323_01,100,50.0,13588.0,11,1
5841,XML100_2323_02,100,69.0,10962.0,9,1
5842,XML100_2323_03,100,64.0,11377.0,9,1
5843,XML100_2323_04,100,63.0,10970.0,10,1
5844,XML100_2323_05,100,67.0,11596.0,9,1
5845,XML100_2323_06,100,54.0,11538.0,11,1
5846,XML100_2323_07,100,50.0,11479.0,11,1
5847,XML100_2323_08,100,51.0,13073.0,11,1
5848,XML100_2323_09,100,58.0,11251.0,9,1
5849,XML100_2323_10,100,49.0,14323.0,13,1
5850,XML100_2323_11,100,50.0,13612.0,12,1
5851,XML100_2323_12,100,67.0,10842.0,9,1
5852,XML100_2323_13,100,63.0,11302.0,9,1
5853,XML100_2323_14,100,57.0,10803.0,9,1
5854,XML100_2323_15,100,50.0,13221.0,11,1
5855,XML100_2323_16,100,53.0,13578.0,12,1
5856,XML100_2323_17,100,54.0,13149.0,10,1
5857,XML100_2323_18,100,49.0,13564.0,11,1
5858,XML100_2323_19,100,51.0,12785.0,10,1
5859,XML100_2323_20,100,47.0,12726.0,12,1
5860,XML100_2323_21,100,50.0,12843.0,11,1
5861,XML100_2323_22,100,67.0,11392.0,9,1
5862,XML100_2323_23,100,64.0,11050.0,9,1
5863,XML100_2323_24,100,46.0,12770.0,12,1
5864,XML100_2323_25,100,60.0,11150.0,9,1
5865,XML100_2323_26,100,57.0,12629.0,10,1
5866,XML100_2324_01,100,76.0,9942.0,8,1
5867,XML100_2324_02,100,72.0,10945.0,8,1
5868,XML100_2324_03,100,84.0,10878.0,7,1
5869,XML100_2324_04,100,73.0,10728.0,8,1
5870,XML100_2324_05,100,63.0,10722.0,9,1
5871,XML100_2324_06,100,92.0,9755.0,7,1
5872,XML100_2324_07,100,76.0,10253.0,7,1
5873,XML100_2324_08,100,79.0,11243.0,8,1
5874,XML100_2324_09,100,73.0,10717.0,8,1
5875,XML100_2324_10,100,71.0,10041.0,9,1
5876,XML100_2324_11,100,78.0,9953.0,7,1
5877,XML100_2324_12,100,86.0,9930.0,7,1
5878,XML100_2324_13,100,64.0,10386.0,9,1
5879,XML100_2324_14,100,88.0,9910.0,7,1
5880,XML100_2324_15,100,89.0,10460.0,7,1
5881,XML100_2324_16,100,69.0,10985.0,8,1
5882,XML100_2324_17,100,74.0,10522.0,8,1
5883,XML100_2324_18,100,72.0,11752.0,9,1
5884,XML100_2324_19,100,87.0,9938.0,8,1
5885,XML100_2324_20,100,66.0,11966.0,9,1
5886,XML100_2324_21,100,67.0,10686.0,8,1
5887,XML100_2324_22,100,86.0,9840.0,7,1
5888,XML100_2324_23,100,63.0,10814.0,8,1
5889,XML100_2324_24,100,72.0,10349.0,8,1
5890,XML100_2324_25,100,70.0,10803.0,8,1
5891,XML100_2324_26,100,77.0,10229.0,7,1
5892,XML100_2325_01,100,105.0,8652.0,5,1
5893,XML100_2325_02,100,133.0,8889.0,5,1
5894,XML100_2325_03,100,139.0,9157.0,5,1
5895,XML100_2325_04,100,112.0,8266.0,5,1
5896,XML100_2325_05,100,116.0,9261.0,5,1
5897,XML100_2325_06,100,113.0,8163.0,5,1
5898,XML100_2325_07,100,116.0,8931.0,5,1
5899,XML100_2325_08,100,107.0,8842.0,6,1
5900,XML100_2325_09,100,91.0,9045.0,6,1
5901,XML100_2325_10,100,88.0,9741.0,6,1
5902,XML100_2325_11,100,138.0,8976.0,5,1
5903,XML100_2325_12,100,116.0,9291.0,5,1
5904,XML100_2325_13,100,115.0,9169.0,6,1
5905,XML100_2325_14,100,120.0,8554.0,5,1
5906,XML100_2325_15,100,92.0,10223.0,7,1
5907,XML100_2325_16,100,103.0,9964.0,6,1
5908,XML100_2325_17,100,101.0,9601.0,6,1
5909,XML100_2325_18,100,121.0,8453.0,5,1
5910,XML100_2325_19,100,117.0,8402.0,5,1
5911,XML100_2325_20,100,131.0,8140.0,5,1
5912,XML100_2325_21,100,104.0,9432.0,6,1
5913,XML100_2325_22,100,99.0,8966.0,6,1
5914,XML100_2325_23,100,122.0,8601.0,5,1
5915,XML100_2325_24,100,102.0,9059.0,6,1
5916,XML100_2325_25,100,114.0,9300.0,6,1
5917,XML100_2325_26,100,123.0,8715.0,5,1
5918,XML100_2326_01,100,150.0,8588.0,4,1
5919,XML100_2326_02,100,183.0,7614.0,3,1
5920,XML100_2326_03,100,222.0,8111.0,3,1
5921,XML100_2326_04,100,176.0,7402.0,3,1
5922,XML100_2326_05,100,224.0,7233.0,3,1
5923,XML100_2326_06,100,193.0,8227.0,4,1
5924,XML100_2326_07,100,200.0,7730.0,3,1
5925,XML100_2326_08,100,205.0,8288.0,3,1
5926,XML100_2326_09,100,184.0,7759.0,4,1
5927,XML100_2326_10,100,258.0,7216.0,3,1
5928,XML100_2326_11,100,177.0,7667.0,3,1
5929,XML100_2326_12,100,221.0,7944.0,3,1
5930,XML100_2326_13,100,214.0,7635.0,3,1
5931,XML100_2326_14,100,139.0,7888.0,4,1
5932,XML100_2326_15,100,191.0,7715.0,3,1
5933,XML100_2326_16,100,279.0,8105.0,3,1
5934,XML100_2326_17,100,226.0,7650.0,3,1
5935,XML100_2326_18,100,139.0,8303.0,4,1
5936,XML100_2326_19,100,179.0,8200.0,4,1
5937,XML100_2326_20,100,206.0,7959.0,3,1
5938,XML100_2326_21,100,281.0,7936.0,3,1
5939,XML100_2326_22,100,207.0,7860.0,3,1
5940,XML100_2326_23,100,174.0,8051.0,4,1
5941,XML100_2326_24,100,272.0,7007.0,3,1
5942,XML100_2326_25,100,160.0,7891.0,4,1
5943,XML100_2326_26,100,294.0,8042.0,3,1
5944,XML100_2331_01,100,30.0,24973.0,25,1
5945,XML100_2331_02,100,33.0,21938.0,24,1
5946,XML100_2331_03,100,37.0,21015.0,20,1
5947,XML100_2331_04,100,33.0,20065.0,24,1
5948,XML100_2331_05,100,32.0,21845.0,24,1
5949,XML100_2331_06,100,30.0,23179.0,26,1
5950,XML100_2331_07,100,32.0,21783.0,23,1
5951,XML100_2331_08,100,30.0,25546.0,25,1
5952,XML100_2331_09,100,34.0,21373.0,23,1
5953,XML100_2331_10,100,35.0,22894.0,21,1
5954,XML100_2331_11,100,31.0,23000.0,25,1
5955,XML100_2331_12,100,27.0,20111.0,30,1
5956,XML100_2331_13,100,34.0,21180.0,23,1
5957,XML100_2331_14,100,35.0,23001.0,23,1
5958,XML100_2331_15,100,38.0,21115.0,21,1
5959,XML100_2331_16,100,37.0,20173.0,22,1
5960,XML100_2331_17,100,31.0,21453.0,26,1
5961,XML100_2331_18,100,23.0,27621.0,35,1
5962,XML100_2331_19,100,38.0,22141.0,21,1
5963,XML100_2331_20,100,35.0,21149.0,23,1
5964,XML100_2331_21,100,33.0,22059.0,24,1
5965,XML100_2331_22,100,32.0,21080.0,24,1
5966,XML100_2331_23,100,28.0,23710.0,28,1
5967,XML100_2331_24,100,29.0,23414.0,26,1
5968,XML100_2331_25,100,24.0,28789.0,31,1
5969,XML100_2331_26,100,34.0,22456.0,24,1
5970,XML100_2332_01,100,60.0,14589.0,13,1
5971,XML100_2332_02,100,55.0,14595.0,15,1
5972,XML100_2332_03,100,40.0,18259.0,20,1
5973,XML100_2332_04,100,49.0,18758.0,16,1
5974,XML100_2332_05,100,40.0,18865.0,19,1
5975,XML100_2332_06,100,50.0,15996.0,16,1
5976,XML100_2332_07,100,56.0,15305.0,14,1
5977,XML100_2332_08,100,44.0,17290.0,18,1
5978,XML100_2332_09,100,42.0,14701.0,17,1
5979,XML100_2332_10,100,44.0,17125.0,18,1
5980,XML100_2332_11,100,47.0,16700.0,16,1
5981,XML100_2332_12,100,51.0,14622.0,15,1
5982,XML100_2332_13,100,55.0,16004.0,14,1
5983,XML100_2332_14,100,50.0,17907.0,15,1
5984,XML100_2332_15,100,37.0,17623.0,20,1
5985,XML100_2332_16,100,49.0,17340.0,16,1
5986,XML100_2332_17,100,60.0,14021.0,14,1
5987,XML100_2332_18,100,54.0,15900.0,14,1
5988,XML100_2332_19,100,47.0,18678.0,16,1
5989,XML100_2332_20,100,59.0,15789.0,14,1
5990,XML100_2332_21,100,59.0,16059.0,14,1
5991,XML100_2332_22,100,42.0,19196.0,18,1
5992,XML100_2332_23,100,42.0,17742.0,18,1
5993,XML100_2332_24,100,42.0,19629.0,18,1
5994,XML100_2332_25,100,53.0,15882.0,15,1
5995,XML100_2332_26,100,51.0,16665.0,15,1
5996,XML100_2333_01,100,62.0,13723.0,12,1
5997,XML100_2333_02,100,62.0,13142.0,12,1
5998,XML100_2333_03,100,78.0,12854.0,10,1
5999,XML100_2333_04,100,66.0,14350.0,12,1
6000,XML100_2333_05,100,85.0,11174.0,10,1
6001,XML100_2333_06,100,66.0,14119.0,12,1
6002,XML100_2333_07,100,86.0,11458.0,9,1
6003,XML100_2333_08,100,68.0,12678.0,11,1
6004,XML100_2333_09,100,87.0,11723.0,9,1
6005,XML100_2333_10,100,72.0,13048.0,11,1
6006,XML100_2333_11,100,93.0,10773.0,9,1
6007,XML100_2333_12,100,73.0,11841.0,11,1
6008,XML100_2333_13,100,85.0,10858.0,9,1
6009,XML100_2333_14,100,68.0,13639.0,12,1
6010,XML100_2333_15,100,73.0,12341.0,11,1
6011,XML100_2333_16,100,76.0,12237.0,10,1
6012,XML100_2333_17,100,64.0,13726.0,12,1
6013,XML100_2333_18,100,78.0,11829.0,10,1
6014,XML100_2333_19,100,66.0,13745.0,12,1
6015,XML100_2333_20,100,81.0,10976.0,10,1
6016,XML100_2333_21,100,83.0,10842.0,9,1
6017,XML100_2333_22,100,76.0,13573.0,11,1
6018,XML100_2333_23,100,75.0,10728.0,10,1
6019,XML100_2333_24,100,65.0,11569.0,12,1
6020,XML100_2333_25,100,76.0,12051.0,10,1
6021,XML100_2333_26,100,74.0,12773.0,11,1
6022,XML100_2334_01,100,92.0,12157.0,9,1
6023,XML100_2334_02,100,97.0,10384.0,8,1
6024,XML100_2334_03,100,106.0,10336.0,7,1
6025,XML100_2334_04,100,119.0,9582.0,7,1
6026,XML100_2334_05,100,108.0,10385.0,7,1
6027,XML100_2334_06,100,98.0,11145.0,8,1
6028,XML100_2334_07,100,91.0,10891.0,9,1
6029,XML100_2334_08,100,105.0,10372.0,8,1
6030,XML100_2334_09,100,118.0,9426.0,7,1
6031,XML100_2334_10,100,101.0,10561.0,8,1
6032,XML100_2334_11,100,106.0,10761.0,8,1
6033,XML100_2334_12,100,111.0,10366.0,7,1
6034,XML100_2334_13,100,117.0,10713.0,7,1
6035,XML100_2334_14,100,96.0,10446.0,8,1
6036,XML100_2334_15,100,103.0,10924.0,8,1
6037,XML100_2334_16,100,91.0,11341.0,9,1
6038,XML100_2334_17,100,109.0,10029.0,7,1
6039,XML100_2334_18,100,99.0,11141.0,8,1
6040,XML100_2334_19,100,110.0,9879.0,7,1
6041,XML100_2334_20,100,96.0,11050.0,8,1
6042,XML100_2334_21,100,93.0,10735.0,9,1
6043,XML100_2334_22,100,102.0,9881.0,8,1
6044,XML100_2334_23,100,98.0,11318.0,8,1
6045,XML100_2334_24,100,119.0,9021.0,7,1
6046,XML100_2334_25,100,119.0,8643.0,7,1
6047,XML100_2334_26,100,97.0,10307.0,9,1
6048,XML100_2335_01,100,156.0,8821.0,5,1
6049,XML100_2335_02,100,177.0,8813.0,5,1
6050,XML100_2335_03,100,130.0,8461.0,6,1
6051,XML100_2335_04,100,151.0,8654.0,5,1
6052,XML100_2335_05,100,149.0,8776.0,5,1
6053,XML100_2335_06,100,176.0,8121.0,5,1
6054,XML100_2335_07,100,177.0,8683.0,5,1
6055,XML100_2335_08,100,174.0,8393.0,5,1
6056,XML100_2335_09,100,167.0,8804.0,5,1
6057,XML100_2335_10,100,166.0,9564.0,5,1
6058,XML100_2335_11,100,164.0,8606.0,5,1
6059,XML100_2335_12,100,132.0,9415.0,6,1
6060,XML100_2335_13,100,137.0,9208.0,6,1
6061,XML100_2335_14,100,153.0,8672.0,5,1
6062,XML100_2335_15,100,142.0,9024.0,6,1
6063,XML100_2335_16,100,180.0,8352.0,5,1
6064,XML100_2335_17,100,181.0,8337.0,5,1
6065,XML100_2335_18,100,122.0,10077.0,7,1
6066,XML100_2335_19,100,155.0,9377.0,5,1
6067,XML100_2335_20,100,185.0,8888.0,5,1
6068,XML100_2335_21,100,130.0,9767.0,6,1
6069,XML100_2335_22,100,186.0,8427.0,5,1
6070,XML100_2335_23,100,138.0,9703.0,6,1
6071,XML100_2335_24,100,162.0,9023.0,5,1
6072,XML100_2335_25,100,164.0,8484.0,5,1
6073,XML100_2335_26,100,180.0,8990.0,5,1
6074,XML100_2336_01,100,230.0,7907.0,4,1
6075,XML100_2336_02,100,275.0,7693.0,3,1
6076,XML100_2336_03,100,251.0,8107.0,3,1
6077,XML100_2336_04,100,250.0,8147.0,4,1
6078,XML100_2336_05,100,270.0,7797.0,3,1
6079,XML100_2336_06,100,239.0,7847.0,4,1
6080,XML100_2336_07,100,292.0,7941.0,3,1
6081,XML100_2336_08,100,349.0,7611.0,3,1
6082,XML100_2336_09,100,387.0,7999.0,3,1
6083,XML100_2336_10,100,296.0,7945.0,3,1
6084,XML100_2336_11,100,363.0,7903.0,3,1
6085,XML100_2336_12,100,230.0,8710.0,4,1
6086,XML100_2336_13,100,297.0,7608.0,3,1
6087,XML100_2336_14,100,315.0,7830.0,3,1
6088,XML100_2336_15,100,219.0,7737.0,4,1
6089,XML100_2336_16,100,352.0,7347.0,3,1
6090,XML100_2336_17,100,337.0,6869.0,3,1
6091,XML100_2336_18,100,201.0,7622.0,4,1
6092,XML100_2336_19,100,305.0,7386.0,3,1
6093,XML100_2336_20,100,211.0,7914.0,4,1
6094,XML100_2336_21,100,335.0,7804.0,3,1
6095,XML100_2336_22,100,299.0,7606.0,3,1
6096,XML100_2336_23,100,255.0,7290.0,3,1
6097,XML100_2336_24,100,277.0,8039.0,3,1
6098,XML100_2336_25,100,310.0,8081.0,3,1
6099,XML100_2336_26,100,344.0,7465.0,3,1
6100,XML100_2341_01,100,158.0,30181.0,34,1
6101,XML100_2341_02,100,203.0,24506.0,30,1
6102,XML100_2341_03,100,281.0,19793.0,22,1
6103,XML100_2341_04,100,187.0,25638.0,29,1
6104,XML100_2341_05,100,200.0,22474.0,27,1
6105,XML100_2341_06,100,151.0,24936.0,31,1
6106,XML100_2341_07,100,208.0,21284.0,23,1
6107,XML100_2341_08,100,226.0,24134.0,25,1
6108,XML100_2341_09,100,252.0,23143.0,23,1
6109,XML100_2341_10,100,150.0,30371.0,33,1
6110,XML100_2341_11,100,189.0,24676.0,27,1
6111,XML100_2341_12,100,235.0,24123.0,25,1
6112,XML100_2341_13,100,180.0,26829.0,29,1
6113,XML100_2341_14,100,249.0,21226.0,25,1
6114,XML100_2341_15,100,183.0,29031.0,30,1
6115,XML100_2341_16,100,191.0,23908.0,27,1
6116,XML100_2341_17,100,165.0,29082.0,32,1
6117,XML100_2341_18,100,180.0,26875.0,27,1
6118,XML100_2341_19,100,250.0,22394.0,23,1
6119,XML100_2341_20,100,251.0,17625.0,22,1
6120,XML100_2341_21,100,258.0,21252.0,22,1
6121,XML100_2341_22,100,208.0,23732.0,24,1
6122,XML100_2341_23,100,234.0,20191.0,22,1
6123,XML100_2341_24,100,221.0,21691.0,25,1
6124,XML100_2341_25,100,178.0,27394.0,30,1
6125,XML100_2341_26,100,152.0,30559.0,31,1
6126,XML100_2342_01,100,296.0,18137.0,19,1
6127,XML100_2342_02,100,312.0,18637.0,17,1
6128,XML100_2342_03,100,303.0,16056.0,17,1
6129,XML100_2342_04,100,349.0,17333.0,15,1
6130,XML100_2342_05,100,339.0,16130.0,16,1
6131,XML100_2342_06,100,315.0,16453.0,16,1
6132,XML100_2342_07,100,371.0,13264.0,14,1
6133,XML100_2342_08,100,314.0,17547.0,17,1
6134,XML100_2342_09,100,249.0,22093.0,20,1
6135,XML100_2342_10,100,282.0,18613.0,18,1
6136,XML100_2342_11,100,370.0,14870.0,14,1
6137,XML100_2342_12,100,432.0,15755.0,13,1
6138,XML100_2342_13,100,288.0,16371.0,15,1
6139,XML100_2342_14,100,405.0,15018.0,14,1
6140,XML100_2342_15,100,247.0,19989.0,21,1
6141,XML100_2342_16,100,305.0,16694.0,18,1
6142,XML100_2342_17,100,277.0,18481.0,19,1
6143,XML100_2342_18,100,266.0,20327.0,20,1
6144,XML100_2342_19,100,322.0,14942.0,16,1
6145,XML100_2342_20,100,252.0,18682.0,20,1
6146,XML100_2342_21,100,255.0,19317.0,20,1
6147,XML100_2342_22,100,402.0,13463.0,13,1
6148,XML100_2342_23,100,321.0,17205.0,16,1
6149,XML100_2342_24,100,310.0,17144.0,15,1
6150,XML100_2342_25,100,381.0,15290.0,15,1
6151,XML100_2342_26,100,284.0,17805.0,16,1
6152,XML100_2343_01,100,471.0,13961.0,12,1
6153,XML100_2343_02,100,581.0,12157.0,9,1
6154,XML100_2343_03,100,487.0,12492.0,11,1
6155,XML100_2343_04,100,509.0,12026.0,10,1
6156,XML100_2343_05,100,630.0,11252.0,10,1
6157,XML100_2343_06,100,528.0,11834.0,11,1
6158,XML100_2343_07,100,438.0,14368.0,13,1
6159,XML100_2343_08,100,636.0,12662.0,9,1
6160,XML100_2343_09,100,616.0,11831.0,9,1
6161,XML100_2343_10,100,573.0,11260.0,9,1
6162,XML100_2343_11,100,429.0,13351.0,13,1
6163,XML100_2343_12,100,546.0,11130.0,10,1
6164,XML100_2343_13,100,592.0,11664.0,10,1
6165,XML100_2343_14,100,423.0,11986.0,11,1
6166,XML100_2343_15,100,498.0,13034.0,11,1
6167,XML100_2343_16,100,586.0,12133.0,10,1
6168,XML100_2343_17,100,449.0,13089.0,12,1
6169,XML100_2343_18,100,425.0,14302.0,12,1
6170,XML100_2343_19,100,428.0,14263.0,12,1
6171,XML100_2343_20,100,435.0,13871.0,13,1
6172,XML100_2343_21,100,560.0,12117.0,10,1
6173,XML100_2343_22,100,604.0,11250.0,10,1
6174,XML100_2343_23,100,534.0,11973.0,11,1
6175,XML100_2343_24,100,510.0,11610.0,10,1
6176,XML100_2343_25,100,433.0,13789.0,13,1
6177,XML100_2343_26,100,552.0,12783.0,10,1
6178,XML100_2344_01,100,676.0,10299.0,7,1
6179,XML100_2344_02,100,573.0,11252.0,9,1
6180,XML100_2344_03,100,701.0,11111.0,8,1
6181,XML100_2344_04,100,689.0,9915.0,7,1
6182,XML100_2344_05,100,617.0,10323.0,9,1
6183,XML100_2344_06,100,844.0,10269.0,7,1
6184,XML100_2344_07,100,793.0,10262.0,7,1
6185,XML100_2344_08,100,811.0,11017.0,7,1
6186,XML100_2344_09,100,812.0,9759.0,7,1
6187,XML100_2344_10,100,653.0,10363.0,8,1
6188,XML100_2344_11,100,670.0,11136.0,8,1
6189,XML100_2344_12,100,682.0,10961.0,9,1
6190,XML100_2344_13,100,657.0,11633.0,8,1
6191,XML100_2344_14,100,714.0,10239.0,8,1
6192,XML100_2344_15,100,717.0,10522.0,7,1
6193,XML100_2344_16,100,869.0,10546.0,7,1
6194,XML100_2344_17,100,770.0,10046.0,7,1
6195,XML100_2344_18,100,697.0,10176.0,7,1
6196,XML100_2344_19,100,784.0,10592.0,8,1
6197,XML100_2344_20,100,741.0,9773.0,7,1
6198,XML100_2344_21,100,715.0,9378.0,7,1
6199,XML100_2344_22,100,771.0,9627.0,7,1
6200,XML100_2344_23,100,680.0,10469.0,8,1
6201,XML100_2344_24,100,635.0,10554.0,8,1
6202,XML100_2344_25,100,792.0,9437.0,7,1
6203,XML100_2344_26,100,727.0,10710.0,8,1
6204,XML100_2345_01,100,851.0,9596.0,6,1
6205,XML100_2345_02,100,840.0,9675.0,7,1
6206,XML100_2345_03,100,955.0,9764.0,7,1
6207,XML100_2345_04,100,741.0,9974.0,7,1
6208,XML100_2345_05,100,813.0,9888.0,7,1
6209,XML100_2345_06,100,652.0,8990.0,6,1
6210,XML100_2345_07,100,1023.0,9242.0,6,1
6211,XML100_2345_08,100,1124.0,9565.0,5,1
6212,XML100_2345_09,100,998.0,9139.0,6,1
6213,XML100_2345_10,100,954.0,9526.0,6,1
6214,XML100_2345_11,100,990.0,8964.0,5,1
6215,XML100_2345_12,100,734.0,9807.0,7,1
6216,XML100_2345_13,100,896.0,9367.0,6,1
6217,XML100_2345_14,100,1122.0,8781.0,5,1
6218,XML100_2345_15,100,1132.0,9185.0,5,1
6219,XML100_2345_16,100,1239.0,9356.0,5,1
6220,XML100_2345_17,100,1130.0,8075.0,5,1
6221,XML100_2345_18,100,1011.0,9303.0,6,1
6222,XML100_2345_19,100,1141.0,8958.0,5,1
6223,XML100_2345_20,100,830.0,9600.0,6,1
6224,XML100_2345_21,100,880.0,8999.0,6,1
6225,XML100_2345_22,100,894.0,10037.0,6,1
6226,XML100_2345_23,100,863.0,10111.0,7,1
6227,XML100_2345_24,100,1114.0,8719.0,5,1
6228,XML100_2345_25,100,924.0,8820.0,6,1
6229,XML100_2345_26,100,1273.0,8794.0,5,1
6230,XML100_2346_01,100,2420.0,7680.0,3,1
6231,XML100_2346_02,100,1754.0,7417.0,3,1
6232,XML100_2346_03,100,1316.0,8433.0,4,1
6233,XML100_2346_04,100,1486.0,7774.0,4,1
6234,XML100_2346_05,100,2156.0,8220.0,3,1
6235,XML100_2346_06,100,2165.0,8134.0,3,1
6236,XML100_2346_07,100,1820.0,7329.0,3,1
6237,XML100_2346_08,100,1655.0,8079.0,3,1
6238,XML100_2346_09,100,2418.0,7922.0,3,1
6239,XML100_2346_10,100,2065.0,7928.0,3,1
6240,XML100_2346_11,100,2123.0,7654.0,3,1
6241,XML100_2346_12,100,1778.0,7958.0,4,1
6242,XML100_2346_13,100,1332.0,8575.0,4,1
6243,XML100_2346_14,100,1706.0,7783.0,3,1
6244,XML100_2346_15,100,2339.0,7535.0,3,1
6245,XML100_2346_16,100,2364.0,7715.0,3,1
6246,XML100_2346_17,100,2382.0,7792.0,3,1
6247,XML100_2346_18,100,2042.0,7931.0,3,1
6248,XML100_2346_19,100,1637.0,8300.0,4,1
6249,XML100_2346_20,100,2390.0,7709.0,3,1
6250,XML100_2346_21,100,2492.0,7565.0,3,1
6251,XML100_2346_22,100,1966.0,8068.0,3,1
6252,XML100_2346_23,100,1662.0,8372.0,4,1
6253,XML100_2346_24,100,1723.0,7783.0,3,1
6254,XML100_2346_25,100,1511.0,7725.0,4,1
6255,XML100_2346_26,100,1747.0,7524.0,3,1
6256,XML100_2351_01,100,313.0,24364.0,25,1
6257,XML100_2351_02,100,309.0,22862.0,26,1
6258,XML100_2351_03,100,291.0,26605.0,27,1
6259,XML100_2351_04,100,316.0,21264.0,24,1
6260,XML100_2351_05,100,334.0,22852.0,22,1
6261,XML100_2351_06,100,253.0,25640.0,31,1
6262,XML100_2351_07,100,320.0,19799.0,25,1
6263,XML100_2351_08,100,276.0,24648.0,29,1
6264,XML100_2351_09,100,233.0,27887.0,33,1
6265,XML100_2351_10,100,276.0,24987.0,30,1
6266,XML100_2351_11,100,252.0,25523.0,32,1
6267,XML100_2351_12,100,354.0,22095.0,22,1
6268,XML100_2351_13,100,333.0,20399.0,25,1
6269,XML100_2351_14,100,298.0,24997.0,27,1
6270,XML100_2351_15,100,339.0,22374.0,24,1
6271,XML100_2351_16,100,315.0,23311.0,26,1
6272,XML100_2351_17,100,340.0,20816.0,23,1
6273,XML100_2351_18,100,297.0,23772.0,27,1
6274,XML100_2351_19,100,258.0,28924.0,32,1
6275,XML100_2351_20,100,328.0,22715.0,25,1
6276,XML100_2351_21,100,266.0,28578.0,29,1
6277,XML100_2351_22,100,335.0,22451.0,24,1
6278,XML100_2351_23,100,320.0,20957.0,24,1
6279,XML100_2351_24,100,283.0,25078.0,29,1
6280,XML100_2351_25,100,303.0,23789.0,27,1
6281,XML100_2351_26,100,252.0,32978.0,31,1
6282,XML100_2352_01,100,485.0,17237.0,16,1
6283,XML100_2352_02,100,416.0,20166.0,19,1
6284,XML100_2352_03,100,465.0,16219.0,17,1
6285,XML100_2352_04,100,436.0,19305.0,18,1
6286,XML100_2352_05,100,397.0,18768.0,20,1
6287,XML100_2352_06,100,591.0,13461.0,14,1
6288,XML100_2352_07,100,436.0,17772.0,18,1
6289,XML100_2352_08,100,407.0,17701.0,19,1
6290,XML100_2352_09,100,437.0,21340.0,19,1
6291,XML100_2352_10,100,537.0,16145.0,15,1
6292,XML100_2352_11,100,507.0,14426.0,15,1
6293,XML100_2352_12,100,564.0,15598.0,14,1
6294,XML100_2352_13,100,528.0,15840.0,15,1
6295,XML100_2352_14,100,579.0,15811.0,14,1
6296,XML100_2352_15,100,451.0,18109.0,17,1
6297,XML100_2352_16,100,373.0,19441.0,21,1
6298,XML100_2352_17,100,497.0,15703.0,15,1
6299,XML100_2352_18,100,424.0,17365.0,19,1
6300,XML100_2352_19,100,558.0,14338.0,14,1
6301,XML100_2352_20,100,417.0,18606.0,18,1
6302,XML100_2352_21,100,479.0,16069.0,17,1
6303,XML100_2352_22,100,436.0,17408.0,18,1
6304,XML100_2352_23,100,583.0,15280.0,14,1
6305,XML100_2352_24,100,474.0,18727.0,17,1
6306,XML100_2352_25,100,571.0,15197.0,13,1
6307,XML100_2352_26,100,525.0,16631.0,15,1
6308,XML100_2353_01,100,904.0,10923.0,9,1
6309,XML100_2353_02,100,723.0,13006.0,11,1
6310,XML100_2353_03,100,793.0,12652.0,10,1
6311,XML100_2353_04,100,858.0,12391.0,9,1
6312,XML100_2353_05,100,670.0,13827.0,12,1
6313,XML100_2353_06,100,891.0,12553.0,9,1
6314,XML100_2353_07,100,659.0,13105.0,12,1
6315,XML100_2353_08,100,776.0,12756.0,10,1
6316,XML100_2353_09,100,733.0,13045.0,11,1
6317,XML100_2353_10,100,709.0,12594.0,11,1
6318,XML100_2353_11,100,652.0,13256.0,13,1
6319,XML100_2353_12,100,633.0,13243.0,13,1
6320,XML100_2353_13,100,888.0,11065.0,9,1
6321,XML100_2353_14,100,855.0,11329.0,9,1
6322,XML100_2353_15,100,676.0,13737.0,12,1
6323,XML100_2353_16,100,641.0,14301.0,12,1
6324,XML100_2353_17,100,711.0,12230.0,11,1
6325,XML100_2353_18,100,818.0,11803.0,10,1
6326,XML100_2353_19,100,787.0,11505.0,10,1
6327,XML100_2353_20,100,685.0,12193.0,12,1
6328,XML100_2353_21,100,846.0,11714.0,9,1
6329,XML100_2353_22,100,871.0,12521.0,9,1
6330,XML100_2353_23,100,727.0,12984.0,11,1
6331,XML100_2353_24,100,890.0,11469.0,9,1
6332,XML100_2353_25,100,712.0,13369.0,11,1
6333,XML100_2353_26,100,654.0,13400.0,12,1
6334,XML100_2354_01,100,1086.0,11022.0,8,1
6335,XML100_2354_02,100,943.0,11287.0,9,1
6336,XML100_2354_03,100,1080.0,9620.0,7,1
6337,XML100_2354_04,100,1207.0,9521.0,7,1
6338,XML100_2354_05,100,982.0,10779.0,8,1
6339,XML100_2354_06,100,1003.0,11221.0,8,1
6340,XML100_2354_07,100,941.0,11104.0,9,1
6341,XML100_2354_08,100,1114.0,11134.0,7,1
6342,XML100_2354_09,100,1015.0,10527.0,8,1
6343,XML100_2354_10,100,1195.0,9453.0,7,1
6344,XML100_2354_11,100,1171.0,10723.0,7,1
6345,XML100_2354_12,100,931.0,9894.0,8,1
6346,XML100_2354_13,100,1137.0,9884.0,7,1
6347,XML100_2354_14,100,923.0,10521.0,9,1
6348,XML100_2354_15,100,1045.0,10463.0,7,1
6349,XML100_2354_16,100,1109.0,9685.0,7,1
6350,XML100_2354_17,100,1091.0,9656.0,7,1
6351,XML100_2354_18,100,932.0,10213.0,8,1
6352,XML100_2354_19,100,1096.0,10141.0,7,1
6353,XML100_2354_20,100,1055.0,10455.0,8,1
6354,XML100_2354_21,100,1054.0,9916.0,8,1
6355,XML100_2354_22,100,1011.0,10942.0,8,1
6356,XML100_2354_23,100,946.0,9851.0,8,1
6357,XML100_2354_24,100,1021.0,11248.0,8,1
6358,XML100_2354_25,100,1084.0,10802.0,7,1
6359,XML100_2354_26,100,1183.0,10532.0,7,1
6360,XML100_2355_01,100,1291.0,9490.0,6,1
6361,XML100_2355_02,100,1349.0,8952.0,6,1
6362,XML100_2355_03,100,1510.0,8898.0,6,1
6363,XML100_2355_04,100,1680.0,9012.0,5,1
6364,XML100_2355_05,100,1257.0,9778.0,7,1
6365,XML100_2355_06,100,1628.0,8653.0,5,1
6366,XML100_2355_07,100,1610.0,8618.0,5,1
6367,XML100_2355_08,100,1377.0,9412.0,6,1
6368,XML100_2355_09,100,1222.0,10040.0,6,1
6369,XML100_2355_10,100,1566.0,8222.0,5,1
6370,XML100_2355_11,100,1297.0,9112.0,6,1
6371,XML100_2355_12,100,1735.0,9357.0,5,1
6372,XML100_2355_13,100,1231.0,9551.0,6,1
6373,XML100_2355_14,100,1423.0,9820.0,6,1
6374,XML100_2355_15,100,1417.0,9389.0,6,1
6375,XML100_2355_16,100,1398.0,9318.0,6,1
6376,XML100_2355_17,100,1650.0,9142.0,5,1
6377,XML100_2355_18,100,1413.0,8424.0,6,1
6378,XML100_2355_19,100,1822.0,8619.0,5,1
6379,XML100_2355_20,100,1425.0,9236.0,6,1
6380,XML100_2355_21,100,1301.0,9626.0,6,1
6381,XML100_2355_22,100,1809.0,8827.0,5,1
6382,XML100_2355_23,100,1299.0,9615.0,6,1
6383,XML100_2355_24,100,1432.0,9352.0,6,1
6384,XML100_2355_25,100,1187.0,10021.0,7,1
6385,XML100_2355_26,100,1660.0,8830.0,5,1
6386,XML100_2356_01,100,2278.0,8141.0,4,1
6387,XML100_2356_02,100,2829.0,7688.0,3,1
6388,XML100_2356_03,100,2537.0,7073.0,3,1
6389,XML100_2356_04,100,2883.0,7716.0,3,1
6390,XML100_2356_05,100,3142.0,7324.0,3,1
6391,XML100_2356_06,100,2805.0,7267.0,3,1
6392,XML100_2356_07,100,3148.0,7902.0,3,1
6393,XML100_2356_08,100,3181.0,6956.0,3,1
6394,XML100_2356_09,100,3171.0,7838.0,3,1
6395,XML100_2356_10,100,2012.0,8191.0,4,1
6396,XML100_2356_11,100,2009.0,8353.0,4,1
6397,XML100_2356_12,100,3273.0,7568.0,3,1
6398,XML100_2356_13,100,2774.0,7848.0,3,1
6399,XML100_2356_14,100,3589.0,7536.0,3,1
6400,XML100_2356_15,100,2258.0,7855.0,4,1
6401,XML100_2356_16,100,2211.0,8220.0,4,1
6402,XML100_2356_17,100,3506.0,7742.0,3,1
6403,XML100_2356_18,100,2697.0,7920.0,3,1
6404,XML100_2356_19,100,3537.0,7981.0,3,1
6405,XML100_2356_20,100,1947.0,8326.0,4,1
6406,XML100_2356_21,100,2275.0,8388.0,4,1
6407,XML100_2356_22,100,3192.0,7748.0,3,1
6408,XML100_2356_23,100,2726.0,7945.0,3,1
6409,XML100_2356_24,100,1968.0,8386.0,4,1
6410,XML100_2356_25,100,3793.0,7374.0,3,1
6411,XML100_2356_26,100,3016.0,7776.0,3,1
6412,XML100_2361_01,100,155.0,23934.0,28,1
6413,XML100_2361_02,100,206.0,22903.0,24,1
6414,XML100_2361_03,100,172.0,26260.0,30,1
6415,XML100_2361_04,100,172.0,21747.0,25,1
6416,XML100_2361_05,100,210.0,22483.0,26,1
6417,XML100_2361_06,100,179.0,27322.0,30,1
6418,XML100_2361_07,100,173.0,30220.0,34,1
6419,XML100_2361_08,100,187.0,29530.0,34,1
6420,XML100_2361_09,100,232.0,24258.0,21,1
6421,XML100_2361_10,100,164.0,29242.0,31,1
6422,XML100_2361_11,100,161.0,28008.0,28,1
6423,XML100_2361_12,100,225.0,22180.0,22,1
6424,XML100_2361_13,100,170.0,26794.0,26,1
6425,XML100_2361_14,100,181.0,28488.0,29,1
6426,XML100_2361_15,100,219.0,26767.0,27,1
6427,XML100_2361_16,100,181.0,29445.0,34,1
6428,XML100_2361_17,100,197.0,22797.0,22,1
6429,XML100_2361_18,100,175.0,25342.0,33,1
6430,XML100_2361_19,100,206.0,25871.0,28,1
6431,XML100_2361_20,100,212.0,19564.0,24,1
6432,XML100_2361_21,100,174.0,28504.0,35,1
6433,XML100_2361_22,100,245.0,19267.0,24,1
6434,XML100_2361_23,100,192.0,21147.0,25,1
6435,XML100_2361_24,100,225.0,24447.0,26,1
6436,XML100_2361_25,100,215.0,28101.0,29,1
6437,XML100_2361_26,100,194.0,20875.0,26,1
6438,XML100_2362_01,100,298.0,18709.0,19,1
6439,XML100_2362_02,100,373.0,15703.0,14,1
6440,XML100_2362_03,100,407.0,17623.0,17,1
6441,XML100_2362_04,100,405.0,14968.0,14,1
6442,XML100_2362_05,100,324.0,17053.0,17,1
6443,XML100_2362_06,100,297.0,19567.0,19,1
6444,XML100_2362_07,100,261.0,17263.0,18,1
6445,XML100_2362_08,100,289.0,16162.0,16,1
6446,XML100_2362_09,100,282.0,20105.0,18,1
6447,XML100_2362_10,100,246.0,16918.0,17,1
6448,XML100_2362_11,100,379.0,14008.0,15,1
6449,XML100_2362_12,100,316.0,17207.0,17,1
6450,XML100_2362_13,100,252.0,16069.0,18,1
6451,XML100_2362_14,100,278.0,15645.0,15,1
6452,XML100_2362_15,100,246.0,17155.0,17,1
6453,XML100_2362_16,100,210.0,18762.0,21,1
6454,XML100_2362_17,100,237.0,18879.0,21,1
6455,XML100_2362_18,100,290.0,14806.0,15,1
6456,XML100_2362_19,100,347.0,15847.0,14,1
6457,XML100_2362_20,100,436.0,15900.0,14,1
6458,XML100_2362_21,100,297.0,16873.0,17,1
6459,XML100_2362_22,100,294.0,17646.0,17,1
6460,XML100_2362_23,100,354.0,18379.0,16,1
6461,XML100_2362_24,100,438.0,15099.0,14,1
6462,XML100_2362_25,100,384.0,16655.0,13,1
6463,XML100_2362_26,100,351.0,18584.0,17,1
6464,XML100_2363_01,100,418.0,12674.0,11,1
6465,XML100_2363_02,100,367.0,15065.0,12,1
6466,XML100_2363_03,100,491.0,12653.0,11,1
6467,XML100_2363_04,100,434.0,12950.0,12,1
6468,XML100_2363_05,100,507.0,13051.0,10,1
6469,XML100_2363_06,100,479.0,12406.0,11,1
6470,XML100_2363_07,100,469.0,12598.0,10,1
6471,XML100_2363_08,100,546.0,11769.0,11,1
6472,XML100_2363_09,100,456.0,11142.0,9,1
6473,XML100_2363_10,100,546.0,12262.0,11,1
6474,XML100_2363_11,100,608.0,11481.0,9,1
6475,XML100_2363_12,100,496.0,13306.0,10,1
6476,XML100_2363_13,100,503.0,12894.0,11,1
6477,XML100_2363_14,100,527.0,13351.0,11,1
6478,XML100_2363_15,100,534.0,12603.0,11,1
6479,XML100_2363_16,100,615.0,12039.0,9,1
6480,XML100_2363_17,100,410.0,10251.0,10,1
6481,XML100_2363_18,100,472.0,12741.0,12,1
6482,XML100_2363_19,100,633.0,12128.0,9,1
6483,XML100_2363_20,100,639.0,12994.0,10,1
6484,XML100_2363_21,100,716.0,11903.0,10,1
6485,XML100_2363_22,100,622.0,11154.0,10,1
6486,XML100_2363_23,100,448.0,14067.0,12,1
6487,XML100_2363_24,100,537.0,12462.0,10,1
6488,XML100_2363_25,100,458.0,12760.0,12,1
6489,XML100_2363_26,100,503.0,12370.0,10,1
6490,XML100_2364_01,100,761.0,9457.0,7,1
6491,XML100_2364_02,100,729.0,11245.0,9,1
6492,XML100_2364_03,100,564.0,10660.0,8,1
6493,XML100_2364_04,100,776.0,10778.0,8,1
6494,XML100_2364_05,100,822.0,11061.0,8,1
6495,XML100_2364_06,100,704.0,10610.0,8,1
6496,XML100_2364_07,100,548.0,10457.0,9,1
6497,XML100_2364_08,100,669.0,9797.0,7,1
6498,XML100_2364_09,100,634.0,11558.0,8,1
6499,XML100_2364_10,100,579.0,10345.0,8,1
6500,XML100_2364_11,100,669.0,10954.0,8,1
6501,XML100_2364_12,100,663.0,10542.0,8,1
6502,XML100_2364_13,100,574.0,10188.0,8,1
6503,XML100_2364_14,100,526.0,11563.0,8,1
6504,XML100_2364_15,100,608.0,10402.0,8,1
6505,XML100_2364_16,100,648.0,11401.0,9,1
6506,XML100_2364_17,100,656.0,10076.0,7,1
6507,XML100_2364_18,100,575.0,10931.0,8,1
6508,XML100_2364_19,100,845.0,10649.0,7,1
6509,XML100_2364_20,100,846.0,11019.0,8,1
6510,XML100_2364_21,100,684.0,12560.0,9,1
6511,XML100_2364_22,100,650.0,11340.0,8,1
6512,XML100_2364_23,100,628.0,10902.0,8,1
6513,XML100_2364_24,100,629.0,11097.0,9,1
6514,XML100_2364_25,100,716.0,10043.0,8,1
6515,XML100_2364_26,100,534.0,10407.0,8,1
6516,XML100_2365_01,100,1267.0,8600.0,5,1
6517,XML100_2365_02,100,1255.0,9226.0,5,1
6518,XML100_2365_03,100,675.0,9392.0,6,1
6519,XML100_2365_04,100,868.0,8359.0,6,1
6520,XML100_2365_05,100,1141.0,9296.0,5,1
6521,XML100_2365_06,100,930.0,9808.0,6,1
6522,XML100_2365_07,100,902.0,9727.0,6,1
6523,XML100_2365_08,100,957.0,9697.0,6,1
6524,XML100_2365_09,100,823.0,9409.0,6,1
6525,XML100_2365_10,100,1079.0,10119.0,6,1
6526,XML100_2365_11,100,862.0,10001.0,6,1
6527,XML100_2365_12,100,1040.0,8992.0,5,1
6528,XML100_2365_13,100,1312.0,9282.0,5,1
6529,XML100_2365_14,100,859.0,9328.0,5,1
6530,XML100_2365_15,100,1040.0,8298.0,5,1
6531,XML100_2365_16,100,1097.0,8714.0,5,1
6532,XML100_2365_17,100,1424.0,8741.0,5,1
6533,XML100_2365_18,100,1263.0,8916.0,5,1
6534,XML100_2365_19,100,1201.0,8889.0,5,1
6535,XML100_2365_20,100,909.0,9203.0,6,1
6536,XML100_2365_21,100,1455.0,8948.0,5,1
6537,XML100_2365_22,100,996.0,9114.0,5,1
6538,XML100_2365_23,100,1366.0,8952.0,5,1
6539,XML100_2365_24,100,1132.0,8485.0,5,1
6540,XML100_2365_25,100,1058.0,9173.0,5,1
6541,XML100_2365_26,100,917.0,9186.0,6,1
6542,XML100_2366_01,100,1615.0,8083.0,4,1
6543,XML100_2366_02,100,2551.0,7053.0,3,1
6544,XML100_2366_03,100,2690.0,7746.0,3,1
6545,XML100_2366_04,100,1387.0,8439.0,4,1
6546,XML100_2366_05,100,2600.0,7285.0,3,1
6547,XML100_2366_06,100,2501.0,7779.0,3,1
6548,XML100_2366_07,100,1565.0,7856.0,3,1
6549,XML100_2366_08,100,1762.0,8213.0,3,1
6550,XML100_2366_09,100,1291.0,7601.0,4,1
6551,XML100_2366_10,100,1279.0,8424.0,4,1
6552,XML100_2366_11,100,2633.0,7768.0,3,1
6553,XML100_2366_12,100,2076.0,8054.0,3,1
6554,XML100_2366_13,100,1444.0,7557.0,3,1
6555,XML100_2366_14,100,1604.0,8181.0,3,1
6556,XML100_2366_15,100,2104.0,7423.0,3,1
6557,XML100_2366_16,100,1868.0,7176.0,3,1
6558,XML100_2366_17,100,1398.0,7410.0,4,1
6559,XML100_2366_18,100,1918.0,7876.0,3,1
6560,XML100_2366_19,100,1486.0,8153.0,4,1
6561,XML100_2366_20,100,1757.0,7888.0,3,1
6562,XML100_2366_21,100,2228.0,7818.0,3,1
6563,XML100_2366_22,100,1585.0,8785.0,4,1
6564,XML100_2366_23,100,1638.0,8167.0,3,1
6565,XML100_2366_24,100,997.0,8166.0,4,1
6566,XML100_2366_25,100,1569.0,8004.0,4,1
6567,XML100_2366_26,100,1218.0,8126.0,4,1
6568,XML100_2371_01,100,122.0,24275.0,30,1
6569,XML100_2371_02,100,121.0,28596.0,28,0
6570,XML100_2371_03,100,117.0,32688.0,39,1
6571,XML100_2371_04,100,119.0,33465.0,41,1
6572,XML100_2371_05,100,113.0,29213.0,40,0
6573,XML100_2371_06,100,121.0,30592.0,33,0
6574,XML100_2371_07,100,121.0,21918.0,24,1
6575,XML100_2371_08,100,121.0,27515.0,32,1
6576,XML100_2371_09,100,114.0,24574.0,34,0
6577,XML100_2371_10,100,129.0,24090.0,27,1
6578,XML100_2371_11,100,123.0,21297.0,27,1
6579,XML100_2371_12,100,126.0,23448.0,27,0
6580,XML100_2371_13,100,125.0,23082.0,25,1
6581,XML100_2371_14,100,119.0,30116.0,34,0
6582,XML100_2371_15,100,123.0,19762.0,25,1
6583,XML100_2371_16,100,126.0,22945.0,25,1
6584,XML100_2371_17,100,131.0,22721.0,23,1
6585,XML100_2371_18,100,121.0,33117.0,41,1
6586,XML100_2371_19,100,117.0,23818.0,32,1
6587,XML100_2371_20,100,126.0,24771.0,25,1
6588,XML100_2371_21,100,116.0,24964.0,33,1
6589,XML100_2371_22,100,123.0,23186.0,27,0
6590,XML100_2371_23,100,123.0,22590.0,29,1
6591,XML100_2371_24,100,120.0,37062.0,43,1
6592,XML100_2371_25,100,123.0,22111.0,28,1
6593,XML100_2371_26,100,122.0,22179.0,27,1
6594,XML100_2372_01,100,135.0,18819.0,20,1
6595,XML100_2372_02,100,128.0,16253.0,15,1
6596,XML100_2372_03,100,138.0,19585.0,22,1
6597,XML100_2372_04,100,138.0,17581.0,19,1
6598,XML100_2372_05,100,132.0,19166.0,20,1
6599,XML100_2372_06,100,136.0,17375.0,17,1
6600,XML100_2372_07,100,138.0,18743.0,19,1
6601,XML100_2372_08,100,143.0,15603.0,14,1
6602,XML100_2372_09,100,136.0,17315.0,19,1
6603,XML100_2372_10,100,125.0,19599.0,23,1
6604,XML100_2372_11,100,141.0,15140.0,14,1
6605,XML100_2372_12,100,127.0,21304.0,21,1
6606,XML100_2372_13,100,130.0,15546.0,17,1
6607,XML100_2372_14,100,151.0,13614.0,15,1
6608,XML100_2372_15,100,123.0,18317.0,19,1
6609,XML100_2372_16,100,126.0,15624.0,18,1
6610,XML100_2372_17,100,133.0,19667.0,20,1
6611,XML100_2372_18,100,145.0,13930.0,14,1
6612,XML100_2372_19,100,130.0,19618.0,21,1
6613,XML100_2372_20,100,135.0,16505.0,18,1
6614,XML100_2372_21,100,141.0,13098.0,15,1
6615,XML100_2372_22,100,137.0,15015.0,16,1
6616,XML100_2372_23,100,133.0,17585.0,18,1
6617,XML100_2372_24,100,138.0,14972.0,15,1
6618,XML100_2372_25,100,147.0,16001.0,16,1
6619,XML100_2372_26,100,141.0,16955.0,17,1
6620,XML100_2373_01,100,161.0,12061.0,10,1
6621,XML100_2373_02,100,157.0,11929.0,10,1
6622,XML100_2373_03,100,140.0,13404.0,13,1
6623,XML100_2373_04,100,160.0,11988.0,10,1
6624,XML100_2373_05,100,150.0,11862.0,10,1
6625,XML100_2373_06,100,153.0,12071.0,10,1
6626,XML100_2373_07,100,149.0,12273.0,10,1
6627,XML100_2373_08,100,146.0,13287.0,11,1
6628,XML100_2373_09,100,144.0,13962.0,12,1
6629,XML100_2373_10,100,155.0,12403.0,10,1
6630,XML100_2373_11,100,164.0,10881.0,9,1
6631,XML100_2373_12,100,146.0,13229.0,11,1
6632,XML100_2373_13,100,158.0,12939.0,10,1
6633,XML100_2373_14,100,140.0,12522.0,12,1
6634,XML100_2373_15,100,152.0,13985.0,12,1
6635,XML100_2373_16,100,151.0,11423.0,9,1
6636,XML100_2373_17,100,140.0,14069.0,12,1
6637,XML100_2373_18,100,150.0,12117.0,10,1
6638,XML100_2373_19,100,154.0,11808.0,10,1
6639,XML100_2373_20,100,145.0,16989.0,13,1
6640,XML100_2373_21,100,152.0,12618.0,10,1
6641,XML100_2373_22,100,151.0,11985.0,10,1
6642,XML100_2373_23,100,137.0,14467.0,13,1
6643,XML100_2373_24,100,160.0,11756.0,11,1
6644,XML100_2373_25,100,136.0,13064.0,13,1
6645,XML100_2373_26,100,152.0,13358.0,13,1
6646,XML100_2374_01,100,154.0,10711.0,8,1
6647,XML100_2374_02,100,162.0,11049.0,8,1
6648,XML100_2374_03,100,166.0,10823.0,8,1
6649,XML100_2374_04,100,162.0,11502.0,9,1
6650,XML100_2374_05,100,167.0,9726.0,7,1
6651,XML100_2374_06,100,157.0,10364.0,9,1
6652,XML100_2374_07,100,173.0,10687.0,8,1
6653,XML100_2374_08,100,165.0,10679.0,9,1
6654,XML100_2374_09,100,170.0,10437.0,7,1
6655,XML100_2374_10,100,169.0,10558.0,7,1
6656,XML100_2374_11,100,174.0,10938.0,8,1
6657,XML100_2374_12,100,170.0,9739.0,8,1
6658,XML100_2374_13,100,171.0,9811.0,7,1
6659,XML100_2374_14,100,162.0,11145.0,9,1
6660,XML100_2374_15,100,166.0,10027.0,8,1
6661,XML100_2374_16,100,163.0,10024.0,7,1
6662,XML100_2374_17,100,175.0,10328.0,7,1
6663,XML100_2374_18,100,168.0,10320.0,7,1
6664,XML100_2374_19,100,158.0,9880.0,7,1
6665,XML100_2374_20,100,159.0,10615.0,8,1
6666,XML100_2374_21,100,164.0,11392.0,9,1
6667,XML100_2374_22,100,167.0,11422.0,8,1
6668,XML100_2374_23,100,169.0,10124.0,7,1
6669,XML100_2374_24,100,168.0,8991.0,7,1
6670,XML100_2374_25,100,167.0,11204.0,8,1
6671,XML100_2374_26,100,184.0,10115.0,7,1
6672,XML100_2375_01,100,208.0,9038.0,5,1
6673,XML100_2375_02,100,198.0,8695.0,5,1
6674,XML100_2375_03,100,181.0,8695.0,6,1
6675,XML100_2375_04,100,192.0,8596.0,5,1
6676,XML100_2375_05,100,187.0,9578.0,6,1
6677,XML100_2375_06,100,207.0,9169.0,5,1
6678,XML100_2375_07,100,180.0,9875.0,6,1
6679,XML100_2375_08,100,196.0,9573.0,6,1
6680,XML100_2375_09,100,196.0,8561.0,5,1
6681,XML100_2375_10,100,169.0,9070.0,7,1
6682,XML100_2375_11,100,185.0,8275.0,5,1
6683,XML100_2375_12,100,193.0,8508.0,6,1
6684,XML100_2375_13,100,194.0,8744.0,6,1
6685,XML100_2375_14,100,188.0,9700.0,6,1
6686,XML100_2375_15,100,189.0,8606.0,6,1
6687,XML100_2375_16,100,199.0,8759.0,5,1
6688,XML100_2375_17,100,199.0,8251.0,5,1
6689,XML100_2375_18,100,230.0,8992.0,5,1
6690,XML100_2375_19,100,201.0,9274.0,5,1
6691,XML100_2375_20,100,167.0,8983.0,7,1
6692,XML100_2375_21,100,190.0,9180.0,6,1
6693,XML100_2375_22,100,176.0,10022.0,6,1
6694,XML100_2375_23,100,199.0,8845.0,5,1
6695,XML100_2375_24,100,221.0,8999.0,5,1
6696,XML100_2375_25,100,209.0,8937.0,5,1
6697,XML100_2375_26,100,222.0,8318.0,5,1
6698,XML100_2376_01,100,319.0,7625.0,3,1
6699,XML100_2376_02,100,353.0,7199.0,3,1
6700,XML100_2376_03,100,272.0,7801.0,3,1
6701,XML100_2376_04,100,220.0,8483.0,4,1
6702,XML100_2376_05,100,238.0,8434.0,4,1
6703,XML100_2376_06,100,366.0,7148.0,3,1
6704,XML100_2376_07,100,295.0,8040.0,3,1
6705,XML100_2376_08,100,271.0,7726.0,3,1
6706,XML100_2376_09,100,265.0,7718.0,3,1
6707,XML100_2376_10,100,371.0,7533.0,2,1
6708,XML100_2376_11,100,350.0,7507.0,3,1
6709,XML100_2376_12,100,300.0,7877.0,3,1
6710,XML100_2376_13,100,273.0,7567.0,3,1
6711,XML100_2376_14,100,221.0,7780.0,4,1
6712,XML100_2376_15,100,317.0,7585.0,3,1
6713,XML100_2376_16,100,218.0,8487.0,4,1
6714,XML100_2376_17,100,280.0,7680.0,3,1
6715,XML100_2376_18,100,286.0,8148.0,3,1
6716,XML100_2376_19,100,247.0,7340.0,3,1
6717,XML100_2376_20,100,214.0,8032.0,4,1
6718,XML100_2376_21,100,270.0,7377.0,3,1
6719,XML100_2376_22,100,287.0,7674.0,3,1
6720,XML100_2376_23,100,312.0,7954.0,3,1
6721,XML100_2376_24,100,269.0,7497.0,3,1
6722,XML100_2376_25,100,308.0,7831.0,3,1
6723,XML100_2376_26,100,278.0,7572.0,3,1
6724,XML100_3111_01,100,4.0,44878.0,25,1
6725,XML100_3111_02,100,4.0,43500.0,25,1
6726,XML100_3111_03,100,3.0,55133.0,34,1
6727,XML100_3111_04,100,3.0,55761.0,34,1
6728,XML100_3111_05,100,3.0,56757.0,34,1
6729,XML100_3111_06,100,3.0,54854.0,34,1
6730,XML100_3111_07,100,3.0,54461.0,34,1
6731,XML100_3111_08,100,4.0,44415.0,25,1
6732,XML100_3111_09,100,3.0,56262.0,34,1
6733,XML100_3111_10,100,3.0,57233.0,34,1
6734,XML100_3111_11,100,4.0,42559.0,25,1
6735,XML100_3111_12,100,3.0,51793.0,34,1
6736,XML100_3111_13,100,4.0,42378.0,25,1
6737,XML100_3111_14,100,3.0,57013.0,34,1
6738,XML100_3111_15,100,4.0,45754.0,25,1
6739,XML100_3111_16,100,3.0,56155.0,34,1
6740,XML100_3111_17,100,3.0,57342.0,34,1
6741,XML100_3111_18,100,3.0,55432.0,34,1
6742,XML100_3111_19,100,4.0,41842.0,25,1
6743,XML100_3111_20,100,4.0,44137.0,25,1
6744,XML100_3111_21,100,3.0,54432.0,34,1
6745,XML100_3111_22,100,4.0,40275.0,25,1
6746,XML100_3111_23,100,4.0,42863.0,25,1
6747,XML100_3111_24,100,4.0,41305.0,25,1
6748,XML100_3111_25,100,3.0,59078.0,34,1
6749,XML100_3111_26,100,3.0,57108.0,34,1
6750,XML100_3112_01,100,5.0,32869.0,20,1
6751,XML100_3112_02,100,7.0,25683.0,15,1
6752,XML100_3112_03,100,5.0,36590.0,20,1
6753,XML100_3112_04,100,5.0,35923.0,20,1
6754,XML100_3112_05,100,6.0,30341.0,17,1
6755,XML100_3112_06,100,5.0,35411.0,20,1
6756,XML100_3112_07,100,5.0,35829.0,20,1
6757,XML100_3112_08,100,6.0,30243.0,17,1
6758,XML100_3112_09,100,7.0,26485.0,15,1
6759,XML100_3112_10,100,6.0,29741.0,17,1
6760,XML100_3112_11,100,6.0,30401.0,17,1
6761,XML100_3112_12,100,6.0,31225.0,17,1
6762,XML100_3112_13,100,7.0,26501.0,15,1
6763,XML100_3112_14,100,6.0,31433.0,17,1
6764,XML100_3112_15,100,7.0,25580.0,15,1
6765,XML100_3112_16,100,7.0,26216.0,15,1
6766,XML100_3112_17,100,6.0,28203.0,17,1
6767,XML100_3112_18,100,6.0,29962.0,17,1
6768,XML100_3112_19,100,5.0,34386.0,20,1
6769,XML100_3112_20,100,6.0,30718.0,17,1
6770,XML100_3112_21,100,6.0,30200.0,17,1
6771,XML100_3112_22,100,5.0,35914.0,20,1
6772,XML100_3112_23,100,6.0,30262.0,17,1
6773,XML100_3112_24,100,5.0,34818.0,20,1
6774,XML100_3112_25,100,7.0,25897.0,15,1
6775,XML100_3112_26,100,6.0,29581.0,17,1
6776,XML100_3113_01,100,8.0,24114.0,13,1
6777,XML100_3113_02,100,9.0,22116.0,12,1
6778,XML100_3113_03,100,10.0,20860.0,10,1
6779,XML100_3113_04,100,8.0,24998.0,13,1
6780,XML100_3113_05,100,11.0,19108.0,10,1
6781,XML100_3113_06,100,9.0,21961.0,12,1
6782,XML100_3113_07,100,11.0,18110.0,10,1
6783,XML100_3113_08,100,10.0,20378.0,10,1
6784,XML100_3113_09,100,9.0,21383.0,12,1
6785,XML100_3113_10,100,9.0,22581.0,12,1
6786,XML100_3113_11,100,9.0,21999.0,12,1
6787,XML100_3113_12,100,11.0,18220.0,10,1
6788,XML100_3113_13,100,8.0,24429.0,13,1
6789,XML100_3113_14,100,11.0,18692.0,10,1
6790,XML100_3113_15,100,9.0,21637.0,12,1
6791,XML100_3113_16,100,9.0,20889.0,12,1
6792,XML100_3113_17,100,9.0,21763.0,12,1
6793,XML100_3113_18,100,9.0,22006.0,12,1
6794,XML100_3113_19,100,9.0,21198.0,12,1
6795,XML100_3113_20,100,11.0,18077.0,10,1
6796,XML100_3113_21,100,10.0,20745.0,10,1
6797,XML100_3113_22,100,8.0,24141.0,13,1
6798,XML100_3113_23,100,11.0,18658.0,10,1
6799,XML100_3113_24,100,9.0,21586.0,12,1
6800,XML100_3113_25,100,9.0,21101.0,12,1
6801,XML100_3113_26,100,11.0,19262.0,10,1
6802,XML100_3114_01,100,12.0,17326.0,9,1
6803,XML100_3114_02,100,13.0,17146.0,8,1
6804,XML100_3114_03,100,13.0,17161.0,8,1
6805,XML100_3114_04,100,14.0,14979.0,8,1
6806,XML100_3114_05,100,15.0,15524.0,7,1
6807,XML100_3114_06,100,12.0,18194.0,9,1
6808,XML100_3114_07,100,12.0,18816.0,9,1
6809,XML100_3114_08,100,15.0,15010.0,7,1
6810,XML100_3114_09,100,12.0,16723.0,9,1
6811,XML100_3114_10,100,14.0,15990.0,8,1
6812,XML100_3114_11,100,14.0,16435.0,8,1
6813,XML100_3114_12,100,12.0,19369.0,9,1
6814,XML100_3114_13,100,13.0,16659.0,8,1
6815,XML100_3114_14,100,14.0,15570.0,8,1
6816,XML100_3114_15,100,12.0,17833.0,9,1
6817,XML100_3114_16,100,14.0,16114.0,8,1
6818,XML100_3114_17,100,12.0,16571.0,9,1
6819,XML100_3114_18,100,13.0,16558.0,8,1
6820,XML100_3114_19,100,13.0,16587.0,8,1
6821,XML100_3114_20,100,14.0,15416.0,8,1
6822,XML100_3114_21,100,14.0,15276.0,8,1
6823,XML100_3114_22,100,13.0,15828.0,8,1
6824,XML100_3114_23,100,12.0,18300.0,9,1
6825,XML100_3114_24,100,15.0,15354.0,7,1
6826,XML100_3114_25,100,13.0,16179.0,8,1
6827,XML100_3114_26,100,13.0,17213.0,8,1
6828,XML100_3115_01,100,24.0,11800.0,5,1
6829,XML100_3115_02,100,17.0,14197.0,6,1
6830,XML100_3115_03,100,19.0,14192.0,6,1
6831,XML100_3115_04,100,22.0,12374.0,5,1
6832,XML100_3115_05,100,20.0,12358.0,5,1
6833,XML100_3115_06,100,21.0,12465.0,5,1
6834,XML100_3115_07,100,17.0,13523.0,6,1
6835,XML100_3115_08,100,18.0,13536.0,6,1
6836,XML100_3115_09,100,16.0,14698.0,7,1
6837,XML100_3115_10,100,18.0,13538.0,6,1
6838,XML100_3115_11,100,20.0,12691.0,5,1
6839,XML100_3115_12,100,22.0,12060.0,5,1
6840,XML100_3115_13,100,21.0,12011.0,5,1
6841,XML100_3115_14,100,21.0,12270.0,5,1
6842,XML100_3115_15,100,16.0,14948.0,7,1
6843,XML100_3115_16,100,21.0,12483.0,5,1
6844,XML100_3115_17,100,22.0,12964.0,5,1
6845,XML100_3115_18,100,16.0,14713.0,7,1
6846,XML100_3115_19,100,19.0,13572.0,6,1
6847,XML100_3115_20,100,16.0,14279.0,7,1
6848,XML100_3115_21,100,24.0,11402.0,5,1
6849,XML100_3115_22,100,23.0,12094.0,5,1
6850,XML100_3115_23,100,19.0,12855.0,6,1
6851,XML100_3115_24,100,18.0,13650.0,6,1
6852,XML100_3115_25,100,21.0,12821.0,5,1
6853,XML100_3115_26,100,20.0,12368.0,5,1
6854,XML100_3116_01,100,31.0,10531.0,4,1
6855,XML100_3116_02,100,40.0,9905.0,3,1
6856,XML100_3116_03,100,46.0,9629.0,3,1
6857,XML100_3116_04,100,28.0,10840.0,4,1
6858,XML100_3116_05,100,38.0,9722.0,3,1
6859,XML100_3116_06,100,34.0,9849.0,3,1
6860,XML100_3116_07,100,35.0,9836.0,3,1
6861,XML100_3116_08,100,30.0,11006.0,4,1
6862,XML100_3116_09,100,26.0,11415.0,4,1
6863,XML100_3116_10,100,45.0,9174.0,3,1
6864,XML100_3116_11,100,49.0,9297.0,3,1
6865,XML100_3116_12,100,27.0,11191.0,4,1
6866,XML100_3116_13,100,34.0,9740.0,3,1
6867,XML100_3116_14,100,44.0,9460.0,3,1
6868,XML100_3116_15,100,41.0,9660.0,3,1
6869,XML100_3116_16,100,38.0,9888.0,3,1
6870,XML100_3116_17,100,34.0,9555.0,3,1
6871,XML100_3116_18,100,48.0,8930.0,3,1
6872,XML100_3116_19,100,48.0,10016.0,3,1
6873,XML100_3116_20,100,29.0,11247.0,4,1
6874,XML100_3116_21,100,47.0,8934.0,3,1
6875,XML100_3116_22,100,44.0,9315.0,3,1
6876,XML100_3116_23,100,34.0,9709.0,3,1
6877,XML100_3116_24,100,46.0,9586.0,3,1
6878,XML100_3116_25,100,38.0,9524.0,3,1
6879,XML100_3116_26,100,49.0,8987.0,3,1
6880,XML100_3121_01,100,19.0,52870.0,30,1
6881,XML100_3121_02,100,25.0,37903.0,21,1
6882,XML100_3121_03,100,22.0,41502.0,24,1
6883,XML100_3121_04,100,23.0,40007.0,24,1
6884,XML100_3121_05,100,26.0,35188.0,20,1
6885,XML100_3121_06,100,24.0,40557.0,24,1
6886,XML100_3121_07,100,28.0,37704.0,21,1
6887,XML100_3121_08,100,24.0,39380.0,22,1
6888,XML100_3121_09,100,23.0,42422.0,25,1
6889,XML100_3121_10,100,20.0,49156.0,29,1
6890,XML100_3121_11,100,24.0,37254.0,23,1
6891,XML100_3121_12,100,26.0,39377.0,22,1
6892,XML100_3121_13,100,17.0,56877.0,33,1
6893,XML100_3121_14,100,20.0,46204.0,28,1
6894,XML100_3121_15,100,21.0,46140.0,25,1
6895,XML100_3121_16,100,18.0,49112.0,28,1
6896,XML100_3121_17,100,17.0,50103.0,31,1
6897,XML100_3121_18,100,16.0,55866.0,33,1
6898,XML100_3121_19,100,20.0,54074.0,30,1
6899,XML100_3121_20,100,20.0,45828.0,27,1
6900,XML100_3121_21,100,27.0,34991.0,21,1
6901,XML100_3121_22,100,18.0,51595.0,32,1
6902,XML100_3121_23,100,18.0,51335.0,28,1
6903,XML100_3121_24,100,25.0,38693.0,24,1
6904,XML100_3121_25,100,20.0,46653.0,29,1
6905,XML100_3121_26,100,22.0,42596.0,27,1
6906,XML100_3122_01,100,28.0,31539.0,19,1
6907,XML100_3122_02,100,30.0,29534.0,18,1
6908,XML100_3122_03,100,32.0,31806.0,18,1
6909,XML100_3122_04,100,39.0,27270.0,15,1
6910,XML100_3122_05,100,44.0,26000.0,14,1
6911,XML100_3122_06,100,31.0,30714.0,17,1
6912,XML100_3122_07,100,43.0,24447.0,13,1
6913,XML100_3122_08,100,34.0,27791.0,16,1
6914,XML100_3122_09,100,33.0,31084.0,17,1
6915,XML100_3122_10,100,36.0,30506.0,16,1
6916,XML100_3122_11,100,40.0,27889.0,15,1
6917,XML100_3122_12,100,45.0,25531.0,13,1
6918,XML100_3122_13,100,29.0,32793.0,20,1
6919,XML100_3122_14,100,38.0,24630.0,13,1
6920,XML100_3122_15,100,36.0,29975.0,17,1
6921,XML100_3122_16,100,38.0,24273.0,14,1
6922,XML100_3122_17,100,39.0,27488.0,15,1
6923,XML100_3122_18,100,41.0,24317.0,13,1
6924,XML100_3122_19,100,38.0,25232.0,14,1
6925,XML100_3122_20,100,27.0,35792.0,20,1
6926,XML100_3122_21,100,40.0,25270.0,13,1
6927,XML100_3122_22,100,47.0,23557.0,13,1
6928,XML100_3122_23,100,36.0,30761.0,17,1
6929,XML100_3122_24,100,40.0,29312.0,17,1
6930,XML100_3122_25,100,41.0,21935.0,13,1
6931,XML100_3122_26,100,41.0,23574.0,13,1
6932,XML100_3123_01,100,54.0,20370.0,11,1
6933,XML100_3123_02,100,58.0,19659.0,9,1
6934,XML100_3123_03,100,51.0,22506.0,12,1
6935,XML100_3123_04,100,48.0,21174.0,12,1
6936,XML100_3123_05,100,67.0,16794.0,9,1
6937,XML100_3123_06,100,65.0,17485.0,9,1
6938,XML100_3123_07,100,60.0,18410.0,10,1
6939,XML100_3123_08,100,60.0,17983.0,9,1
6940,XML100_3123_09,100,52.0,23018.0,12,1
6941,XML100_3123_10,100,60.0,20304.0,10,1
6942,XML100_3123_11,100,63.0,17620.0,9,1
6943,XML100_3123_12,100,50.0,18945.0,10,1
6944,XML100_3123_13,100,43.0,23905.0,12,1
6945,XML100_3123_14,100,48.0,23616.0,12,1
6946,XML100_3123_15,100,50.0,21264.0,11,1
6947,XML100_3123_16,100,45.0,24084.0,13,1
6948,XML100_3123_17,100,64.0,19154.0,9,1
6949,XML100_3123_18,100,62.0,17562.0,9,1
6950,XML100_3123_19,100,65.0,18417.0,9,1
6951,XML100_3123_20,100,63.0,18067.0,9,1
6952,XML100_3123_21,100,54.0,19322.0,10,1
6953,XML100_3123_22,100,53.0,20929.0,11,1
6954,XML100_3123_23,100,48.0,22090.0,12,1
6955,XML100_3123_24,100,55.0,20779.0,10,1
6956,XML100_3123_25,100,51.0,21894.0,11,1
6957,XML100_3123_26,100,49.0,23671.0,12,1
6958,XML100_3124_01,100,93.0,14873.0,7,1
6959,XML100_3124_02,100,73.0,16377.0,8,1
6960,XML100_3124_03,100,84.0,15352.0,7,1
6961,XML100_3124_04,100,76.0,15551.0,7,1
6962,XML100_3124_05,100,80.0,16377.0,8,1
6963,XML100_3124_06,100,75.0,17107.0,8,1
6964,XML100_3124_07,100,79.0,14837.0,7,1
6965,XML100_3124_08,100,74.0,16157.0,8,1
6966,XML100_3124_09,100,71.0,16305.0,8,1
6967,XML100_3124_10,100,73.0,16935.0,8,1
6968,XML100_3124_11,100,91.0,14356.0,7,1
6969,XML100_3124_12,100,80.0,16175.0,8,1
6970,XML100_3124_13,100,70.0,16566.0,8,1
6971,XML100_3124_14,100,79.0,15443.0,7,1
6972,XML100_3124_15,100,93.0,14525.0,7,1
6973,XML100_3124_16,100,82.0,16091.0,8,1
6974,XML100_3124_17,100,76.0,15175.0,7,1
6975,XML100_3124_18,100,73.0,16129.0,8,1
6976,XML100_3124_19,100,69.0,16238.0,8,1
6977,XML100_3124_20,100,73.0,16223.0,8,1
6978,XML100_3124_21,100,77.0,16631.0,8,1
6979,XML100_3124_22,100,63.0,18143.0,9,1
6980,XML100_3124_23,100,68.0,17444.0,9,1
6981,XML100_3124_24,100,65.0,16199.0,8,1
6982,XML100_3124_25,100,76.0,14724.0,7,1
6983,XML100_3124_26,100,90.0,15235.0,7,1
6984,XML100_3125_01,100,140.0,11729.0,5,1
6985,XML100_3125_02,100,144.0,11164.0,5,1
6986,XML100_3125_03,100,107.0,12727.0,5,1
6987,XML100_3125_04,100,103.0,13231.0,6,1
6988,XML100_3125_05,100,128.0,12167.0,5,1
6989,XML100_3125_06,100,99.0,13334.0,6,1
6990,XML100_3125_07,100,124.0,12661.0,5,1
6991,XML100_3125_08,100,95.0,13541.0,6,1
6992,XML100_3125_09,100,102.0,14169.0,6,1
6993,XML100_3125_10,100,93.0,14143.0,6,1
6994,XML100_3125_11,100,113.0,13189.0,6,1
6995,XML100_3125_12,100,106.0,13535.0,6,1
6996,XML100_3125_13,100,122.0,12201.0,5,1
6997,XML100_3125_14,100,90.0,14639.0,7,1
6998,XML100_3125_15,100,92.0,14781.0,7,1
6999,XML100_3125_16,100,106.0,12728.0,6,1
7000,XML100_3125_17,100,103.0,13746.0,6,1
7001,XML100_3125_18,100,107.0,12169.0,5,1
7002,XML100_3125_19,100,87.0,14358.0,6,1
7003,XML100_3125_20,100,93.0,13990.0,6,1
7004,XML100_3125_21,100,97.0,13836.0,6,1
7005,XML100_3125_22,100,91.0,14438.0,7,1
7006,XML100_3125_23,100,106.0,12685.0,6,1
7007,XML100_3125_24,100,126.0,12219.0,5,1
7008,XML100_3125_25,100,132.0,12035.0,5,1
7009,XML100_3125_26,100,90.0,13872.0,6,1
7010,XML100_3126_01,100,196.0,9852.0,3,1
7011,XML100_3126_02,100,270.0,8962.0,3,1
7012,XML100_3126_03,100,141.0,10550.0,4,1
7013,XML100_3126_04,100,149.0,10538.0,4,1
7014,XML100_3126_05,100,247.0,9840.0,3,1
7015,XML100_3126_06,100,168.0,11013.0,4,1
7016,XML100_3126_07,100,214.0,9804.0,3,1
7017,XML100_3126_08,100,199.0,9703.0,3,1
7018,XML100_3126_09,100,172.0,9886.0,4,1
7019,XML100_3126_10,100,135.0,11056.0,4,1
7020,XML100_3126_11,100,176.0,9813.0,3,1
7021,XML100_3126_12,100,179.0,10015.0,4,1
7022,XML100_3126_13,100,202.0,9729.0,3,1
7023,XML100_3126_14,100,165.0,9395.0,3,1
7024,XML100_3126_15,100,160.0,10760.0,4,1
7025,XML100_3126_16,100,186.0,9647.0,3,1
7026,XML100_3126_17,100,215.0,9825.0,3,1
7027,XML100_3126_18,100,196.0,9782.0,3,1
7028,XML100_3126_19,100,207.0,9399.0,3,1
7029,XML100_3126_20,100,134.0,10998.0,4,1
7030,XML100_3126_21,100,141.0,11231.0,4,1
7031,XML100_3126_22,100,210.0,9570.0,3,1
7032,XML100_3126_23,100,141.0,11261.0,4,1
7033,XML100_3126_24,100,225.0,9294.0,3,1
7034,XML100_3126_25,100,166.0,10503.0,4,1
7035,XML100_3126_26,100,174.0,9751.0,3,1
7036,XML100_3131_01,100,35.0,38071.0,22,1
7037,XML100_3131_02,100,27.0,47511.0,28,1
7038,XML100_3131_03,100,26.0,43808.0,30,1
7039,XML100_3131_04,100,31.0,44260.0,26,1
7040,XML100_3131_05,100,24.0,52056.0,32,1
7041,XML100_3131_06,100,22.0,55911.0,34,1
7042,XML100_3131_07,100,26.0,49199.0,29,1
7043,XML100_3131_08,100,38.0,36525.0,20,1
7044,XML100_3131_09,100,31.0,44365.0,26,1
7045,XML100_3131_10,100,23.0,56565.0,33,1
7046,XML100_3131_11,100,37.0,34743.0,21,1
7047,XML100_3131_12,100,28.0,43273.0,26,1
7048,XML100_3131_13,100,32.0,39840.0,23,1
7049,XML100_3131_14,100,37.0,36035.0,21,1
7050,XML100_3131_15,100,36.0,39562.0,22,1
7051,XML100_3131_16,100,33.0,39804.0,24,1
7052,XML100_3131_17,100,31.0,38601.0,24,1
7053,XML100_3131_18,100,30.0,41797.0,25,1
7054,XML100_3131_19,100,27.0,47673.0,28,1
7055,XML100_3131_20,100,26.0,50197.0,30,1
7056,XML100_3131_21,100,31.0,44777.0,26,1
7057,XML100_3131_22,100,26.0,51123.0,30,1
7058,XML100_3131_23,100,32.0,42068.0,24,1
7059,XML100_3131_24,100,23.0,55839.0,33,1
7060,XML100_3131_25,100,26.0,50171.0,29,1
7061,XML100_3131_26,100,24.0,54539.0,32,1
7062,XML100_3132_01,100,41.0,37391.0,20,1
7063,XML100_3132_02,100,45.0,30252.0,17,1
7064,XML100_3132_03,100,52.0,27356.0,15,1
7065,XML100_3132_04,100,50.0,26126.0,15,1
7066,XML100_3132_05,100,44.0,33066.0,18,1
7067,XML100_3132_06,100,42.0,31490.0,18,1
7068,XML100_3132_07,100,57.0,24051.0,13,1
7069,XML100_3132_08,100,56.0,25835.0,14,1
7070,XML100_3132_09,100,60.0,22473.0,13,1
7071,XML100_3132_10,100,49.0,28420.0,15,1
7072,XML100_3132_11,100,55.0,25844.0,15,1
7073,XML100_3132_12,100,41.0,34938.0,19,1
7074,XML100_3132_13,100,56.0,26853.0,14,1
7075,XML100_3132_14,100,53.0,26516.0,15,1
7076,XML100_3132_15,100,56.0,26144.0,14,1
7077,XML100_3132_16,100,49.0,28163.0,15,1
7078,XML100_3132_17,100,43.0,33172.0,18,1
7079,XML100_3132_18,100,56.0,25258.0,14,1
7080,XML100_3132_19,100,50.0,28201.0,15,1
7081,XML100_3132_20,100,42.0,31897.0,18,1
7082,XML100_3132_21,100,47.0,29303.0,17,1
7083,XML100_3132_22,100,52.0,28283.0,14,1
7084,XML100_3132_23,100,52.0,27369.0,14,1
7085,XML100_3132_24,100,55.0,25191.0,14,1
7086,XML100_3132_25,100,58.0,25279.0,13,1
7087,XML100_3132_26,100,47.0,30094.0,16,1
7088,XML100_3133_01,100,85.0,18272.0,9,1
7089,XML100_3133_02,100,87.0,18243.0,9,1
7090,XML100_3133_03,100,72.0,21558.0,11,1
7091,XML100_3133_04,100,80.0,19410.0,10,1
7092,XML100_3133_05,100,66.0,21829.0,12,1
7093,XML100_3133_06,100,64.0,23101.0,12,1
7094,XML100_3133_07,100,75.0,20907.0,11,1
7095,XML100_3133_08,100,82.0,18671.0,9,1
7096,XML100_3133_09,100,64.0,23292.0,12,1
7097,XML100_3133_10,100,61.0,23312.0,13,1
7098,XML100_3133_11,100,76.0,21940.0,11,1
7099,XML100_3133_12,100,88.0,18602.0,9,1
7100,XML100_3133_13,100,78.0,19683.0,10,1
7101,XML100_3133_14,100,90.0,18636.0,9,1
7102,XML100_3133_15,100,89.0,18684.0,9,1
7103,XML100_3133_16,100,92.0,18196.0,9,1
7104,XML100_3133_17,100,80.0,20422.0,10,1
7105,XML100_3133_18,100,90.0,18364.0,9,1
7106,XML100_3133_19,100,70.0,20585.0,11,1
7107,XML100_3133_20,100,72.0,21914.0,11,1
7108,XML100_3133_21,100,82.0,18297.0,10,1
7109,XML100_3133_22,100,83.0,18932.0,9,1
7110,XML100_3133_23,100,78.0,20319.0,10,1
7111,XML100_3133_24,100,76.0,19411.0,10,1
7112,XML100_3133_25,100,72.0,19989.0,11,1
7113,XML100_3133_26,100,64.0,21161.0,12,1
7114,XML100_3134_01,100,115.0,14799.0,7,1
7115,XML100_3134_02,100,116.0,15158.0,7,1
7116,XML100_3134_03,100,126.0,14797.0,7,1
7117,XML100_3134_04,100,112.0,14973.0,7,1
7118,XML100_3134_05,100,104.0,16143.0,8,1
7119,XML100_3134_06,100,96.0,17262.0,8,1
7120,XML100_3134_07,100,95.0,17144.0,8,1
7121,XML100_3134_08,100,116.0,16149.0,7,1
7122,XML100_3134_09,100,120.0,14823.0,7,1
7123,XML100_3134_10,100,109.0,16457.0,8,1
7124,XML100_3134_11,100,91.0,18249.0,9,1
7125,XML100_3134_12,100,112.0,15135.0,7,1
7126,XML100_3134_13,100,94.0,17308.0,9,1
7127,XML100_3134_14,100,100.0,16457.0,8,1
7128,XML100_3134_15,100,112.0,14906.0,7,1
7129,XML100_3134_16,100,94.0,17592.0,9,1
7130,XML100_3134_17,100,102.0,16864.0,8,1
7131,XML100_3134_18,100,108.0,15924.0,7,1
7132,XML100_3134_19,100,114.0,15337.0,7,1
7133,XML100_3134_20,100,109.0,15568.0,7,1
7134,XML100_3134_21,100,96.0,16801.0,8,1
7135,XML100_3134_22,100,119.0,15028.0,7,1
7136,XML100_3134_23,100,92.0,18511.0,9,1
7137,XML100_3134_24,100,95.0,18100.0,9,1
7138,XML100_3134_25,100,103.0,15614.0,8,1
7139,XML100_3134_26,100,100.0,16528.0,8,1
7140,XML100_3135_01,100,170.0,12320.0,5,1
7141,XML100_3135_02,100,120.0,14342.0,7,1
7142,XML100_3135_03,100,154.0,12719.0,5,1
7143,XML100_3135_04,100,133.0,14304.0,6,1
7144,XML100_3135_05,100,140.0,13627.0,6,1
7145,XML100_3135_06,100,159.0,12522.0,5,1
7146,XML100_3135_07,100,140.0,13664.0,6,1
7147,XML100_3135_08,100,143.0,13206.0,6,1
7148,XML100_3135_09,100,127.0,13486.0,6,1
7149,XML100_3135_10,100,170.0,12286.0,5,1
7150,XML100_3135_11,100,122.0,15009.0,7,1
7151,XML100_3135_12,100,157.0,12571.0,5,1
7152,XML100_3135_13,100,146.0,12371.0,5,1
7153,XML100_3135_14,100,152.0,12383.0,5,1
7154,XML100_3135_15,100,182.0,11657.0,5,1
7155,XML100_3135_16,100,142.0,13494.0,6,1
7156,XML100_3135_17,100,181.0,11282.0,5,1
7157,XML100_3135_18,100,127.0,13787.0,6,1
7158,XML100_3135_19,100,130.0,13192.0,6,1
7159,XML100_3135_20,100,123.0,15814.0,7,1
7160,XML100_3135_21,100,183.0,11865.0,5,1
7161,XML100_3135_22,100,139.0,13770.0,6,1
7162,XML100_3135_23,100,175.0,11558.0,5,1
7163,XML100_3135_24,100,151.0,12390.0,6,1
7164,XML100_3135_25,100,173.0,11747.0,5,1
7165,XML100_3135_26,100,194.0,11558.0,5,1
7166,XML100_3136_01,100,325.0,9287.0,3,1
7167,XML100_3136_02,100,258.0,9424.0,3,1
7168,XML100_3136_03,100,345.0,9398.0,3,1
7169,XML100_3136_04,100,238.0,10679.0,4,1
7170,XML100_3136_05,100,275.0,9683.0,3,1
7171,XML100_3136_06,100,330.0,9195.0,3,1
7172,XML100_3136_07,100,217.0,11203.0,4,1
7173,XML100_3136_08,100,283.0,9622.0,3,1
7174,XML100_3136_09,100,312.0,9851.0,3,1
7175,XML100_3136_10,100,198.0,10764.0,4,1
7176,XML100_3136_11,100,215.0,11028.0,4,1
7177,XML100_3136_12,100,210.0,10636.0,4,1
7178,XML100_3136_13,100,258.0,9990.0,3,1
7179,XML100_3136_14,100,306.0,9103.0,3,1
7180,XML100_3136_15,100,328.0,9625.0,3,1
7181,XML100_3136_16,100,327.0,9601.0,3,1
7182,XML100_3136_17,100,271.0,9888.0,3,1
7183,XML100_3136_18,100,362.0,9615.0,3,1
7184,XML100_3136_19,100,286.0,9542.0,3,1
7185,XML100_3136_20,100,317.0,9416.0,3,1
7186,XML100_3136_21,100,359.0,8608.0,3,1
7187,XML100_3136_22,100,321.0,9446.0,3,1
7188,XML100_3136_23,100,362.0,9264.0,3,1
7189,XML100_3136_24,100,283.0,9603.0,3,1
7190,XML100_3136_25,100,275.0,9990.0,3,1
7191,XML100_3136_26,100,203.0,10941.0,4,1
7192,XML100_3141_01,100,154.0,55378.0,34,0
7193,XML100_3141_02,100,187.0,47431.0,29,1
7194,XML100_3141_03,100,241.0,38775.0,23,1
7195,XML100_3141_04,100,182.0,48652.0,29,1
7196,XML100_3141_05,100,203.0,44476.0,25,1
7197,XML100_3141_06,100,180.0,46438.0,29,1
7198,XML100_3141_07,100,281.0,34899.0,21,1
7199,XML100_3141_08,100,231.0,37998.0,22,1
7200,XML100_3141_09,100,155.0,55752.0,34,1
7201,XML100_3141_10,100,226.0,34633.0,21,0
7202,XML100_3141_11,100,197.0,46378.0,27,1
7203,XML100_3141_12,100,217.0,44115.0,26,1
7204,XML100_3141_13,100,210.0,41396.0,23,1
7205,XML100_3141_14,100,219.0,39151.0,23,1
7206,XML100_3141_15,100,191.0,45447.0,27,1
7207,XML100_3141_16,100,199.0,44953.0,26,1
7208,XML100_3141_17,100,274.0,36586.0,22,1
7209,XML100_3141_18,100,186.0,47509.0,27,1
7210,XML100_3141_19,100,235.0,39812.0,24,1
7211,XML100_3141_20,100,201.0,45240.0,26,0
7212,XML100_3141_21,100,169.0,55926.0,31,1
7213,XML100_3141_22,100,170.0,50530.0,28,1
7214,XML100_3141_23,100,222.0,41554.0,24,1
7215,XML100_3141_24,100,184.0,46631.0,29,1
7216,XML100_3141_25,100,221.0,36954.0,21,1
7217,XML100_3141_26,100,206.0,46203.0,27,1
7218,XML100_3142_01,100,302.0,30272.0,17,1
7219,XML100_3142_02,100,270.0,33129.0,19,1
7220,XML100_3142_03,100,280.0,32705.0,18,1
7221,XML100_3142_04,100,288.0,31301.0,16,1
7222,XML100_3142_05,100,261.0,33901.0,19,1
7223,XML100_3142_06,100,310.0,30370.0,17,1
7224,XML100_3142_07,100,355.0,27828.0,16,1
7225,XML100_3142_08,100,281.0,31830.0,18,1
7226,XML100_3142_09,100,357.0,29492.0,16,1
7227,XML100_3142_10,100,313.0,30349.0,18,1
7228,XML100_3142_11,100,335.0,26796.0,15,1
7229,XML100_3142_12,100,332.0,29985.0,16,1
7230,XML100_3142_13,100,288.0,31786.0,18,1
7231,XML100_3142_14,100,306.0,32202.0,19,1
7232,XML100_3142_15,100,339.0,30547.0,17,1
7233,XML100_3142_16,100,316.0,31981.0,17,1
7234,XML100_3142_17,100,227.0,32513.0,20,1
7235,XML100_3142_18,100,284.0,33656.0,19,1
7236,XML100_3142_19,100,335.0,27605.0,15,1
7237,XML100_3142_20,100,290.0,29579.0,16,1
7238,XML100_3142_21,100,272.0,34771.0,19,1
7239,XML100_3142_22,100,383.0,24660.0,14,1
7240,XML100_3142_23,100,321.0,30028.0,17,1
7241,XML100_3142_24,100,353.0,26196.0,15,1
7242,XML100_3142_25,100,261.0,34481.0,19,1
7243,XML100_3142_26,100,393.0,23844.0,13,1
7244,XML100_3143_01,100,436.0,23578.0,12,1
7245,XML100_3143_02,100,481.0,22755.0,12,1
7246,XML100_3143_03,100,400.0,23618.0,12,1
7247,XML100_3143_04,100,499.0,20989.0,10,1
7248,XML100_3143_05,100,611.0,18034.0,9,1
7249,XML100_3143_06,100,440.0,21469.0,11,1
7250,XML100_3143_07,100,472.0,21903.0,11,1
7251,XML100_3143_08,100,412.0,21618.0,11,1
7252,XML100_3143_09,100,398.0,22818.0,12,1
7253,XML100_3143_10,100,421.0,22828.0,13,1
7254,XML100_3143_11,100,570.0,20161.0,10,1
7255,XML100_3143_12,100,399.0,23506.0,13,1
7256,XML100_3143_13,100,397.0,24823.0,13,1
7257,XML100_3143_14,100,620.0,17414.0,9,1
7258,XML100_3143_15,100,432.0,24404.0,13,1
7259,XML100_3143_16,100,465.0,19178.0,11,1
7260,XML100_3143_17,100,553.0,19820.0,10,1
7261,XML100_3143_18,100,461.0,19852.0,10,1
7262,XML100_3143_19,100,571.0,16708.0,9,1
7263,XML100_3143_20,100,449.0,21654.0,11,1
7264,XML100_3143_21,100,461.0,19908.0,11,1
7265,XML100_3143_22,100,550.0,17913.0,9,1
7266,XML100_3143_23,100,417.0,22331.0,12,1
7267,XML100_3143_24,100,445.0,22724.0,12,1
7268,XML100_3143_25,100,438.0,22428.0,12,1
7269,XML100_3143_26,100,458.0,21366.0,11,1
7270,XML100_3144_01,100,719.0,14659.0,7,1
7271,XML100_3144_02,100,790.0,15798.0,7,1
7272,XML100_3144_03,100,693.0,16350.0,8,1
7273,XML100_3144_04,100,580.0,17906.0,9,1
7274,XML100_3144_05,100,665.0,16239.0,8,1
7275,XML100_3144_06,100,698.0,15054.0,7,1
7276,XML100_3144_07,100,660.0,15863.0,8,1
7277,XML100_3144_08,100,791.0,16040.0,7,1
7278,XML100_3144_09,100,784.0,15310.0,7,1
7279,XML100_3144_10,100,673.0,17142.0,9,1
7280,XML100_3144_11,100,574.0,16760.0,8,1
7281,XML100_3144_12,100,703.0,16169.0,8,1
7282,XML100_3144_13,100,671.0,17578.0,8,1
7283,XML100_3144_14,100,677.0,16930.0,8,1
7284,XML100_3144_15,100,650.0,16580.0,9,1
7285,XML100_3144_16,100,773.0,14556.0,7,1
7286,XML100_3144_17,100,833.0,14928.0,7,1
7287,XML100_3144_18,100,789.0,15430.0,7,1
7288,XML100_3144_19,100,807.0,14922.0,7,1
7289,XML100_3144_20,100,668.0,16538.0,8,1
7290,XML100_3144_21,100,651.0,15677.0,8,1
7291,XML100_3144_22,100,612.0,16789.0,9,1
7292,XML100_3144_23,100,675.0,15473.0,7,1
7293,XML100_3144_24,100,699.0,16247.0,8,1
7294,XML100_3144_25,100,695.0,15132.0,7,1
7295,XML100_3144_26,100,834.0,14747.0,7,1
7296,XML100_3145_01,100,932.0,13638.0,6,1
7297,XML100_3145_02,100,937.0,13112.0,6,1
7298,XML100_3145_03,100,793.0,13883.0,6,1
7299,XML100_3145_04,100,1071.0,12657.0,5,1
7300,XML100_3145_05,100,954.0,13424.0,6,1
7301,XML100_3145_06,100,1042.0,12142.0,5,1
7302,XML100_3145_07,100,947.0,13994.0,6,1
7303,XML100_3145_08,100,1066.0,12002.0,5,1
7304,XML100_3145_09,100,1160.0,11510.0,5,1
7305,XML100_3145_10,100,1327.0,11406.0,5,1
7306,XML100_3145_11,100,889.0,13794.0,7,1
7307,XML100_3145_12,100,932.0,12860.0,6,1
7308,XML100_3145_13,100,1229.0,11149.0,5,1
7309,XML100_3145_14,100,1033.0,13186.0,6,1
7310,XML100_3145_15,100,947.0,13565.0,6,1
7311,XML100_3145_16,100,870.0,15460.0,7,1
7312,XML100_3145_17,100,1154.0,11876.0,5,1
7313,XML100_3145_18,100,958.0,13994.0,6,1
7314,XML100_3145_19,100,1074.0,12402.0,5,1
7315,XML100_3145_20,100,1015.0,13507.0,6,1
7316,XML100_3145_21,100,1162.0,11761.0,5,1
7317,XML100_3145_22,100,1185.0,12509.0,5,1
7318,XML100_3145_23,100,1159.0,11760.0,5,1
7319,XML100_3145_24,100,961.0,12642.0,5,1
7320,XML100_3145_25,100,1325.0,11757.0,5,1
7321,XML100_3145_26,100,956.0,13166.0,6,1
7322,XML100_3146_01,100,1782.0,9326.0,3,1
7323,XML100_3146_02,100,2229.0,9841.0,3,1
7324,XML100_3146_03,100,2279.0,8962.0,3,1
7325,XML100_3146_04,100,1572.0,10440.0,4,1
7326,XML100_3146_05,100,1911.0,10107.0,3,1
7327,XML100_3146_06,100,2475.0,9358.0,3,1
7328,XML100_3146_07,100,1914.0,9929.0,3,1
7329,XML100_3146_08,100,1801.0,9436.0,3,1
7330,XML100_3146_09,100,1699.0,9263.0,3,1
7331,XML100_3146_10,100,1241.0,10970.0,4,1
7332,XML100_3146_11,100,1770.0,10478.0,4,1
7333,XML100_3146_12,100,1319.0,11226.0,4,1
7334,XML100_3146_13,100,1157.0,11352.0,4,1
7335,XML100_3146_14,100,2347.0,9232.0,3,1
7336,XML100_3146_15,100,2274.0,9872.0,3,1
7337,XML100_3146_16,100,2186.0,9426.0,3,1
7338,XML100_3146_17,100,1905.0,9649.0,3,1
7339,XML100_3146_18,100,1242.0,10930.0,4,1
7340,XML100_3146_19,100,1917.0,9543.0,3,1
7341,XML100_3146_20,100,1991.0,9040.0,3,1
7342,XML100_3146_21,100,1820.0,10042.0,3,1
7343,XML100_3146_22,100,2390.0,9391.0,3,1
7344,XML100_3146_23,100,1785.0,9958.0,3,1
7345,XML100_3146_24,100,2009.0,9106.0,3,1
7346,XML100_3146_25,100,2155.0,9348.0,3,1
7347,XML100_3146_26,100,2179.0,9688.0,3,1
7348,XML100_3151_01,100,262.0,52747.0,31,1
7349,XML100_3151_02,100,289.0,44383.0,27,1
7350,XML100_3151_03,100,327.0,41584.0,24,1
7351,XML100_3151_04,100,299.0,42493.0,26,1
7352,XML100_3151_05,100,339.0,39202.0,22,1
7353,XML100_3151_06,100,278.0,46176.0,27,1
7354,XML100_3151_07,100,268.0,48523.0,28,1
7355,XML100_3151_08,100,376.0,36891.0,21,1
7356,XML100_3151_09,100,238.0,55987.0,33,1
7357,XML100_3151_10,100,373.0,36337.0,21,1
7358,XML100_3151_11,100,317.0,42874.0,25,1
7359,XML100_3151_12,100,357.0,37367.0,22,1
7360,XML100_3151_13,100,237.0,55715.0,32,1
7361,XML100_3151_14,100,365.0,33967.0,22,1
7362,XML100_3151_15,100,299.0,44207.0,26,1
7363,XML100_3151_16,100,355.0,39850.0,22,1
7364,XML100_3151_17,100,288.0,45609.0,27,1
7365,XML100_3151_18,100,294.0,44096.0,26,1
7366,XML100_3151_19,100,363.0,39137.0,21,1
7367,XML100_3151_20,100,296.0,42690.0,25,1
7368,XML100_3151_21,100,357.0,37843.0,21,1
7369,XML100_3151_22,100,293.0,42327.0,26,1
7370,XML100_3151_23,100,369.0,36801.0,21,1
7371,XML100_3151_24,100,235.0,57121.0,32,1
7372,XML100_3151_25,100,300.0,41941.0,25,1
7373,XML100_3151_26,100,279.0,51105.0,28,1
7374,XML100_3152_01,100,405.0,35606.0,19,1
7375,XML100_3152_02,100,588.0,23437.0,13,1
7376,XML100_3152_03,100,395.0,34469.0,20,1
7377,XML100_3152_04,100,580.0,25895.0,14,1
7378,XML100_3152_05,100,468.0,30046.0,16,1
7379,XML100_3152_06,100,445.0,32770.0,18,1
7380,XML100_3152_07,100,546.0,27895.0,15,1
7381,XML100_3152_08,100,509.0,27156.0,15,1
7382,XML100_3152_09,100,379.0,35683.0,20,1
7383,XML100_3152_10,100,491.0,27792.0,16,1
7384,XML100_3152_11,100,475.0,30721.0,16,1
7385,XML100_3152_12,100,598.0,24820.0,13,1
7386,XML100_3152_13,100,407.0,34149.0,19,1
7387,XML100_3152_14,100,427.0,34241.0,19,1
7388,XML100_3152_15,100,398.0,34728.0,20,1
7389,XML100_3152_16,100,455.0,31288.0,17,1
7390,XML100_3152_17,100,453.0,33066.0,17,1
7391,XML100_3152_18,100,531.0,26100.0,15,1
7392,XML100_3152_19,100,433.0,31633.0,18,1
7393,XML100_3152_20,100,556.0,27691.0,14,1
7394,XML100_3152_21,100,453.0,29484.0,17,1
7395,XML100_3152_22,100,593.0,24695.0,14,1
7396,XML100_3152_23,100,362.0,35406.0,21,1
7397,XML100_3152_24,100,418.0,35667.0,19,1
7398,XML100_3152_25,100,468.0,30682.0,17,1
7399,XML100_3152_26,100,441.0,30651.0,18,1
7400,XML100_3153_01,100,684.0,21516.0,11,1
7401,XML100_3153_02,100,630.0,23319.0,12,1
7402,XML100_3153_03,100,871.0,18389.0,9,1
7403,XML100_3153_04,100,777.0,18717.0,10,1
7404,XML100_3153_05,100,783.0,18988.0,10,1
7405,XML100_3153_06,100,858.0,19517.0,9,1
7406,XML100_3153_07,100,862.0,19188.0,9,1
7407,XML100_3153_08,100,665.0,22911.0,12,1
7408,XML100_3153_09,100,661.0,21192.0,12,1
7409,XML100_3153_10,100,765.0,21869.0,11,1
7410,XML100_3153_11,100,814.0,19320.0,10,1
7411,XML100_3153_12,100,789.0,18624.0,10,1
7412,XML100_3153_13,100,734.0,20316.0,11,1
7413,XML100_3153_14,100,837.0,18729.0,10,1
7414,XML100_3153_15,100,664.0,23099.0,12,1
7415,XML100_3153_16,100,805.0,19411.0,10,1
7416,XML100_3153_17,100,799.0,20503.0,10,1
7417,XML100_3153_18,100,618.0,23923.0,13,1
7418,XML100_3153_19,100,660.0,22885.0,12,1
7419,XML100_3153_20,100,755.0,20599.0,11,1
7420,XML100_3153_21,100,770.0,20377.0,10,1
7421,XML100_3153_22,100,696.0,21230.0,11,1
7422,XML100_3153_23,100,773.0,18981.0,10,1
7423,XML100_3153_24,100,634.0,24059.0,13,1
7424,XML100_3153_25,100,858.0,18881.0,9,1
7425,XML100_3153_26,100,631.0,24065.0,12,1
7426,XML100_3154_01,100,1148.0,14761.0,7,1
7427,XML100_3154_02,100,1009.0,16951.0,8,1
7428,XML100_3154_03,100,965.0,17229.0,9,1
7429,XML100_3154_04,100,1153.0,14134.0,7,1
7430,XML100_3154_05,100,1135.0,15182.0,7,1
7431,XML100_3154_06,100,1111.0,15423.0,7,1
7432,XML100_3154_07,100,1071.0,15896.0,7,1
7433,XML100_3154_08,100,1081.0,15078.0,7,1
7434,XML100_3154_09,100,1197.0,15229.0,7,1
7435,XML100_3154_10,100,1145.0,15137.0,7,1
7436,XML100_3154_11,100,996.0,16258.0,8,1
7437,XML100_3154_12,100,1131.0,15672.0,7,1
7438,XML100_3154_13,100,1084.0,15505.0,7,1
7439,XML100_3154_14,100,1000.0,16800.0,8,1
7440,XML100_3154_15,100,1036.0,16017.0,8,1
7441,XML100_3154_16,100,922.0,17608.0,9,1
7442,XML100_3154_17,100,1019.0,16658.0,8,1
7443,XML100_3154_18,100,1200.0,13944.0,7,1
7444,XML100_3154_19,100,967.0,17133.0,8,1
7445,XML100_3154_20,100,1115.0,15535.0,7,1
7446,XML100_3154_21,100,987.0,16678.0,8,1
7447,XML100_3154_22,100,952.0,16528.0,8,1
7448,XML100_3154_23,100,1046.0,16038.0,8,1
7449,XML100_3154_24,100,915.0,16637.0,9,1
7450,XML100_3154_25,100,1094.0,15929.0,7,1
7451,XML100_3154_26,100,909.0,17471.0,9,1
7452,XML100_3155_01,100,1529.0,12536.0,5,1
7453,XML100_3155_02,100,1707.0,12090.0,5,1
7454,XML100_3155_03,100,1740.0,11727.0,5,1
7455,XML100_3155_04,100,1160.0,15248.0,7,1
7456,XML100_3155_05,100,1226.0,14378.0,7,1
7457,XML100_3155_06,100,1749.0,12651.0,5,1
7458,XML100_3155_07,100,1318.0,13666.0,6,1
7459,XML100_3155_08,100,1492.0,12405.0,5,1
7460,XML100_3155_09,100,1253.0,13152.0,6,1
7461,XML100_3155_10,100,1370.0,13962.0,6,1
7462,XML100_3155_11,100,1518.0,12508.0,5,1
7463,XML100_3155_12,100,1674.0,12514.0,5,1
7464,XML100_3155_13,100,1395.0,13046.0,6,1
7465,XML100_3155_14,100,1820.0,11469.0,5,1
7466,XML100_3155_15,100,1324.0,13584.0,6,1
7467,XML100_3155_16,100,1525.0,13069.0,5,1
7468,XML100_3155_17,100,1711.0,11772.0,5,1
7469,XML100_3155_18,100,1508.0,12891.0,5,1
7470,XML100_3155_19,100,1730.0,11880.0,5,1
7471,XML100_3155_20,100,1573.0,12165.0,5,1
7472,XML100_3155_21,100,1212.0,14415.0,6,1
7473,XML100_3155_22,100,1508.0,13057.0,5,1
7474,XML100_3155_23,100,1481.0,12570.0,6,1
7475,XML100_3155_24,100,1442.0,13359.0,6,1
7476,XML100_3155_25,100,1846.0,11166.0,5,1
7477,XML100_3155_26,100,1678.0,11939.0,5,1
7478,XML100_3156_01,100,3777.0,8878.0,3,1
7479,XML100_3156_02,100,3128.0,9250.0,3,1
7480,XML100_3156_03,100,2487.0,9909.0,4,1
7481,XML100_3156_04,100,2969.0,9591.0,3,1
7482,XML100_3156_05,100,2362.0,10260.0,4,1
7483,XML100_3156_06,100,2315.0,10713.0,4,1
7484,XML100_3156_07,100,3375.0,9532.0,3,1
7485,XML100_3156_08,100,2748.0,9343.0,3,1
7486,XML100_3156_09,100,2732.0,9689.0,3,1
7487,XML100_3156_10,100,3702.0,8675.0,3,1
7488,XML100_3156_11,100,2846.0,9466.0,3,1
7489,XML100_3156_12,100,3692.0,9174.0,3,1
7490,XML100_3156_13,100,1971.0,10516.0,4,1
7491,XML100_3156_14,100,3389.0,9329.0,3,1
7492,XML100_3156_15,100,3385.0,9384.0,3,1
7493,XML100_3156_16,100,3005.0,9635.0,3,1
7494,XML100_3156_17,100,2013.0,11091.0,4,1
7495,XML100_3156_18,100,2691.0,9724.0,3,1
7496,XML100_3156_19,100,3057.0,9372.0,3,1
7497,XML100_3156_20,100,2161.0,11020.0,4,1
7498,XML100_3156_21,100,3341.0,9680.0,3,1
7499,XML100_3156_22,100,3304.0,9233.0,3,1
7500,XML100_3156_23,100,3270.0,9583.0,3,1
7501,XML100_3156_24,100,2152.0,10433.0,4,1
7502,XML100_3156_25,100,3248.0,9447.0,3,1
7503,XML100_3156_26,100,2570.0,9390.0,3,1
7504,XML100_3161_01,100,214.0,41240.0,26,1
7505,XML100_3161_02,100,243.0,37460.0,22,1
7506,XML100_3161_03,100,167.0,49609.0,28,1
7507,XML100_3161_04,100,210.0,46563.0,25,1
7508,XML100_3161_05,100,216.0,43251.0,26,1
7509,XML100_3161_06,100,246.0,35732.0,21,1
7510,XML100_3161_07,100,232.0,40166.0,23,1
7511,XML100_3161_08,100,232.0,37591.0,21,1
7512,XML100_3161_09,100,249.0,38010.0,21,1
7513,XML100_3161_10,100,171.0,52362.0,32,1
7514,XML100_3161_11,100,164.0,51629.0,32,1
7515,XML100_3161_12,100,241.0,38401.0,22,1
7516,XML100_3161_13,100,214.0,37497.0,22,1
7517,XML100_3161_14,100,177.0,52139.0,30,1
7518,XML100_3161_15,100,182.0,48978.0,28,1
7519,XML100_3161_16,100,226.0,41044.0,24,1
7520,XML100_3161_17,100,251.0,33886.0,21,1
7521,XML100_3161_18,100,160.0,55489.0,33,1
7522,XML100_3161_19,100,210.0,36811.0,25,1
7523,XML100_3161_20,100,222.0,41075.0,23,1
7524,XML100_3161_21,100,186.0,44958.0,28,1
7525,XML100_3161_22,100,232.0,40287.0,23,1
7526,XML100_3161_23,100,175.0,45170.0,31,1
7527,XML100_3161_24,100,172.0,48930.0,30,1
7528,XML100_3161_25,100,248.0,39287.0,22,1
7529,XML100_3161_26,100,197.0,46736.0,28,1
7530,XML100_3162_01,100,289.0,27736.0,18,1
7531,XML100_3162_02,100,247.0,35730.0,20,1
7532,XML100_3162_03,100,260.0,35185.0,20,1
7533,XML100_3162_04,100,347.0,25077.0,15,1
7534,XML100_3162_05,100,346.0,27956.0,15,1
7535,XML100_3162_06,100,374.0,23732.0,14,1
7536,XML100_3162_07,100,259.0,35887.0,20,1
7537,XML100_3162_08,100,360.0,27471.0,15,1
7538,XML100_3162_09,100,358.0,24928.0,14,1
7539,XML100_3162_10,100,284.0,28626.0,17,1
7540,XML100_3162_11,100,273.0,31993.0,20,1
7541,XML100_3162_12,100,321.0,24454.0,14,1
7542,XML100_3162_13,100,332.0,29321.0,17,1
7543,XML100_3162_14,100,270.0,31845.0,18,1
7544,XML100_3162_15,100,330.0,30319.0,18,1
7545,XML100_3162_16,100,251.0,32704.0,19,1
7546,XML100_3162_17,100,276.0,32331.0,19,1
7547,XML100_3162_18,100,427.0,24931.0,13,1
7548,XML100_3162_19,100,328.0,25595.0,15,1
7549,XML100_3162_20,100,330.0,25494.0,17,1
7550,XML100_3162_21,100,319.0,27628.0,17,1
7551,XML100_3162_22,100,251.0,33609.0,20,1
7552,XML100_3162_23,100,327.0,30738.0,18,1
7553,XML100_3162_24,100,246.0,31486.0,20,1
7554,XML100_3162_25,100,396.0,25632.0,14,1
7555,XML100_3162_26,100,279.0,33206.0,19,1
7556,XML100_3163_01,100,445.0,21143.0,13,1
7557,XML100_3163_02,100,561.0,19122.0,10,1
7558,XML100_3163_03,100,409.0,25835.0,13,1
7559,XML100_3163_04,100,483.0,19068.0,11,1
7560,XML100_3163_05,100,463.0,20261.0,11,1
7561,XML100_3163_06,100,465.0,21714.0,11,1
7562,XML100_3163_07,100,520.0,19137.0,10,1
7563,XML100_3163_08,100,582.0,18862.0,9,1
7564,XML100_3163_09,100,466.0,22886.0,12,1
7565,XML100_3163_10,100,458.0,21257.0,11,1
7566,XML100_3163_11,100,587.0,17690.0,9,1
7567,XML100_3163_12,100,568.0,18320.0,9,1
7568,XML100_3163_13,100,608.0,19157.0,9,1
7569,XML100_3163_14,100,571.0,19288.0,10,1
7570,XML100_3163_15,100,486.0,21797.0,11,1
7571,XML100_3163_16,100,488.0,20218.0,10,1
7572,XML100_3163_17,100,415.0,24612.0,13,1
7573,XML100_3163_18,100,611.0,16610.0,9,1
7574,XML100_3163_19,100,393.0,22722.0,13,1
7575,XML100_3163_20,100,457.0,21902.0,12,1
7576,XML100_3163_21,100,504.0,21144.0,11,1
7577,XML100_3163_22,100,520.0,19546.0,10,1
7578,XML100_3163_23,100,611.0,18000.0,9,1
7579,XML100_3163_24,100,434.0,21754.0,12,1
7580,XML100_3163_25,100,445.0,19968.0,11,1
7581,XML100_3163_26,100,605.0,18898.0,9,1
7582,XML100_3164_01,100,614.0,16061.0,8,1
7583,XML100_3164_02,100,729.0,14835.0,7,1
7584,XML100_3164_03,100,634.0,16798.0,8,1
7585,XML100_3164_04,100,709.0,16398.0,8,1
7586,XML100_3164_05,100,765.0,15096.0,8,1
7587,XML100_3164_06,100,780.0,15456.0,7,1
7588,XML100_3164_07,100,701.0,15575.0,7,1
7589,XML100_3164_08,100,790.0,14700.0,7,1
7590,XML100_3164_09,100,654.0,15722.0,8,1
7591,XML100_3164_10,100,543.0,18563.0,9,1
7592,XML100_3164_11,100,653.0,15976.0,8,1
7593,XML100_3164_12,100,609.0,17487.0,9,1
7594,XML100_3164_13,100,616.0,17090.0,8,1
7595,XML100_3164_14,100,723.0,15982.0,7,1
7596,XML100_3164_15,100,688.0,16574.0,8,1
7597,XML100_3164_16,100,763.0,15412.0,8,1
7598,XML100_3164_17,100,733.0,14783.0,7,1
7599,XML100_3164_18,100,674.0,14879.0,7,1
7600,XML100_3164_19,100,634.0,17303.0,8,1
7601,XML100_3164_20,100,768.0,14817.0,7,1
7602,XML100_3164_21,100,755.0,14260.0,7,1
7603,XML100_3164_22,100,599.0,17277.0,8,1
7604,XML100_3164_23,100,740.0,15936.0,7,1
7605,XML100_3164_24,100,608.0,16068.0,9,1
7606,XML100_3164_25,100,671.0,15983.0,8,1
7607,XML100_3164_26,100,661.0,16244.0,9,1
7608,XML100_3165_01,100,1190.0,11789.0,5,1
7609,XML100_3165_02,100,1046.0,11676.0,5,1
7610,XML100_3165_03,100,1174.0,11726.0,5,1
7611,XML100_3165_04,100,881.0,13805.0,6,1
7612,XML100_3165_05,100,939.0,12927.0,6,1
7613,XML100_3165_06,100,1008.0,13030.0,5,1
7614,XML100_3165_07,100,1173.0,11715.0,5,1
7615,XML100_3165_08,100,1201.0,11667.0,5,1
7616,XML100_3165_09,100,1149.0,12600.0,5,1
7617,XML100_3165_10,100,1183.0,12162.0,5,1
7618,XML100_3165_11,100,920.0,14028.0,7,1
7619,XML100_3165_12,100,1241.0,11807.0,5,1
7620,XML100_3165_13,100,1316.0,11652.0,5,1
7621,XML100_3165_14,100,1120.0,13099.0,5,1
7622,XML100_3165_15,100,874.0,13558.0,6,1
7623,XML100_3165_16,100,1025.0,12683.0,5,1
7624,XML100_3165_17,100,947.0,14116.0,6,1
7625,XML100_3165_18,100,1307.0,10824.0,5,1
7626,XML100_3165_19,100,1109.0,12172.0,6,1
7627,XML100_3165_20,100,984.0,12345.0,5,1
7628,XML100_3165_21,100,955.0,12357.0,6,1
7629,XML100_3165_22,100,943.0,12842.0,6,1
7630,XML100_3165_23,100,813.0,14401.0,7,1
7631,XML100_3165_24,100,981.0,13482.0,6,1
7632,XML100_3165_25,100,860.0,13736.0,6,1
7633,XML100_3165_26,100,968.0,14201.0,6,1
7634,XML100_3166_01,100,1793.0,10088.0,4,1
7635,XML100_3166_02,100,2110.0,9434.0,3,1
7636,XML100_3166_03,100,2123.0,9343.0,3,1
7637,XML100_3166_04,100,1856.0,9758.0,3,1
7638,XML100_3166_05,100,1524.0,10932.0,4,1
7639,XML100_3166_06,100,1771.0,9676.0,3,1
7640,XML100_3166_07,100,2332.0,9109.0,3,1
7641,XML100_3166_08,100,1741.0,9730.0,3,1
7642,XML100_3166_09,100,1914.0,9605.0,3,1
7643,XML100_3166_10,100,2243.0,9209.0,3,1
7644,XML100_3166_11,100,2199.0,9089.0,3,1
7645,XML100_3166_12,100,1633.0,9798.0,3,1
7646,XML100_3166_13,100,1651.0,10651.0,4,1
7647,XML100_3166_14,100,2341.0,9187.0,3,1
7648,XML100_3166_15,100,1329.0,11132.0,4,1
7649,XML100_3166_16,100,1768.0,10085.0,3,1
7650,XML100_3166_17,100,2328.0,9369.0,3,1
7651,XML100_3166_18,100,2569.0,9189.0,3,1
7652,XML100_3166_19,100,1760.0,10015.0,3,1
7653,XML100_3166_20,100,1205.0,10892.0,4,1
7654,XML100_3166_21,100,2497.0,8821.0,3,1
7655,XML100_3166_22,100,1369.0,10939.0,4,1
7656,XML100_3166_23,100,1705.0,9994.0,3,1
7657,XML100_3166_24,100,2384.0,8982.0,3,1
7658,XML100_3166_25,100,1741.0,9822.0,3,1
7659,XML100_3166_26,100,1411.0,10818.0,4,1
7660,XML100_3171_01,100,123.0,39376.0,23,1
7661,XML100_3171_02,100,125.0,48495.0,29,0
7662,XML100_3171_03,100,121.0,55240.0,35,1
7663,XML100_3171_04,100,126.0,49288.0,30,1
7664,XML100_3171_05,100,125.0,49924.0,31,0
7665,XML100_3171_06,100,117.0,59841.0,38,0
7666,XML100_3171_07,100,118.0,64784.0,39,1
7667,XML100_3171_08,100,119.0,54546.0,32,0
7668,XML100_3171_09,100,123.0,42128.0,24,1
7669,XML100_3171_10,100,122.0,39188.0,27,1
7670,XML100_3171_11,100,118.0,56257.0,34,0
7671,XML100_3171_12,100,116.0,56458.0,38,0
7672,XML100_3171_13,100,116.0,61025.0,37,0
7673,XML100_3171_14,100,119.0,68469.0,39,0
7674,XML100_3171_15,100,125.0,38022.0,23,1
7675,XML100_3171_16,100,120.0,63015.0,40,0
7676,XML100_3171_17,100,121.0,57511.0,39,1
7677,XML100_3171_18,100,123.0,46557.0,28,1
7678,XML100_3171_19,100,118.0,58038.0,40,0
7679,XML100_3171_20,100,119.0,53026.0,31,1
7680,XML100_3171_21,100,119.0,40765.0,23,1
7681,XML100_3171_22,100,119.0,44636.0,27,1
7682,XML100_3171_23,100,114.0,59501.0,42,1
7683,XML100_3171_24,100,131.0,40406.0,24,0
7684,XML100_3171_25,100,120.0,36237.0,22,1
7685,XML100_3171_26,100,126.0,41561.0,22,1
7686,XML100_3172_01,100,139.0,26777.0,15,1
7687,XML100_3172_02,100,137.0,23880.0,15,1
7688,XML100_3172_03,100,136.0,28179.0,15,1
7689,XML100_3172_04,100,124.0,33611.0,20,1
7690,XML100_3172_05,100,140.0,28446.0,14,1
7691,XML100_3172_06,100,138.0,25546.0,16,1
7692,XML100_3172_07,100,136.0,30380.0,17,1
7693,XML100_3172_08,100,138.0,37129.0,20,1
7694,XML100_3172_09,100,124.0,38817.0,21,1
7695,XML100_3172_10,100,128.0,33433.0,20,1
7696,XML100_3172_11,100,126.0,37093.0,22,1
7697,XML100_3172_12,100,134.0,30253.0,17,1
7698,XML100_3172_13,100,127.0,35242.0,22,1
7699,XML100_3172_14,100,137.0,32710.0,20,1
7700,XML100_3172_15,100,125.0,34844.0,22,1
7701,XML100_3172_16,100,129.0,36071.0,20,1
7702,XML100_3172_17,100,132.0,29385.0,15,1
7703,XML100_3172_18,100,136.0,28670.0,15,1
7704,XML100_3172_19,100,128.0,31401.0,20,1
7705,XML100_3172_20,100,134.0,26845.0,17,1
7706,XML100_3172_21,100,127.0,34492.0,19,1
7707,XML100_3172_22,100,128.0,32469.0,18,1
7708,XML100_3172_23,100,138.0,30497.0,17,1
7709,XML100_3172_24,100,139.0,38109.0,22,1
7710,XML100_3172_25,100,124.0,31657.0,17,1
7711,XML100_3172_26,100,119.0,40841.0,21,1
7712,XML100_3173_01,100,174.0,18315.0,9,1
7713,XML100_3173_02,100,140.0,19693.0,10,1
7714,XML100_3173_03,100,148.0,19177.0,10,1
7715,XML100_3173_04,100,147.0,22555.0,11,1
7716,XML100_3173_05,100,160.0,17002.0,9,1
7717,XML100_3173_06,100,155.0,18734.0,9,1
7718,XML100_3173_07,100,144.0,24017.0,13,1
7719,XML100_3173_08,100,145.0,20961.0,12,1
7720,XML100_3173_09,100,126.0,22003.0,13,1
7721,XML100_3173_10,100,144.0,21955.0,12,1
7722,XML100_3173_11,100,151.0,21980.0,11,1
7723,XML100_3173_12,100,145.0,20923.0,11,1
7724,XML100_3173_13,100,148.0,23126.0,11,1
7725,XML100_3173_14,100,150.0,22787.0,11,1
7726,XML100_3173_15,100,145.0,21161.0,11,1
7727,XML100_3173_16,100,154.0,18081.0,9,1
7728,XML100_3173_17,100,152.0,18919.0,10,1
7729,XML100_3173_18,100,145.0,20011.0,11,1
7730,XML100_3173_19,100,156.0,19772.0,11,1
7731,XML100_3173_20,100,157.0,17777.0,9,1
7732,XML100_3173_21,100,143.0,21586.0,13,1
7733,XML100_3173_22,100,136.0,23168.0,13,1
7734,XML100_3173_23,100,150.0,20478.0,12,1
7735,XML100_3173_24,100,148.0,19623.0,10,1
7736,XML100_3173_25,100,176.0,17077.0,9,1
7737,XML100_3173_26,100,140.0,18403.0,10,1
7738,XML100_3174_01,100,171.0,14139.0,7,1
7739,XML100_3174_02,100,176.0,15692.0,8,1
7740,XML100_3174_03,100,175.0,15299.0,8,1
7741,XML100_3174_04,100,160.0,17921.0,9,1
7742,XML100_3174_05,100,181.0,15211.0,7,1
7743,XML100_3174_06,100,164.0,16817.0,9,1
7744,XML100_3174_07,100,172.0,15188.0,8,1
7745,XML100_3174_08,100,163.0,16496.0,8,1
7746,XML100_3174_09,100,188.0,14928.0,8,1
7747,XML100_3174_10,100,168.0,16619.0,8,1
7748,XML100_3174_11,100,174.0,14494.0,7,1
7749,XML100_3174_12,100,181.0,17391.0,8,1
7750,XML100_3174_13,100,164.0,15441.0,7,1
7751,XML100_3174_14,100,175.0,14841.0,7,1
7752,XML100_3174_15,100,157.0,15398.0,7,1
7753,XML100_3174_16,100,172.0,16054.0,8,1
7754,XML100_3174_17,100,156.0,16050.0,8,1
7755,XML100_3174_18,100,160.0,17535.0,8,1
7756,XML100_3174_19,100,171.0,17364.0,8,1
7757,XML100_3174_20,100,177.0,16000.0,7,1
7758,XML100_3174_21,100,159.0,18186.0,9,1
7759,XML100_3174_22,100,164.0,13742.0,7,1
7760,XML100_3174_23,100,178.0,15317.0,7,1
7761,XML100_3174_24,100,167.0,18267.0,8,1
7762,XML100_3174_25,100,160.0,15890.0,8,1
7763,XML100_3174_26,100,169.0,15317.0,8,1
7764,XML100_3175_01,100,185.0,12638.0,5,1
7765,XML100_3175_02,100,221.0,11357.0,5,1
7766,XML100_3175_03,100,207.0,12162.0,5,1
7767,XML100_3175_04,100,188.0,12420.0,5,1
7768,XML100_3175_05,100,209.0,12221.0,5,1
7769,XML100_3175_06,100,203.0,12719.0,6,1
7770,XML100_3175_07,100,213.0,12496.0,5,1
7771,XML100_3175_08,100,231.0,11473.0,5,1
7772,XML100_3175_09,100,183.0,11338.0,5,1
7773,XML100_3175_10,100,186.0,11842.0,5,1
7774,XML100_3175_11,100,186.0,12208.0,7,1
7775,XML100_3175_12,100,170.0,14496.0,7,1
7776,XML100_3175_13,100,217.0,11081.0,5,1
7777,XML100_3175_14,100,244.0,11212.0,5,1
7778,XML100_3175_15,100,207.0,12100.0,5,1
7779,XML100_3175_16,100,198.0,13604.0,6,1
7780,XML100_3175_17,100,202.0,11848.0,5,1
7781,XML100_3175_18,100,204.0,11845.0,5,1
7782,XML100_3175_19,100,190.0,11797.0,5,1
7783,XML100_3175_20,100,192.0,14036.0,6,1
7784,XML100_3175_21,100,195.0,12079.0,5,1
7785,XML100_3175_22,100,244.0,10761.0,5,1
7786,XML100_3175_23,100,187.0,12468.0,6,1
7787,XML100_3175_24,100,203.0,11653.0,5,1
7788,XML100_3175_25,100,204.0,12280.0,5,1
7789,XML100_3175_26,100,190.0,12852.0,6,1
7790,XML100_3176_01,100,275.0,9542.0,3,1
7791,XML100_3176_02,100,254.0,9412.0,3,1
7792,XML100_3176_03,100,253.0,10327.0,4,1
7793,XML100_3176_04,100,238.0,10647.0,4,1
7794,XML100_3176_05,100,341.0,9445.0,3,1
7795,XML100_3176_06,100,222.0,10089.0,4,1
7796,XML100_3176_07,100,215.0,11197.0,4,1
7797,XML100_3176_08,100,243.0,9616.0,3,1
7798,XML100_3176_09,100,319.0,8840.0,3,1
7799,XML100_3176_10,100,266.0,9383.0,3,1
7800,XML100_3176_11,100,310.0,8700.0,3,1
7801,XML100_3176_12,100,231.0,10439.0,4,1
7802,XML100_3176_13,100,306.0,9383.0,3,1
7803,XML100_3176_14,100,279.0,10150.0,3,1
7804,XML100_3176_15,100,317.0,9328.0,3,1
7805,XML100_3176_16,100,235.0,10638.0,4,1
7806,XML100_3176_17,100,279.0,9180.0,3,1
7807,XML100_3176_18,100,309.0,9738.0,3,1
7808,XML100_3176_19,100,328.0,9224.0,3,1
7809,XML100_3176_20,100,261.0,9352.0,3,1
7810,XML100_3176_21,100,308.0,9561.0,3,1
7811,XML100_3176_22,100,275.0,9037.0,3,1
7812,XML100_3176_23,100,292.0,9591.0,3,1
7813,XML100_3176_24,100,320.0,9390.0,3,1
7814,XML100_3176_25,100,328.0,9148.0,3,1
7815,XML100_3176_26,100,215.0,10653.0,4,1
7816,XML100_3211_01,100,3.0,49149.0,34,1
7817,XML100_3211_02,100,4.0,34823.0,25,1
7818,XML100_3211_03,100,4.0,54909.0,25,1
7819,XML100_3211_04,100,3.0,31510.0,34,1
7820,XML100_3211_05,100,3.0,55983.0,34,1
7821,XML100_3211_06,100,4.0,42989.0,25,1
7822,XML100_3211_07,100,4.0,48998.0,25,1
7823,XML100_3211_08,100,4.0,27255.0,25,1
7824,XML100_3211_09,100,3.0,49176.0,34,1
7825,XML100_3211_10,100,4.0,37269.0,25,1
7826,XML100_3211_11,100,3.0,42928.0,34,1
7827,XML100_3211_12,100,3.0,60457.0,34,1
7828,XML100_3211_13,100,3.0,44210.0,34,1
7829,XML100_3211_14,100,4.0,40202.0,25,1
7830,XML100_3211_15,100,4.0,48786.0,25,1
7831,XML100_3211_16,100,4.0,49641.0,25,1
7832,XML100_3211_17,100,4.0,35086.0,25,1
7833,XML100_3211_18,100,4.0,30729.0,25,1
7834,XML100_3211_19,100,3.0,47306.0,34,1
7835,XML100_3211_20,100,3.0,69035.0,34,1
7836,XML100_3211_21,100,4.0,39392.0,25,1
7837,XML100_3211_22,100,4.0,48334.0,25,1
7838,XML100_3211_23,100,3.0,80307.0,34,1
7839,XML100_3211_24,100,4.0,37845.0,25,1
7840,XML100_3211_25,100,4.0,32257.0,25,1
7841,XML100_3211_26,100,4.0,38788.0,25,1
7842,XML100_3212_01,100,6.0,36582.0,17,1
7843,XML100_3212_02,100,5.0,25575.0,20,1
7844,XML100_3212_03,100,6.0,33798.0,17,1
7845,XML100_3212_04,100,7.0,28487.0,15,1
7846,XML100_3212_05,100,7.0,30092.0,15,1
7847,XML100_3212_06,100,5.0,32242.0,20,1
7848,XML100_3212_07,100,7.0,23063.0,15,1
7849,XML100_3212_08,100,6.0,30116.0,17,1
7850,XML100_3212_09,100,7.0,18248.0,15,1
7851,XML100_3212_10,100,7.0,26639.0,15,1
7852,XML100_3212_11,100,7.0,24601.0,15,1
7853,XML100_3212_12,100,6.0,33020.0,17,1
7854,XML100_3212_13,100,7.0,27441.0,15,1
7855,XML100_3212_14,100,5.0,44615.0,20,1
7856,XML100_3212_15,100,7.0,17567.0,15,1
7857,XML100_3212_16,100,6.0,33078.0,17,1
7858,XML100_3212_17,100,6.0,20256.0,17,1
7859,XML100_3212_18,100,7.0,23759.0,15,1
7860,XML100_3212_19,100,6.0,32773.0,17,1
7861,XML100_3212_20,100,7.0,22169.0,15,1
7862,XML100_3212_21,100,6.0,30675.0,17,1
7863,XML100_3212_22,100,6.0,27761.0,17,1
7864,XML100_3212_23,100,6.0,29966.0,17,1
7865,XML100_3212_24,100,6.0,24924.0,17,1
7866,XML100_3212_25,100,5.0,29597.0,20,1
7867,XML100_3212_26,100,5.0,41998.0,20,1
7868,XML100_3213_01,100,10.0,20930.0,10,1
7869,XML100_3213_02,100,11.0,16520.0,10,1
7870,XML100_3213_03,100,10.0,11615.0,10,1
7871,XML100_3213_04,100,9.0,21563.0,12,1
7872,XML100_3213_05,100,9.0,25400.0,12,1
7873,XML100_3213_06,100,11.0,20111.0,10,1
7874,XML100_3213_07,100,9.0,25094.0,12,1
7875,XML100_3213_08,100,8.0,21865.0,13,1
7876,XML100_3213_09,100,10.0,19595.0,10,1
7877,XML100_3213_10,100,10.0,19837.0,10,1
7878,XML100_3213_11,100,11.0,15275.0,10,1
7879,XML100_3213_12,100,11.0,19545.0,10,1
7880,XML100_3213_13,100,10.0,20980.0,10,1
7881,XML100_3213_14,100,11.0,14960.0,10,1
7882,XML100_3213_15,100,9.0,19482.0,12,1
7883,XML100_3213_16,100,9.0,16604.0,12,1
7884,XML100_3213_17,100,8.0,20772.0,13,1
7885,XML100_3213_18,100,11.0,19334.0,10,1
7886,XML100_3213_19,100,9.0,19812.0,12,1
7887,XML100_3213_20,100,9.0,14131.0,12,1
7888,XML100_3213_21,100,8.0,24050.0,13,1
7889,XML100_3213_22,100,11.0,16913.0,10,1
7890,XML100_3213_23,100,9.0,22503.0,12,1
7891,XML100_3213_24,100,8.0,23041.0,13,1
7892,XML100_3213_25,100,9.0,19629.0,12,1
7893,XML100_3213_26,100,11.0,20074.0,10,1
7894,XML100_3214_01,100,12.0,15432.0,9,1
7895,XML100_3214_02,100,12.0,17842.0,9,1
7896,XML100_3214_03,100,13.0,11690.0,8,1
7897,XML100_3214_04,100,12.0,17943.0,9,1
7898,XML100_3214_05,100,12.0,16182.0,9,1
7899,XML100_3214_06,100,15.0,13972.0,7,1
7900,XML100_3214_07,100,13.0,14089.0,8,1
7901,XML100_3214_08,100,14.0,13995.0,8,1
7902,XML100_3214_09,100,14.0,13452.0,8,1
7903,XML100_3214_10,100,12.0,13596.0,9,1
7904,XML100_3214_11,100,12.0,16824.0,9,1
7905,XML100_3214_12,100,15.0,14058.0,7,1
7906,XML100_3214_13,100,15.0,9556.0,7,1
7907,XML100_3214_14,100,15.0,17236.0,7,1
7908,XML100_3214_15,100,14.0,12409.0,8,1
7909,XML100_3214_16,100,13.0,18079.0,8,1
7910,XML100_3214_17,100,15.0,14354.0,7,1
7911,XML100_3214_18,100,12.0,16684.0,9,1
7912,XML100_3214_19,100,15.0,16348.0,7,1
7913,XML100_3214_20,100,13.0,14725.0,8,1
7914,XML100_3214_21,100,15.0,12575.0,7,1
7915,XML100_3214_22,100,15.0,14749.0,7,1
7916,XML100_3214_23,100,13.0,13999.0,8,1
7917,XML100_3214_24,100,12.0,17600.0,9,1
7918,XML100_3214_25,100,15.0,15788.0,7,1
7919,XML100_3214_26,100,12.0,15859.0,9,1
7920,XML100_3215_01,100,23.0,10677.0,5,1
7921,XML100_3215_02,100,24.0,10302.0,5,1
7922,XML100_3215_03,100,16.0,12217.0,7,1
7923,XML100_3215_04,100,17.0,13569.0,6,1
7924,XML100_3215_05,100,21.0,9625.0,5,1
7925,XML100_3215_06,100,24.0,7881.0,5,1
7926,XML100_3215_07,100,22.0,10424.0,5,1
7927,XML100_3215_08,100,18.0,12912.0,6,1
7928,XML100_3215_09,100,16.0,15087.0,7,1
7929,XML100_3215_10,100,18.0,11845.0,6,1
7930,XML100_3215_11,100,20.0,10965.0,5,1
7931,XML100_3215_12,100,20.0,12741.0,5,1
7932,XML100_3215_13,100,18.0,10702.0,6,1
7933,XML100_3215_14,100,19.0,13871.0,6,1
7934,XML100_3215_15,100,16.0,11371.0,7,1
7935,XML100_3215_16,100,21.0,11057.0,5,1
7936,XML100_3215_17,100,20.0,11169.0,5,1
7937,XML100_3215_18,100,16.0,15220.0,7,1
7938,XML100_3215_19,100,20.0,12663.0,5,1
7939,XML100_3215_20,100,22.0,8606.0,5,1
7940,XML100_3215_21,100,22.0,8472.0,5,1
7941,XML100_3215_22,100,18.0,11128.0,6,1
7942,XML100_3215_23,100,21.0,11228.0,5,1
7943,XML100_3215_24,100,17.0,10333.0,6,1
7944,XML100_3215_25,100,17.0,10450.0,6,1
7945,XML100_3215_26,100,18.0,12234.0,6,1
7946,XML100_3216_01,100,47.0,7079.0,3,1
7947,XML100_3216_02,100,46.0,7766.0,3,1
7948,XML100_3216_03,100,30.0,6837.0,4,1
7949,XML100_3216_04,100,37.0,7878.0,3,1
7950,XML100_3216_05,100,39.0,7407.0,3,1
7951,XML100_3216_06,100,37.0,8100.0,3,1
7952,XML100_3216_07,100,46.0,8468.0,3,1
7953,XML100_3216_08,100,44.0,8166.0,3,1
7954,XML100_3216_09,100,35.0,7863.0,3,1
7955,XML100_3216_10,100,43.0,7302.0,3,1
7956,XML100_3216_11,100,49.0,8020.0,3,1
7957,XML100_3216_12,100,44.0,6291.0,3,1
7958,XML100_3216_13,100,45.0,7407.0,3,1
7959,XML100_3216_14,100,31.0,10191.0,4,1
7960,XML100_3216_15,100,35.0,8609.0,3,1
7961,XML100_3216_16,100,45.0,6681.0,3,1
7962,XML100_3216_17,100,29.0,7911.0,4,1
7963,XML100_3216_18,100,35.0,7425.0,3,1
7964,XML100_3216_19,100,33.0,8585.0,4,1
7965,XML100_3216_20,100,36.0,7001.0,3,1
7966,XML100_3216_21,100,35.0,7063.0,3,1
7967,XML100_3216_22,100,46.0,7909.0,3,1
7968,XML100_3216_23,100,48.0,7043.0,3,1
7969,XML100_3216_24,100,46.0,6904.0,3,1
7970,XML100_3216_25,100,44.0,7796.0,3,1
7971,XML100_3216_26,100,32.0,7892.0,4,1
7972,XML100_3221_01,100,24.0,30606.0,25,1
7973,XML100_3221_02,100,27.0,36217.0,21,1
7974,XML100_3221_03,100,25.0,41204.0,24,1
7975,XML100_3221_04,100,19.0,45787.0,28,1
7976,XML100_3221_05,100,21.0,36008.0,24,1
7977,XML100_3221_06,100,19.0,47570.0,29,1
7978,XML100_3221_07,100,27.0,27732.0,22,1
7979,XML100_3221_08,100,24.0,30849.0,24,1
7980,XML100_3221_09,100,19.0,51148.0,31,1
7981,XML100_3221_10,100,23.0,42037.0,24,1
7982,XML100_3221_11,100,18.0,47481.0,32,1
7983,XML100_3221_12,100,22.0,45148.0,25,1
7984,XML100_3221_13,100,22.0,43318.0,25,1
7985,XML100_3221_14,100,21.0,43343.0,25,1
7986,XML100_3221_15,100,24.0,35434.0,23,1
7987,XML100_3221_16,100,26.0,32191.0,21,1
7988,XML100_3221_17,100,28.0,38180.0,21,1
7989,XML100_3221_18,100,24.0,41908.0,25,1
7990,XML100_3221_19,100,24.0,38286.0,22,1
7991,XML100_3221_20,100,20.0,41593.0,29,1
7992,XML100_3221_21,100,24.0,26500.0,23,1
7993,XML100_3221_22,100,21.0,42083.0,25,1
7994,XML100_3221_23,100,19.0,49823.0,30,1
7995,XML100_3221_24,100,22.0,38258.0,24,1
7996,XML100_3221_25,100,20.0,40681.0,27,1
7997,XML100_3221_26,100,25.0,30642.0,23,1
7998,XML100_3222_01,100,33.0,29119.0,17,1
7999,XML100_3222_02,100,30.0,34790.0,20,1
8000,XML100_3222_03,100,44.0,24225.0,14,1
8001,XML100_3222_04,100,35.0,27987.0,17,1
8002,XML100_3222_05,100,37.0,22698.0,16,1
8003,XML100_3222_06,100,39.0,20146.0,14,1
8004,XML100_3222_07,100,42.0,30612.0,14,1
8005,XML100_3222_08,100,28.0,30934.0,19,1
8006,XML100_3222_09,100,44.0,21804.0,13,1
8007,XML100_3222_10,100,37.0,26496.0,15,1
8008,XML100_3222_11,100,31.0,40852.0,20,1
8009,XML100_3222_12,100,32.0,38770.0,19,1
8010,XML100_3222_13,100,29.0,32238.0,20,1
8011,XML100_3222_14,100,39.0,29522.0,15,1
8012,XML100_3222_15,100,43.0,20303.0,14,1
8013,XML100_3222_16,100,39.0,31432.0,16,1
8014,XML100_3222_17,100,43.0,21828.0,13,1
8015,XML100_3222_18,100,31.0,26606.0,19,1
8016,XML100_3222_19,100,35.0,29585.0,17,1
8017,XML100_3222_20,100,33.0,30465.0,18,0
8018,XML100_3222_21,100,44.0,18865.0,13,1
8019,XML100_3222_22,100,32.0,33308.0,18,1
8020,XML100_3222_23,100,41.0,23607.0,13,1
8021,XML100_3222_24,100,41.0,27730.0,14,1
8022,XML100_3222_25,100,40.0,18311.0,14,1
8023,XML100_3222_26,100,42.0,26975.0,14,1
8024,XML100_3223_01,100,57.0,15031.0,11,1
8025,XML100_3223_02,100,49.0,12092.0,12,1
8026,XML100_3223_03,100,63.0,19098.0,9,1
8027,XML100_3223_04,100,49.0,17830.0,10,1
8028,XML100_3223_05,100,61.0,15941.0,9,1
8029,XML100_3223_06,100,49.0,20162.0,12,1
8030,XML100_3223_07,100,58.0,21312.0,10,1
8031,XML100_3223_08,100,57.0,19135.0,10,1
8032,XML100_3223_09,100,60.0,20652.0,10,1
8033,XML100_3223_10,100,67.0,18120.0,9,1
8034,XML100_3223_11,100,46.0,16394.0,13,1
8035,XML100_3223_12,100,51.0,18675.0,11,1
8036,XML100_3223_13,100,50.0,21466.0,10,1
8037,XML100_3223_14,100,49.0,21011.0,13,1
8038,XML100_3223_15,100,58.0,20241.0,9,1
8039,XML100_3223_16,100,59.0,15022.0,10,1
8040,XML100_3223_17,100,59.0,16874.0,9,1
8041,XML100_3223_18,100,60.0,15293.0,9,1
8042,XML100_3223_19,100,57.0,16165.0,11,1
8043,XML100_3223_20,100,66.0,18447.0,10,1
8044,XML100_3223_21,100,61.0,15878.0,10,1
8045,XML100_3223_22,100,62.0,20244.0,9,1
8046,XML100_3223_23,100,58.0,20733.0,10,1
8047,XML100_3223_24,100,55.0,14314.0,11,1
8048,XML100_3223_25,100,58.0,15408.0,9,1
8049,XML100_3223_26,100,47.0,27725.0,12,1
8050,XML100_3224_01,100,75.0,16242.0,8,1
8051,XML100_3224_02,100,59.0,17037.0,9,1
8052,XML100_3224_03,100,72.0,16373.0,8,1
8053,XML100_3224_04,100,71.0,14495.0,8,1
8054,XML100_3224_05,100,70.0,14481.0,8,1
8055,XML100_3224_06,100,69.0,13217.0,8,1
8056,XML100_3224_07,100,91.0,13016.0,7,1
8057,XML100_3224_08,100,68.0,17727.0,8,1
8058,XML100_3224_09,100,71.0,15849.0,8,1
8059,XML100_3224_10,100,74.0,14267.0,8,1
8060,XML100_3224_11,100,73.0,10464.0,7,1
8061,XML100_3224_12,100,75.0,18148.0,8,1
8062,XML100_3224_13,100,87.0,14735.0,7,1
8063,XML100_3224_14,100,84.0,14333.0,8,1
8064,XML100_3224_15,100,89.0,12585.0,7,1
8065,XML100_3224_16,100,78.0,13782.0,7,1
8066,XML100_3224_17,100,66.0,12591.0,8,1
8067,XML100_3224_18,100,92.0,12498.0,7,1
8068,XML100_3224_19,100,77.0,10043.0,7,1
8069,XML100_3224_20,100,71.0,12356.0,8,1
8070,XML100_3224_21,100,95.0,14140.0,7,1
8071,XML100_3224_22,100,92.0,13198.0,7,1
8072,XML100_3224_23,100,89.0,13009.0,7,1
8073,XML100_3224_24,100,73.0,9357.0,7,1
8074,XML100_3224_25,100,72.0,14331.0,8,1
8075,XML100_3224_26,100,71.0,15512.0,8,1
8076,XML100_3225_01,100,96.0,13572.0,6,1
8077,XML100_3225_02,100,87.0,12317.0,6,1
8078,XML100_3225_03,100,101.0,11986.0,6,1
8079,XML100_3225_04,100,120.0,7850.0,5,1
8080,XML100_3225_05,100,113.0,10868.0,6,1
8081,XML100_3225_06,100,102.0,13449.0,6,1
8082,XML100_3225_07,100,127.0,11030.0,5,1
8083,XML100_3225_08,100,129.0,11109.0,5,1
8084,XML100_3225_09,100,112.0,11005.0,5,1
8085,XML100_3225_10,100,118.0,11550.0,5,1
8086,XML100_3225_11,100,99.0,9897.0,5,1
8087,XML100_3225_12,100,113.0,12344.0,5,1
8088,XML100_3225_13,100,99.0,12817.0,6,1
8089,XML100_3225_14,100,126.0,11120.0,5,1
8090,XML100_3225_15,100,90.0,11590.0,7,1
8091,XML100_3225_16,100,109.0,12535.0,6,1
8092,XML100_3225_17,100,111.0,9135.0,5,1
8093,XML100_3225_18,100,94.0,10104.0,6,1
8094,XML100_3225_19,100,128.0,9761.0,5,1
8095,XML100_3225_20,100,82.0,15947.0,7,1
8096,XML100_3225_21,100,114.0,11071.0,5,1
8097,XML100_3225_22,100,134.0,7727.0,5,1
8098,XML100_3225_23,100,134.0,9948.0,4,1
8099,XML100_3225_24,100,125.0,11814.0,5,1
8100,XML100_3225_25,100,134.0,9577.0,5,1
8101,XML100_3225_26,100,116.0,9583.0,5,1
8102,XML100_3226_01,100,243.0,7892.0,3,1
8103,XML100_3226_02,100,224.0,7386.0,3,1
8104,XML100_3226_03,100,187.0,6116.0,4,1
8105,XML100_3226_04,100,211.0,7816.0,3,1
8106,XML100_3226_05,100,267.0,7849.0,3,1
8107,XML100_3226_06,100,214.0,7731.0,3,1
8108,XML100_3226_07,100,120.0,10307.0,4,1
8109,XML100_3226_08,100,257.0,7841.0,3,1
8110,XML100_3226_09,100,234.0,8192.0,3,1
8111,XML100_3226_10,100,177.0,7796.0,3,1
8112,XML100_3226_11,100,256.0,6674.0,3,1
8113,XML100_3226_12,100,234.0,6564.0,3,1
8114,XML100_3226_13,100,222.0,7952.0,3,1
8115,XML100_3226_14,100,237.0,8263.0,3,1
8116,XML100_3226_15,100,133.0,9808.0,4,1
8117,XML100_3226_16,100,150.0,8174.0,4,1
8118,XML100_3226_17,100,256.0,8069.0,3,1
8119,XML100_3226_18,100,172.0,8226.0,4,1
8120,XML100_3226_19,100,158.0,6484.0,4,1
8121,XML100_3226_20,100,248.0,6557.0,3,1
8122,XML100_3226_21,100,213.0,8953.0,3,1
8123,XML100_3226_22,100,241.0,7670.0,3,1
8124,XML100_3226_23,100,215.0,7518.0,3,1
8125,XML100_3226_24,100,200.0,8238.0,3,1
8126,XML100_3226_25,100,261.0,7983.0,3,1
8127,XML100_3226_26,100,262.0,7588.0,3,1
8128,XML100_3231_01,100,29.0,44234.0,27,1
8129,XML100_3231_02,100,34.0,33341.0,22,1
8130,XML100_3231_03,100,25.0,45100.0,31,1
8131,XML100_3231_04,100,35.0,33294.0,22,1
8132,XML100_3231_05,100,25.0,51066.0,30,1
8133,XML100_3231_06,100,24.0,47699.0,32,1
8134,XML100_3231_07,100,29.0,33738.0,25,1
8135,XML100_3231_08,100,27.0,48188.0,29,1
8136,XML100_3231_09,100,24.0,56625.0,31,1
8137,XML100_3231_10,100,35.0,35867.0,21,1
8138,XML100_3231_11,100,24.0,63101.0,32,1
8139,XML100_3231_12,100,24.0,50040.0,31,1
8140,XML100_3231_13,100,24.0,56434.0,32,1
8141,XML100_3231_14,100,24.0,27960.0,33,1
8142,XML100_3231_15,100,27.0,56790.0,29,1
8143,XML100_3231_16,100,34.0,36990.0,22,1
8144,XML100_3231_17,100,31.0,41942.0,24,1
8145,XML100_3231_18,100,35.0,47520.0,21,1
8146,XML100_3231_19,100,25.0,38875.0,31,1
8147,XML100_3231_20,100,23.0,51406.0,33,1
8148,XML100_3231_21,100,33.0,37077.0,23,1
8149,XML100_3231_22,100,30.0,43637.0,25,1
8150,XML100_3231_23,100,28.0,49032.0,28,1
8151,XML100_3231_24,100,34.0,37682.0,23,1
8152,XML100_3231_25,100,23.0,56531.0,33,1
8153,XML100_3231_26,100,31.0,31707.0,25,1
8154,XML100_3232_01,100,61.0,30473.0,13,1
8155,XML100_3232_02,100,47.0,24338.0,17,1
8156,XML100_3232_03,100,52.0,28235.0,15,1
8157,XML100_3232_04,100,47.0,31917.0,17,1
8158,XML100_3232_05,100,38.0,34382.0,20,1
8159,XML100_3232_06,100,38.0,39532.0,20,1
8160,XML100_3232_07,100,53.0,30916.0,15,1
8161,XML100_3232_08,100,58.0,22168.0,13,1
8162,XML100_3232_09,100,50.0,19794.0,15,1
8163,XML100_3232_10,100,49.0,27588.0,15,1
8164,XML100_3232_11,100,47.0,32063.0,17,1
8165,XML100_3232_12,100,41.0,31006.0,19,1
8166,XML100_3232_13,100,59.0,20034.0,13,1
8167,XML100_3232_14,100,45.0,21009.0,18,1
8168,XML100_3232_15,100,58.0,25652.0,13,1
8169,XML100_3232_16,100,56.0,23945.0,14,1
8170,XML100_3232_17,100,41.0,36175.0,18,1
8171,XML100_3232_18,100,44.0,25642.0,16,1
8172,XML100_3232_19,100,40.0,30334.0,20,1
8173,XML100_3232_20,100,52.0,28514.0,15,1
8174,XML100_3232_21,100,45.0,21135.0,17,1
8175,XML100_3232_22,100,46.0,32598.0,17,1
8176,XML100_3232_23,100,58.0,22174.0,14,1
8177,XML100_3232_24,100,50.0,22338.0,15,1
8178,XML100_3232_25,100,56.0,25390.0,14,1
8179,XML100_3232_26,100,41.0,28820.0,19,1
8180,XML100_3233_01,100,75.0,22631.0,11,1
8181,XML100_3233_02,100,70.0,19813.0,11,1
8182,XML100_3233_03,100,60.0,21153.0,13,1
8183,XML100_3233_04,100,70.0,16192.0,11,1
8184,XML100_3233_05,100,82.0,20076.0,10,1
8185,XML100_3233_06,100,82.0,15965.0,9,1
8186,XML100_3233_07,100,71.0,19280.0,11,1
8187,XML100_3233_08,100,78.0,8611.0,10,1
8188,XML100_3233_09,100,63.0,15304.0,12,1
8189,XML100_3233_10,100,89.0,19739.0,9,1
8190,XML100_3233_11,100,77.0,17108.0,10,1
8191,XML100_3233_12,100,85.0,16650.0,9,1
8192,XML100_3233_13,100,87.0,13764.0,9,1
8193,XML100_3233_14,100,61.0,15684.0,13,1
8194,XML100_3233_15,100,78.0,20983.0,10,1
8195,XML100_3233_16,100,72.0,18894.0,11,1
8196,XML100_3233_17,100,74.0,18982.0,11,1
8197,XML100_3233_18,100,72.0,17938.0,11,1
8198,XML100_3233_19,100,89.0,16295.0,9,1
8199,XML100_3233_20,100,92.0,9972.0,9,1
8200,XML100_3233_21,100,62.0,24816.0,12,1
8201,XML100_3233_22,100,71.0,22598.0,11,1
8202,XML100_3233_23,100,81.0,15917.0,10,1
8203,XML100_3233_24,100,81.0,16379.0,10,1
8204,XML100_3233_25,100,72.0,18274.0,11,1
8205,XML100_3233_26,100,84.0,17307.0,9,1
8206,XML100_3234_01,100,121.0,9773.0,7,1
8207,XML100_3234_02,100,106.0,14953.0,8,1
8208,XML100_3234_03,100,119.0,11056.0,7,1
8209,XML100_3234_04,100,98.0,18798.0,8,1
8210,XML100_3234_05,100,93.0,17254.0,9,1
8211,XML100_3234_06,100,107.0,10653.0,8,1
8212,XML100_3234_07,100,105.0,8966.0,8,1
8213,XML100_3234_08,100,92.0,12755.0,8,1
8214,XML100_3234_09,100,100.0,12893.0,8,1
8215,XML100_3234_10,100,118.0,12870.0,7,1
8216,XML100_3234_11,100,109.0,12489.0,8,1
8217,XML100_3234_12,100,112.0,12228.0,7,1
8218,XML100_3234_13,100,104.0,14170.0,8,1
8219,XML100_3234_14,100,101.0,18384.0,8,1
8220,XML100_3234_15,100,95.0,18162.0,8,1
8221,XML100_3234_16,100,91.0,18673.0,8,1
8222,XML100_3234_17,100,98.0,14592.0,8,1
8223,XML100_3234_18,100,105.0,11918.0,8,1
8224,XML100_3234_19,100,95.0,14891.0,8,1
8225,XML100_3234_20,100,99.0,17694.0,8,1
8226,XML100_3234_21,100,100.0,13632.0,8,1
8227,XML100_3234_22,100,111.0,16729.0,7,1
8228,XML100_3234_23,100,101.0,12075.0,8,1
8229,XML100_3234_24,100,103.0,15674.0,8,1
8230,XML100_3234_25,100,106.0,13932.0,8,1
8231,XML100_3234_26,100,110.0,16103.0,8,1
8232,XML100_3235_01,100,190.0,10542.0,4,1
8233,XML100_3235_02,100,129.0,10487.0,6,1
8234,XML100_3235_03,100,166.0,12398.0,5,1
8235,XML100_3235_04,100,126.0,11050.0,6,1
8236,XML100_3235_05,100,167.0,9324.0,5,1
8237,XML100_3235_06,100,131.0,10012.0,6,1
8238,XML100_3235_07,100,132.0,10203.0,6,1
8239,XML100_3235_08,100,157.0,10843.0,5,1
8240,XML100_3235_09,100,149.0,11243.0,6,1
8241,XML100_3235_10,100,128.0,14239.0,6,1
8242,XML100_3235_11,100,147.0,10703.0,6,1
8243,XML100_3235_12,100,151.0,11151.0,5,1
8244,XML100_3235_13,100,151.0,13111.0,5,1
8245,XML100_3235_14,100,161.0,12009.0,5,1
8246,XML100_3235_15,100,148.0,11579.0,5,1
8247,XML100_3235_16,100,148.0,10393.0,6,1
8248,XML100_3235_17,100,180.0,10036.0,5,1
8249,XML100_3235_18,100,129.0,10772.0,6,1
8250,XML100_3235_19,100,182.0,10853.0,5,1
8251,XML100_3235_20,100,147.0,12549.0,6,1
8252,XML100_3235_21,100,121.0,13208.0,7,1
8253,XML100_3235_22,100,160.0,9583.0,5,1
8254,XML100_3235_23,100,167.0,10515.0,5,1
8255,XML100_3235_24,100,141.0,13046.0,6,1
8256,XML100_3235_25,100,135.0,13134.0,6,1
8257,XML100_3235_26,100,138.0,11074.0,6,1
8258,XML100_3236_01,100,368.0,7345.0,3,1
8259,XML100_3236_02,100,374.0,8013.0,2,1
8260,XML100_3236_03,100,213.0,9619.0,4,1
8261,XML100_3236_04,100,254.0,8630.0,3,1
8262,XML100_3236_05,100,362.0,8951.0,3,1
8263,XML100_3236_06,100,290.0,7284.0,3,1
8264,XML100_3236_07,100,188.0,10466.0,4,1
8265,XML100_3236_08,100,263.0,8003.0,3,1
8266,XML100_3236_09,100,200.0,10198.0,4,1
8267,XML100_3236_10,100,363.0,7555.0,3,1
8268,XML100_3236_11,100,237.0,9073.0,4,1
8269,XML100_3236_12,100,303.0,7060.0,3,1
8270,XML100_3236_13,100,338.0,6770.0,3,1
8271,XML100_3236_14,100,262.0,9066.0,3,1
8272,XML100_3236_15,100,265.0,7746.0,3,1
8273,XML100_3236_16,100,368.0,6364.0,3,1
8274,XML100_3236_17,100,182.0,9300.0,4,1
8275,XML100_3236_18,100,332.0,8060.0,3,1
8276,XML100_3236_19,100,252.0,8738.0,3,1
8277,XML100_3236_20,100,285.0,6675.0,3,1
8278,XML100_3236_21,100,349.0,6407.0,3,1
8279,XML100_3236_22,100,211.0,9923.0,4,1
8280,XML100_3236_23,100,272.0,4604.0,3,1
8281,XML100_3236_24,100,197.0,6474.0,4,1
8282,XML100_3236_25,100,238.0,8065.0,4,1
8283,XML100_3236_26,100,250.0,10610.0,4,1
8284,XML100_3241_01,100,180.0,48390.0,30,1
8285,XML100_3241_02,100,171.0,54430.0,30,1
8286,XML100_3241_03,100,175.0,57589.0,31,1
8287,XML100_3241_04,100,215.0,44171.0,23,1
8288,XML100_3241_05,100,233.0,38501.0,21,1
8289,XML100_3241_06,100,245.0,33236.0,21,1
8290,XML100_3241_07,100,235.0,24268.0,23,0
8291,XML100_3241_08,100,228.0,43336.0,21,1
8292,XML100_3241_09,100,198.0,33887.0,22,1
8293,XML100_3241_10,100,241.0,44482.0,22,1
8294,XML100_3241_11,100,248.0,41970.0,22,1
8295,XML100_3241_12,100,239.0,40843.0,21,1
8296,XML100_3241_13,100,254.0,38828.0,22,1
8297,XML100_3241_14,100,196.0,41186.0,27,1
8298,XML100_3241_15,100,213.0,40587.0,27,1
8299,XML100_3241_16,100,183.0,47666.0,30,1
8300,XML100_3241_17,100,249.0,29935.0,21,1
8301,XML100_3241_18,100,215.0,46051.0,26,1
8302,XML100_3241_19,100,249.0,27403.0,21,1
8303,XML100_3241_20,100,199.0,47977.0,26,1
8304,XML100_3241_21,100,133.0,45753.0,32,1
8305,XML100_3241_22,100,162.0,49520.0,32,1
8306,XML100_3241_23,100,190.0,32419.0,28,1
8307,XML100_3241_24,100,171.0,46924.0,29,1
8308,XML100_3241_25,100,190.0,50086.0,28,1
8309,XML100_3241_26,100,205.0,41430.0,25,1
8310,XML100_3242_01,100,276.0,36520.0,20,1
8311,XML100_3242_02,100,311.0,29649.0,16,1
8312,XML100_3242_03,100,387.0,16998.0,15,1
8313,XML100_3242_04,100,318.0,24687.0,16,1
8314,XML100_3242_05,100,389.0,20445.0,13,1
8315,XML100_3242_06,100,343.0,24469.0,15,1
8316,XML100_3242_07,100,335.0,25092.0,16,1
8317,XML100_3242_08,100,358.0,16493.0,14,1
8318,XML100_3242_09,100,396.0,20912.0,13,1
8319,XML100_3242_10,100,321.0,31856.0,17,1
8320,XML100_3242_11,100,354.0,21708.0,13,1
8321,XML100_3242_12,100,280.0,32155.0,20,1
8322,XML100_3242_13,100,332.0,27292.0,16,1
8323,XML100_3242_14,100,300.0,25840.0,18,1
8324,XML100_3242_15,100,301.0,31181.0,19,1
8325,XML100_3242_16,100,309.0,31374.0,17,1
8326,XML100_3242_17,100,303.0,35563.0,17,1
8327,XML100_3242_18,100,356.0,24440.0,15,1
8328,XML100_3242_19,100,304.0,23831.0,15,1
8329,XML100_3242_20,100,302.0,28483.0,17,1
8330,XML100_3242_21,100,311.0,27801.0,17,1
8331,XML100_3242_22,100,253.0,34646.0,19,1
8332,XML100_3242_23,100,378.0,23048.0,14,1
8333,XML100_3242_24,100,289.0,34668.0,17,1
8334,XML100_3242_25,100,251.0,34112.0,19,1
8335,XML100_3242_26,100,356.0,19263.0,15,1
8336,XML100_3243_01,100,407.0,26627.0,13,1
8337,XML100_3243_02,100,486.0,18550.0,11,1
8338,XML100_3243_03,100,431.0,26609.0,12,1
8339,XML100_3243_04,100,478.0,17654.0,12,1
8340,XML100_3243_05,100,491.0,20305.0,11,1
8341,XML100_3243_06,100,360.0,19061.0,13,1
8342,XML100_3243_07,100,526.0,14289.0,10,1
8343,XML100_3243_08,100,486.0,23289.0,11,1
8344,XML100_3243_09,100,453.0,21150.0,11,1
8345,XML100_3243_10,100,475.0,19013.0,12,1
8346,XML100_3243_11,100,482.0,24454.0,11,1
8347,XML100_3243_12,100,567.0,22695.0,10,1
8348,XML100_3243_13,100,634.0,16061.0,9,1
8349,XML100_3243_14,100,436.0,22330.0,12,1
8350,XML100_3243_15,100,559.0,15134.0,9,1
8351,XML100_3243_16,100,474.0,24517.0,12,1
8352,XML100_3243_17,100,452.0,22849.0,11,1
8353,XML100_3243_18,100,589.0,17995.0,9,1
8354,XML100_3243_19,100,590.0,11931.0,9,1
8355,XML100_3243_20,100,437.0,18445.0,11,1
8356,XML100_3243_21,100,417.0,27850.0,13,1
8357,XML100_3243_22,100,550.0,18458.0,10,1
8358,XML100_3243_23,100,477.0,18466.0,12,1
8359,XML100_3243_24,100,585.0,16388.0,9,1
8360,XML100_3243_25,100,473.0,18976.0,11,1
8361,XML100_3243_26,100,565.0,15422.0,9,1
8362,XML100_3244_01,100,692.0,14705.0,9,1
8363,XML100_3244_02,100,747.0,14187.0,7,1
8364,XML100_3244_03,100,624.0,13072.0,8,1
8365,XML100_3244_04,100,667.0,12423.0,8,1
8366,XML100_3244_05,100,808.0,14271.0,7,1
8367,XML100_3244_06,100,798.0,14222.0,7,1
8368,XML100_3244_07,100,799.0,16365.0,7,1
8369,XML100_3244_08,100,654.0,11663.0,8,1
8370,XML100_3244_09,100,699.0,13988.0,8,1
8371,XML100_3244_10,100,755.0,9709.0,8,1
8372,XML100_3244_11,100,696.0,15762.0,8,1
8373,XML100_3244_12,100,775.0,13268.0,7,1
8374,XML100_3244_13,100,825.0,13107.0,7,1
8375,XML100_3244_14,100,717.0,12210.0,8,1
8376,XML100_3244_15,100,597.0,14220.0,9,1
8377,XML100_3244_16,100,647.0,17653.0,8,1
8378,XML100_3244_17,100,633.0,7541.0,8,1
8379,XML100_3244_18,100,703.0,12774.0,8,1
8380,XML100_3244_19,100,795.0,13468.0,7,1
8381,XML100_3244_20,100,726.0,15562.0,7,1
8382,XML100_3244_21,100,681.0,15366.0,8,1
8383,XML100_3244_22,100,848.0,11197.0,8,1
8384,XML100_3244_23,100,733.0,14189.0,8,1
8385,XML100_3244_24,100,656.0,13920.0,8,1
8386,XML100_3244_25,100,691.0,16531.0,8,1
8387,XML100_3244_26,100,744.0,12575.0,8,1
8388,XML100_3245_01,100,1152.0,11347.0,5,1
8389,XML100_3245_02,100,952.0,12486.0,6,1
8390,XML100_3245_03,100,1299.0,10663.0,5,1
8391,XML100_3245_04,100,927.0,14133.0,6,1
8392,XML100_3245_05,100,952.0,13586.0,6,1
8393,XML100_3245_06,100,1059.0,11160.0,5,1
8394,XML100_3245_07,100,855.0,10953.0,7,1
8395,XML100_3245_08,100,830.0,10633.0,6,1
8396,XML100_3245_09,100,862.0,11899.0,7,1
8397,XML100_3245_10,100,922.0,12588.0,6,1
8398,XML100_3245_11,100,1075.0,12414.0,6,1
8399,XML100_3245_12,100,867.0,12504.0,6,1
8400,XML100_3245_13,100,922.0,13870.0,6,1
8401,XML100_3245_14,100,1114.0,8844.0,5,1
8402,XML100_3245_15,100,1089.0,11323.0,5,1
8403,XML100_3245_16,100,1236.0,9604.0,5,1
8404,XML100_3245_17,100,983.0,8458.0,5,1
8405,XML100_3245_18,100,904.0,12232.0,6,1
8406,XML100_3245_19,100,889.0,14642.0,6,1
8407,XML100_3245_20,100,1259.0,10671.0,5,1
8408,XML100_3245_21,100,940.0,12183.0,6,1
8409,XML100_3245_22,100,1026.0,13062.0,5,1
8410,XML100_3245_23,100,889.0,8508.0,6,1
8411,XML100_3245_24,100,843.0,13274.0,7,1
8412,XML100_3245_25,100,1045.0,11326.0,5,1
8413,XML100_3245_26,100,1096.0,10853.0,5,1
8414,XML100_3246_01,100,2430.0,8517.0,3,1
8415,XML100_3246_02,100,1388.0,8254.0,4,1
8416,XML100_3246_03,100,1983.0,7271.0,3,1
8417,XML100_3246_04,100,2038.0,8439.0,3,1
8418,XML100_3246_05,100,1361.0,8966.0,4,1
8419,XML100_3246_06,100,2051.0,8365.0,3,1
8420,XML100_3246_07,100,1369.0,9278.0,4,1
8421,XML100_3246_08,100,1516.0,9503.0,4,1
8422,XML100_3246_09,100,2335.0,7672.0,3,1
8423,XML100_3246_10,100,2142.0,8994.0,3,1
8424,XML100_3246_11,100,1340.0,9050.0,4,1
8425,XML100_3246_12,100,1454.0,8575.0,3,1
8426,XML100_3246_13,100,1276.0,7927.0,4,1
8427,XML100_3246_14,100,2304.0,6169.0,3,1
8428,XML100_3246_15,100,2223.0,5560.0,3,1
8429,XML100_3246_16,100,1778.0,9448.0,4,1
8430,XML100_3246_17,100,1993.0,8363.0,3,1
8431,XML100_3246_18,100,1545.0,7301.0,4,1
8432,XML100_3246_19,100,1526.0,7632.0,4,1
8433,XML100_3246_20,100,2100.0,7925.0,3,1
8434,XML100_3246_21,100,2202.0,6672.0,3,1
8435,XML100_3246_22,100,2669.0,6151.0,3,1
8436,XML100_3246_23,100,2227.0,5907.0,3,1
8437,XML100_3246_24,100,2122.0,7411.0,3,1
8438,XML100_3246_25,100,2711.0,7834.0,3,1
8439,XML100_3246_26,100,1951.0,8774.0,3,1
8440,XML100_3251_01,100,313.0,44697.0,24,1
8441,XML100_3251_02,100,350.0,41969.0,22,1
8442,XML100_3251_03,100,258.0,38183.0,30,1
8443,XML100_3251_04,100,257.0,34163.0,29,1
8444,XML100_3251_05,100,249.0,47312.0,31,1
8445,XML100_3251_06,100,228.0,45450.0,33,1
8446,XML100_3251_07,100,348.0,34803.0,22,1
8447,XML100_3251_08,100,250.0,45176.0,30,1
8448,XML100_3251_09,100,297.0,41167.0,25,1
8449,XML100_3251_10,100,325.0,42610.0,24,1
8450,XML100_3251_11,100,316.0,33275.0,24,1
8451,XML100_3251_12,100,345.0,31949.0,22,1
8452,XML100_3251_13,100,316.0,36212.0,25,1
8453,XML100_3251_14,100,300.0,37534.0,25,1
8454,XML100_3251_15,100,261.0,60559.0,29,1
8455,XML100_3251_16,100,315.0,57158.0,25,1
8456,XML100_3251_17,100,306.0,48136.0,25,1
8457,XML100_3251_18,100,266.0,35927.0,29,1
8458,XML100_3251_19,100,235.0,55443.0,32,1
8459,XML100_3251_20,100,346.0,23742.0,22,1
8460,XML100_3251_21,100,305.0,44726.0,25,1
8461,XML100_3251_22,100,313.0,39618.0,25,1
8462,XML100_3251_23,100,341.0,34211.0,22,1
8463,XML100_3251_24,100,297.0,54286.0,27,1
8464,XML100_3251_25,100,337.0,39495.0,23,1
8465,XML100_3251_26,100,282.0,41421.0,28,1
8466,XML100_3252_01,100,484.0,25585.0,15,1
8467,XML100_3252_02,100,406.0,34407.0,19,1
8468,XML100_3252_03,100,541.0,17362.0,14,1
8469,XML100_3252_04,100,571.0,23407.0,14,1
8470,XML100_3252_05,100,583.0,22841.0,13,1
8471,XML100_3252_06,100,550.0,24106.0,14,1
8472,XML100_3252_07,100,416.0,30901.0,18,1
8473,XML100_3252_08,100,593.0,25531.0,14,1
8474,XML100_3252_09,100,433.0,26740.0,18,1
8475,XML100_3252_10,100,475.0,27078.0,16,1
8476,XML100_3252_11,100,508.0,24411.0,15,1
8477,XML100_3252_12,100,554.0,26100.0,14,1
8478,XML100_3252_13,100,573.0,23464.0,13,1
8479,XML100_3252_14,100,480.0,26823.0,16,1
8480,XML100_3252_15,100,467.0,36883.0,17,1
8481,XML100_3252_16,100,549.0,24306.0,14,1
8482,XML100_3252_17,100,460.0,34586.0,17,1
8483,XML100_3252_18,100,410.0,33599.0,19,1
8484,XML100_3252_19,100,372.0,40802.0,20,1
8485,XML100_3252_20,100,541.0,18329.0,14,1
8486,XML100_3252_21,100,438.0,30302.0,18,1
8487,XML100_3252_22,100,554.0,21583.0,14,1
8488,XML100_3252_23,100,580.0,20797.0,14,1
8489,XML100_3252_24,100,385.0,22051.0,20,1
8490,XML100_3252_25,100,541.0,32220.0,15,1
8491,XML100_3252_26,100,548.0,27026.0,14,1
8492,XML100_3253_01,100,868.0,14426.0,9,1
8493,XML100_3253_02,100,724.0,20320.0,11,1
8494,XML100_3253_03,100,631.0,20956.0,13,1
8495,XML100_3253_04,100,790.0,16564.0,10,1
8496,XML100_3253_05,100,660.0,24999.0,12,1
8497,XML100_3253_06,100,640.0,22522.0,12,1
8498,XML100_3253_07,100,873.0,14697.0,9,1
8499,XML100_3253_08,100,622.0,22403.0,13,1
8500,XML100_3253_09,100,789.0,16903.0,10,1
8501,XML100_3253_10,100,725.0,20596.0,11,1
8502,XML100_3253_11,100,743.0,17533.0,11,1
8503,XML100_3253_12,100,629.0,17961.0,13,1
8504,XML100_3253_13,100,648.0,25532.0,12,1
8505,XML100_3253_14,100,678.0,17308.0,11,1
8506,XML100_3253_15,100,881.0,11195.0,9,1
8507,XML100_3253_16,100,796.0,21578.0,10,1
8508,XML100_3253_17,100,861.0,17839.0,9,1
8509,XML100_3253_18,100,808.0,13454.0,10,1
8510,XML100_3253_19,100,729.0,20985.0,11,1
8511,XML100_3253_20,100,802.0,21245.0,10,1
8512,XML100_3253_21,100,791.0,19093.0,10,1
8513,XML100_3253_22,100,756.0,17474.0,10,1
8514,XML100_3253_23,100,733.0,16985.0,10,1
8515,XML100_3253_24,100,629.0,21984.0,12,1
8516,XML100_3253_25,100,866.0,16243.0,9,1
8517,XML100_3253_26,100,878.0,18921.0,9,1
8518,XML100_3254_01,100,1064.0,16131.0,8,1
8519,XML100_3254_02,100,932.0,14443.0,8,1
8520,XML100_3254_03,100,1144.0,11639.0,7,1
8521,XML100_3254_04,100,1088.0,14397.0,7,1
8522,XML100_3254_05,100,1034.0,11681.0,8,1
8523,XML100_3254_06,100,1167.0,13192.0,7,1
8524,XML100_3254_07,100,959.0,20329.0,8,1
8525,XML100_3254_08,100,888.0,15362.0,9,1
8526,XML100_3254_09,100,1059.0,14455.0,8,1
8527,XML100_3254_10,100,944.0,12307.0,8,1
8528,XML100_3254_11,100,1053.0,10146.0,8,1
8529,XML100_3254_12,100,1095.0,15198.0,7,1
8530,XML100_3254_13,100,972.0,18057.0,8,1
8531,XML100_3254_14,100,1058.0,17237.0,8,1
8532,XML100_3254_15,100,920.0,16176.0,9,1
8533,XML100_3254_16,100,1053.0,14009.0,8,1
8534,XML100_3254_17,100,1038.0,13217.0,8,1
8535,XML100_3254_18,100,1093.0,14365.0,7,1
8536,XML100_3254_19,100,1010.0,11911.0,8,1
8537,XML100_3254_20,100,1028.0,15107.0,8,1
8538,XML100_3254_21,100,1151.0,14426.0,7,1
8539,XML100_3254_22,100,1097.0,14865.0,7,1
8540,XML100_3254_23,100,947.0,16844.0,8,1
8541,XML100_3254_24,100,958.0,13084.0,8,1
8542,XML100_3254_25,100,1168.0,13137.0,7,1
8543,XML100_3254_26,100,998.0,11279.0,8,1
8544,XML100_3255_01,100,1567.0,11368.0,5,1
8545,XML100_3255_02,100,1776.0,11586.0,5,1
8546,XML100_3255_03,100,1745.0,9755.0,5,1
8547,XML100_3255_04,100,1333.0,12064.0,6,1
8548,XML100_3255_05,100,1619.0,12045.0,5,1
8549,XML100_3255_06,100,1207.0,10243.0,7,1
8550,XML100_3255_07,100,1746.0,7952.0,5,1
8551,XML100_3255_08,100,1346.0,10080.0,6,1
8552,XML100_3255_09,100,1763.0,11582.0,5,1
8553,XML100_3255_10,100,1295.0,15264.0,6,1
8554,XML100_3255_11,100,1555.0,11891.0,5,1
8555,XML100_3255_12,100,1828.0,8393.0,5,1
8556,XML100_3255_13,100,1503.0,11963.0,6,1
8557,XML100_3255_14,100,1541.0,10673.0,5,1
8558,XML100_3255_15,100,1428.0,14003.0,6,1
8559,XML100_3255_16,100,1284.0,11175.0,6,1
8560,XML100_3255_17,100,1735.0,6164.0,5,1
8561,XML100_3255_18,100,1366.0,13282.0,6,1
8562,XML100_3255_19,100,1512.0,13074.0,5,1
8563,XML100_3255_20,100,1429.0,13621.0,6,1
8564,XML100_3255_21,100,1248.0,11552.0,6,1
8565,XML100_3255_22,100,1783.0,10837.0,5,1
8566,XML100_3255_23,100,1497.0,11394.0,6,1
8567,XML100_3255_24,100,1515.0,9578.0,5,1
8568,XML100_3255_25,100,1708.0,11373.0,5,1
8569,XML100_3255_26,100,1839.0,9854.0,5,1
8570,XML100_3256_01,100,3287.0,6826.0,3,1
8571,XML100_3256_02,100,2739.0,8967.0,3,1
8572,XML100_3256_03,100,3201.0,6045.0,3,1
8573,XML100_3256_04,100,2031.0,9336.0,4,1
8574,XML100_3256_05,100,2350.0,9409.0,4,1
8575,XML100_3256_06,100,3698.0,7168.0,3,1
8576,XML100_3256_07,100,3547.0,8777.0,3,1
8577,XML100_3256_08,100,3502.0,9027.0,3,1
8578,XML100_3256_09,100,3503.0,8590.0,3,1
8579,XML100_3256_10,100,2210.0,7289.0,4,1
8580,XML100_3256_11,100,3374.0,6720.0,3,1
8581,XML100_3256_12,100,3656.0,8050.0,3,1
8582,XML100_3256_13,100,3328.0,8095.0,3,1
8583,XML100_3256_14,100,3605.0,8072.0,3,1
8584,XML100_3256_15,100,3563.0,7467.0,3,1
8585,XML100_3256_16,100,2518.0,8073.0,3,1
8586,XML100_3256_17,100,3034.0,7515.0,3,1
8587,XML100_3256_18,100,2069.0,7217.0,4,1
8588,XML100_3256_19,100,2599.0,7916.0,3,1
8589,XML100_3256_20,100,3190.0,7608.0,3,1
8590,XML100_3256_21,100,1992.0,8729.0,4,1
8591,XML100_3256_22,100,2405.0,9018.0,4,1
8592,XML100_3256_23,100,2828.0,7190.0,3,1
8593,XML100_3256_24,100,3632.0,8537.0,3,1
8594,XML100_3256_25,100,3290.0,7011.0,3,1
8595,XML100_3256_26,100,2214.0,8345.0,4,1
8596,XML100_3261_01,100,141.0,49951.0,32,1
8597,XML100_3261_02,100,111.0,50108.0,29,1
8598,XML100_3261_03,100,208.0,50612.0,24,1
8599,XML100_3261_04,100,223.0,47562.0,23,1
8600,XML100_3261_05,100,159.0,54519.0,29,1
8601,XML100_3261_06,100,217.0,31332.0,23,1
8602,XML100_3261_07,100,187.0,69316.0,32,1
8603,XML100_3261_08,100,234.0,28802.0,24,1
8604,XML100_3261_09,100,221.0,58870.0,28,1
8605,XML100_3261_10,100,207.0,54900.0,29,1
8606,XML100_3261_11,100,134.0,64032.0,31,1
8607,XML100_3261_12,100,307.0,18330.0,21,1
8608,XML100_3261_13,100,279.0,28684.0,23,1
8609,XML100_3261_14,100,240.0,44404.0,24,1
8610,XML100_3261_15,100,156.0,60970.0,31,1
8611,XML100_3261_16,100,310.0,21109.0,21,1
8612,XML100_3261_17,100,259.0,25316.0,28,1
8613,XML100_3261_18,100,180.0,58657.0,34,1
8614,XML100_3261_19,100,173.0,34579.0,23,1
8615,XML100_3261_20,100,278.0,36010.0,21,1
8616,XML100_3261_21,100,244.0,34241.0,27,1
8617,XML100_3261_22,100,223.0,33299.0,30,1
8618,XML100_3261_23,100,113.0,45120.0,24,1
8619,XML100_3261_24,100,197.0,56166.0,32,1
8620,XML100_3261_25,100,185.0,55539.0,31,1
8621,XML100_3261_26,100,155.0,48778.0,26,1
8622,XML100_3262_01,100,313.0,17647.0,14,1
8623,XML100_3262_02,100,467.0,27111.0,15,1
8624,XML100_3262_03,100,562.0,21450.0,14,1
8625,XML100_3262_04,100,410.0,35015.0,18,1
8626,XML100_3262_05,100,271.0,43256.0,19,1
8627,XML100_3262_06,100,379.0,28806.0,13,1
8628,XML100_3262_07,100,278.0,22577.0,14,1
8629,XML100_3262_08,100,379.0,19274.0,15,1
8630,XML100_3262_09,100,403.0,16775.0,15,1
8631,XML100_3262_10,100,392.0,27834.0,15,1
8632,XML100_3262_11,100,262.0,18613.0,15,1
8633,XML100_3262_12,100,318.0,28654.0,17,1
8634,XML100_3262_13,100,379.0,27019.0,16,1
8635,XML100_3262_14,100,288.0,32923.0,15,1
8636,XML100_3262_15,100,410.0,20012.0,16,1
8637,XML100_3262_16,100,478.0,21884.0,13,1
8638,XML100_3262_17,100,339.0,32172.0,18,1
8639,XML100_3262_18,100,341.0,33540.0,16,1
8640,XML100_3262_19,100,467.0,26329.0,13,1
8641,XML100_3262_20,100,231.0,25176.0,14,1
8642,XML100_3262_21,100,288.0,36292.0,18,1
8643,XML100_3262_22,100,163.0,32534.0,20,1
8644,XML100_3262_23,100,271.0,31927.0,16,1
8645,XML100_3262_24,100,448.0,15139.0,13,1
8646,XML100_3262_25,100,366.0,19733.0,14,1
8647,XML100_3262_26,100,321.0,26733.0,18,1
8648,XML100_3263_01,100,666.0,22685.0,9,1
8649,XML100_3263_02,100,440.0,23424.0,11,1
8650,XML100_3263_03,100,601.0,16491.0,10,1
8651,XML100_3263_04,100,443.0,16767.0,11,1
8652,XML100_3263_05,100,368.0,16727.0,9,1
8653,XML100_3263_06,100,471.0,15640.0,10,1
8654,XML100_3263_07,100,437.0,19227.0,12,1
8655,XML100_3263_08,100,607.0,16134.0,9,1
8656,XML100_3263_09,100,808.0,21832.0,9,1
8657,XML100_3263_10,100,278.0,20917.0,11,1
8658,XML100_3263_11,100,578.0,24665.0,12,1
8659,XML100_3263_12,100,227.0,24712.0,13,1
8660,XML100_3263_13,100,450.0,17526.0,9,1
8661,XML100_3263_14,100,510.0,16202.0,11,1
8662,XML100_3263_15,100,486.0,29050.0,13,1
8663,XML100_3263_16,100,657.0,19061.0,9,1
8664,XML100_3263_17,100,636.0,18245.0,9,1
8665,XML100_3263_18,100,455.0,13349.0,10,1
8666,XML100_3263_19,100,444.0,25004.0,12,1
8667,XML100_3263_20,100,603.0,21265.0,9,1
8668,XML100_3263_21,100,659.0,13827.0,10,1
8669,XML100_3263_22,100,528.0,25529.0,12,1
8670,XML100_3263_23,100,345.0,21049.0,13,1
8671,XML100_3263_24,100,594.0,19379.0,11,1
8672,XML100_3263_25,100,598.0,21014.0,10,1
8673,XML100_3263_26,100,752.0,8209.0,11,1
8674,XML100_3264_01,100,821.0,15866.0,8,1
8675,XML100_3264_02,100,440.0,12974.0,8,1
8676,XML100_3264_03,100,734.0,11753.0,8,1
8677,XML100_3264_04,100,706.0,12942.0,7,1
8678,XML100_3264_05,100,846.0,12272.0,7,1
8679,XML100_3264_06,100,619.0,9780.0,7,1
8680,XML100_3264_07,100,859.0,10915.0,7,1
8681,XML100_3264_08,100,665.0,11471.0,7,1
8682,XML100_3264_09,100,812.0,10128.0,7,1
8683,XML100_3264_10,100,609.0,14184.0,9,1
8684,XML100_3264_11,100,738.0,16018.0,8,1
8685,XML100_3264_12,100,712.0,12913.0,7,1
8686,XML100_3264_13,100,720.0,10031.0,7,1
8687,XML100_3264_14,100,548.0,17057.0,9,1
8688,XML100_3264_15,100,859.0,16238.0,8,1
8689,XML100_3264_16,100,775.0,7745.0,7,1
8690,XML100_3264_17,100,669.0,11984.0,8,1
8691,XML100_3264_18,100,517.0,14342.0,7,1
8692,XML100_3264_19,100,678.0,12038.0,7,1
8693,XML100_3264_20,100,612.0,12610.0,8,1
8694,XML100_3264_21,100,406.0,13478.0,7,1
8695,XML100_3264_22,100,878.0,17015.0,9,1
8696,XML100_3264_23,100,844.0,13160.0,7,1
8697,XML100_3264_24,100,1123.0,7692.0,7,1
8698,XML100_3264_25,100,838.0,8664.0,9,1
8699,XML100_3264_26,100,631.0,10635.0,8,1
8700,XML100_3265_01,100,1857.0,13130.0,5,1
8701,XML100_3265_02,100,1060.0,12709.0,5,1
8702,XML100_3265_03,100,1322.0,9477.0,6,1
8703,XML100_3265_04,100,555.0,12734.0,6,1
8704,XML100_3265_05,100,910.0,8516.0,6,1
8705,XML100_3265_06,100,1441.0,10579.0,5,1
8706,XML100_3265_07,100,562.0,12194.0,6,1
8707,XML100_3265_08,100,885.0,12794.0,6,1
8708,XML100_3265_09,100,944.0,13550.0,6,1
8709,XML100_3265_10,100,1194.0,8003.0,5,1
8710,XML100_3265_11,100,1164.0,8296.0,5,1
8711,XML100_3265_12,100,932.0,10976.0,6,1
8712,XML100_3265_13,100,977.0,10262.0,5,1
8713,XML100_3265_14,100,1567.0,9463.0,5,1
8714,XML100_3265_15,100,1109.0,11324.0,5,1
8715,XML100_3265_16,100,1064.0,11810.0,5,1
8716,XML100_3265_17,100,1127.0,10725.0,6,1
8717,XML100_3265_18,100,849.0,9452.0,6,1
8718,XML100_3265_19,100,874.0,11681.0,5,1
8719,XML100_3265_20,100,886.0,9463.0,5,1
8720,XML100_3265_21,100,849.0,10757.0,5,1
8721,XML100_3265_22,100,912.0,12162.0,6,1
8722,XML100_3265_23,100,1416.0,7608.0,5,1
8723,XML100_3265_24,100,1340.0,10956.0,5,1
8724,XML100_3265_25,100,718.0,12335.0,6,1
8725,XML100_3265_26,100,854.0,10015.0,5,1
8726,XML100_3266_01,100,1823.0,8702.0,3,1
8727,XML100_3266_02,100,2426.0,7411.0,3,1
8728,XML100_3266_03,100,2805.0,8774.0,3,1
8729,XML100_3266_04,100,1327.0,9858.0,4,1
8730,XML100_3266_05,100,1148.0,7922.0,4,1
8731,XML100_3266_06,100,1651.0,7468.0,3,1
8732,XML100_3266_07,100,1498.0,8771.0,4,1
8733,XML100_3266_08,100,1253.0,8636.0,4,1
8734,XML100_3266_09,100,2319.0,7871.0,3,1
8735,XML100_3266_10,100,2215.0,5784.0,3,1
8736,XML100_3266_11,100,2005.0,8693.0,3,1
8737,XML100_3266_12,100,1377.0,8823.0,4,1
8738,XML100_3266_13,100,1591.0,7965.0,4,1
8739,XML100_3266_14,100,1668.0,9226.0,4,1
8740,XML100_3266_15,100,2312.0,5120.0,4,1
8741,XML100_3266_16,100,1617.0,8787.0,3,1
8742,XML100_3266_17,100,1102.0,7626.0,3,1
8743,XML100_3266_18,100,1481.0,7238.0,4,1
8744,XML100_3266_19,100,2352.0,7781.0,3,1
8745,XML100_3266_20,100,1554.0,8928.0,3,1
8746,XML100_3266_21,100,2440.0,8732.0,3,1
8747,XML100_3266_22,100,2722.0,8110.0,3,1
8748,XML100_3266_23,100,1487.0,7637.0,4,1
8749,XML100_3266_24,100,2436.0,7289.0,3,1
8750,XML100_3266_25,100,2429.0,7316.0,3,1
8751,XML100_3266_26,100,2311.0,5593.0,3,1
8752,XML100_3271_01,100,122.0,32673.0,27,1
8753,XML100_3271_02,100,121.0,37503.0,23,1
8754,XML100_3271_03,100,123.0,37640.0,24,1
8755,XML100_3271_04,100,127.0,50311.0,28,1
8756,XML100_3271_05,100,118.0,38519.0,25,1
8757,XML100_3271_06,100,123.0,48699.0,26,1
8758,XML100_3271_07,100,123.0,54894.0,28,1
8759,XML100_3271_08,100,117.0,52606.0,37,1
8760,XML100_3271_09,100,120.0,41157.0,27,1
8761,XML100_3271_10,100,119.0,47835.0,28,0
8762,XML100_3271_11,100,122.0,60790.0,30,0
8763,XML100_3271_12,100,122.0,40092.0,25,1
8764,XML100_3271_13,100,119.0,46673.0,32,1
8765,XML100_3271_14,100,113.0,51130.0,36,1
8766,XML100_3271_15,100,124.0,55418.0,27,1
8767,XML100_3271_16,100,115.0,54477.0,35,1
8768,XML100_3271_17,100,124.0,55332.0,34,1
8769,XML100_3271_18,100,127.0,46557.0,32,1
8770,XML100_3271_19,100,124.0,46562.0,30,1
8771,XML100_3271_20,100,114.0,47694.0,35,1
8772,XML100_3271_21,100,120.0,79768.0,40,1
8773,XML100_3271_22,100,125.0,57378.0,38,0
8774,XML100_3271_23,100,116.0,34644.0,28,1
8775,XML100_3271_24,100,119.0,45406.0,29,0
8776,XML100_3271_25,100,119.0,36510.0,31,0
8777,XML100_3271_26,100,126.0,39692.0,26,0
8778,XML100_3272_01,100,136.0,22241.0,14,1
8779,XML100_3272_02,100,126.0,26794.0,16,1
8780,XML100_3272_03,100,129.0,26351.0,16,1
8781,XML100_3272_04,100,136.0,12681.0,15,1
8782,XML100_3272_05,100,137.0,26995.0,14,1
8783,XML100_3272_06,100,138.0,28176.0,15,1
8784,XML100_3272_07,100,128.0,35241.0,23,1
8785,XML100_3272_08,100,137.0,38525.0,20,1
8786,XML100_3272_09,100,122.0,40394.0,21,1
8787,XML100_3272_10,100,127.0,41350.0,19,1
8788,XML100_3272_11,100,145.0,26640.0,13,1
8789,XML100_3272_12,100,139.0,21738.0,14,1
8790,XML100_3272_13,100,138.0,17873.0,14,1
8791,XML100_3272_14,100,124.0,42851.0,22,1
8792,XML100_3272_15,100,135.0,25615.0,15,1
8793,XML100_3272_16,100,133.0,31163.0,16,1
8794,XML100_3272_17,100,135.0,26382.0,17,1
8795,XML100_3272_18,100,128.0,26494.0,14,1
8796,XML100_3272_19,100,142.0,21884.0,15,1
8797,XML100_3272_20,100,128.0,35899.0,20,1
8798,XML100_3272_21,100,137.0,37909.0,16,1
8799,XML100_3272_22,100,143.0,23818.0,13,1
8800,XML100_3272_23,100,145.0,23114.0,13,1
8801,XML100_3272_24,100,132.0,40054.0,22,1
8802,XML100_3272_25,100,130.0,26329.0,15,1
8803,XML100_3272_26,100,130.0,32496.0,18,1
8804,XML100_3273_01,100,159.0,17133.0,9,1
8805,XML100_3273_02,100,151.0,18048.0,11,1
8806,XML100_3273_03,100,155.0,15323.0,9,1
8807,XML100_3273_04,100,150.0,21484.0,11,1
8808,XML100_3273_05,100,152.0,21332.0,12,1
8809,XML100_3273_06,100,165.0,14567.0,9,1
8810,XML100_3273_07,100,153.0,16250.0,9,1
8811,XML100_3273_08,100,149.0,20250.0,10,1
8812,XML100_3273_09,100,140.0,21365.0,11,1
8813,XML100_3273_10,100,160.0,14096.0,9,1
8814,XML100_3273_11,100,147.0,26358.0,12,1
8815,XML100_3273_12,100,157.0,14771.0,9,1
8816,XML100_3273_13,100,136.0,20142.0,10,1
8817,XML100_3273_14,100,143.0,11730.0,10,1
8818,XML100_3273_15,100,147.0,14852.0,10,1
8819,XML100_3273_16,100,151.0,20191.0,10,1
8820,XML100_3273_17,100,148.0,18166.0,11,1
8821,XML100_3273_18,100,163.0,19938.0,9,1
8822,XML100_3273_19,100,153.0,15577.0,9,1
8823,XML100_3273_20,100,151.0,21203.0,10,1
8824,XML100_3273_21,100,151.0,20025.0,10,1
8825,XML100_3273_22,100,150.0,17730.0,12,1
8826,XML100_3273_23,100,136.0,30278.0,13,1
8827,XML100_3273_24,100,139.0,21032.0,13,1
8828,XML100_3273_25,100,156.0,18981.0,9,1
8829,XML100_3273_26,100,153.0,17197.0,9,1
8830,XML100_3274_01,100,169.0,6490.0,8,1
8831,XML100_3274_02,100,170.0,13096.0,8,1
8832,XML100_3274_03,100,179.0,13492.0,7,1
8833,XML100_3274_04,100,173.0,13563.0,7,1
8834,XML100_3274_05,100,179.0,14069.0,8,1
8835,XML100_3274_06,100,157.0,10204.0,8,1
8836,XML100_3274_07,100,167.0,14896.0,7,1
8837,XML100_3274_08,100,158.0,8556.0,8,1
8838,XML100_3274_09,100,174.0,15328.0,8,1
8839,XML100_3274_10,100,168.0,17815.0,9,1
8840,XML100_3274_11,100,157.0,14420.0,9,1
8841,XML100_3274_12,100,153.0,14726.0,8,1
8842,XML100_3274_13,100,153.0,12546.0,8,1
8843,XML100_3274_14,100,181.0,12602.0,7,1
8844,XML100_3274_15,100,172.0,16282.0,8,1
8845,XML100_3274_16,100,155.0,10876.0,8,1
8846,XML100_3274_17,100,165.0,11646.0,8,1
8847,XML100_3274_18,100,162.0,19637.0,9,1
8848,XML100_3274_19,100,164.0,11626.0,9,1
8849,XML100_3274_20,100,169.0,16959.0,8,1
8850,XML100_3274_21,100,172.0,14702.0,8,1
8851,XML100_3274_22,100,173.0,13279.0,9,1
8852,XML100_3274_23,100,173.0,15360.0,8,1
8853,XML100_3274_24,100,176.0,12512.0,8,1
8854,XML100_3274_25,100,171.0,12692.0,7,1
8855,XML100_3274_26,100,169.0,13604.0,7,1
8856,XML100_3275_01,100,188.0,12555.0,6,1
8857,XML100_3275_02,100,232.0,8860.0,5,1
8858,XML100_3275_03,100,187.0,12938.0,5,1
8859,XML100_3275_04,100,177.0,14114.0,7,1
8860,XML100_3275_05,100,210.0,14867.0,6,1
8861,XML100_3275_06,100,217.0,8576.0,5,1
8862,XML100_3275_07,100,185.0,12171.0,6,1
8863,XML100_3275_08,100,206.0,10019.0,5,1
8864,XML100_3275_09,100,172.0,10727.0,6,1
8865,XML100_3275_10,100,213.0,10287.0,6,1
8866,XML100_3275_11,100,201.0,8078.0,5,1
8867,XML100_3275_12,100,194.0,13566.0,6,1
8868,XML100_3275_13,100,217.0,10150.0,5,1
8869,XML100_3275_14,100,211.0,7362.0,5,1
8870,XML100_3275_15,100,187.0,8968.0,5,1
8871,XML100_3275_16,100,193.0,10817.0,6,1
8872,XML100_3275_17,100,193.0,8718.0,5,1
8873,XML100_3275_18,100,176.0,13587.0,6,1
8874,XML100_3275_19,100,165.0,12101.0,6,1
8875,XML100_3275_20,100,193.0,8084.0,5,1
8876,XML100_3275_21,100,188.0,9614.0,6,1
8877,XML100_3275_22,100,207.0,9975.0,5,1
8878,XML100_3275_23,100,193.0,14105.0,6,1
8879,XML100_3275_24,100,215.0,11351.0,5,1
8880,XML100_3275_25,100,212.0,9721.0,5,1
8881,XML100_3275_26,100,202.0,9808.0,5,1
8882,XML100_3276_01,100,223.0,8273.0,4,1
8883,XML100_3276_02,100,288.0,8212.0,3,1
8884,XML100_3276_03,100,303.0,8523.0,3,1
8885,XML100_3276_04,100,266.0,10665.0,4,1
8886,XML100_3276_05,100,260.0,10922.0,4,1
8887,XML100_3276_06,100,271.0,7843.0,4,1
8888,XML100_3276_07,100,219.0,8938.0,4,1
8889,XML100_3276_08,100,291.0,8512.0,3,1
8890,XML100_3276_09,100,274.0,7064.0,3,1
8891,XML100_3276_10,100,273.0,8768.0,3,1
8892,XML100_3276_11,100,284.0,5917.0,3,1
8893,XML100_3276_12,100,242.0,8462.0,3,1
8894,XML100_3276_13,100,283.0,7822.0,3,1
8895,XML100_3276_14,100,266.0,8246.0,3,1
8896,XML100_3276_15,100,258.0,9155.0,3,1
8897,XML100_3276_16,100,325.0,7805.0,3,1
8898,XML100_3276_17,100,331.0,7891.0,3,1
8899,XML100_3276_18,100,320.0,7274.0,3,1
8900,XML100_3276_19,100,230.0,7956.0,4,1
8901,XML100_3276_20,100,299.0,8383.0,3,1
8902,XML100_3276_21,100,319.0,7161.0,3,1
8903,XML100_3276_22,100,289.0,6120.0,3,1
8904,XML100_3276_23,100,233.0,10746.0,4,1
8905,XML100_3276_24,100,240.0,9502.0,4,1
8906,XML100_3276_25,100,301.0,7624.0,3,1
8907,XML100_3276_26,100,322.0,8220.0,3,1
8908,XML100_3311_01,100,3.0,57020.0,34,1
8909,XML100_3311_02,100,4.0,39369.0,25,1
8910,XML100_3311_03,100,4.0,43350.0,25,1
8911,XML100_3311_04,100,4.0,44158.0,25,1
8912,XML100_3311_05,100,4.0,44863.0,25,1
8913,XML100_3311_06,100,4.0,43050.0,25,1
8914,XML100_3311_07,100,3.0,41589.0,34,1
8915,XML100_3311_08,100,3.0,48000.0,34,1
8916,XML100_3311_09,100,4.0,46128.0,25,1
8917,XML100_3311_10,100,3.0,47093.0,34,1
8918,XML100_3311_11,100,3.0,56254.0,34,1
8919,XML100_3311_12,100,3.0,58153.0,34,1
8920,XML100_3311_13,100,3.0,52717.0,34,1
8921,XML100_3311_14,100,3.0,53565.0,34,1
8922,XML100_3311_15,100,4.0,43042.0,25,1
8923,XML100_3311_16,100,4.0,42544.0,25,1
8924,XML100_3311_17,100,4.0,37241.0,25,1
8925,XML100_3311_18,100,3.0,53656.0,34,1
8926,XML100_3311_19,100,4.0,39567.0,25,1
8927,XML100_3311_20,100,4.0,49209.0,25,1
8928,XML100_3311_21,100,4.0,37628.0,25,1
8929,XML100_3311_22,100,4.0,50090.0,25,1
8930,XML100_3311_23,100,3.0,58905.0,34,1
8931,XML100_3311_24,100,3.0,54503.0,34,1
8932,XML100_3311_25,100,4.0,36926.0,25,1
8933,XML100_3311_26,100,3.0,64437.0,34,1
8934,XML100_3312_01,100,6.0,26958.0,17,1
8935,XML100_3312_02,100,6.0,30748.0,17,1
8936,XML100_3312_03,100,5.0,32284.0,20,1
8937,XML100_3312_04,100,5.0,32707.0,20,1
8938,XML100_3312_05,100,7.0,23805.0,15,1
8939,XML100_3312_06,100,6.0,27480.0,17,1
8940,XML100_3312_07,100,6.0,33392.0,17,1
8941,XML100_3312_08,100,5.0,33466.0,20,1
8942,XML100_3312_09,100,7.0,26690.0,15,1
8943,XML100_3312_10,100,6.0,31496.0,17,1
8944,XML100_3312_11,100,6.0,31568.0,17,1
8945,XML100_3312_12,100,5.0,35631.0,20,1
8946,XML100_3312_13,100,5.0,28776.0,20,1
8947,XML100_3312_14,100,6.0,28714.0,17,1
8948,XML100_3312_15,100,5.0,37741.0,20,1
8949,XML100_3312_16,100,6.0,29632.0,17,1
8950,XML100_3312_17,100,7.0,25645.0,15,1
8951,XML100_3312_18,100,6.0,33457.0,17,1
8952,XML100_3312_19,100,6.0,30950.0,17,1
8953,XML100_3312_20,100,6.0,30731.0,17,1
8954,XML100_3312_21,100,5.0,32269.0,20,1
8955,XML100_3312_22,100,6.0,34117.0,17,1
8956,XML100_3312_23,100,5.0,29733.0,20,1
8957,XML100_3312_24,100,6.0,27607.0,17,1
8958,XML100_3312_25,100,6.0,27540.0,17,1
8959,XML100_3312_26,100,7.0,26477.0,15,1
8960,XML100_3313_01,100,11.0,18491.0,10,1
8961,XML100_3313_02,100,10.0,18204.0,10,1
8962,XML100_3313_03,100,11.0,19652.0,10,1
8963,XML100_3313_04,100,10.0,21404.0,10,1
8964,XML100_3313_05,100,11.0,17337.0,10,1
8965,XML100_3313_06,100,9.0,23075.0,12,1
8966,XML100_3313_07,100,9.0,23661.0,12,1
8967,XML100_3313_08,100,11.0,17956.0,10,1
8968,XML100_3313_09,100,11.0,19836.0,10,1
8969,XML100_3313_10,100,10.0,20161.0,10,1
8970,XML100_3313_11,100,9.0,22391.0,12,1
8971,XML100_3313_12,100,8.0,21845.0,13,1
8972,XML100_3313_13,100,9.0,22814.0,12,1
8973,XML100_3313_14,100,9.0,21450.0,12,1
8974,XML100_3313_15,100,9.0,22311.0,12,1
8975,XML100_3313_16,100,10.0,15748.0,10,1
8976,XML100_3313_17,100,9.0,20374.0,12,1
8977,XML100_3313_18,100,9.0,20729.0,12,1
8978,XML100_3313_19,100,9.0,21579.0,12,1
8979,XML100_3313_20,100,11.0,17873.0,10,1
8980,XML100_3313_21,100,8.0,25891.0,13,1
8981,XML100_3313_22,100,10.0,20985.0,10,1
8982,XML100_3313_23,100,11.0,18334.0,10,1
8983,XML100_3313_24,100,11.0,17885.0,10,1
8984,XML100_3313_25,100,11.0,17148.0,10,1
8985,XML100_3313_26,100,10.0,20102.0,10,1
8986,XML100_3314_01,100,14.0,15679.0,8,1
8987,XML100_3314_02,100,13.0,14944.0,8,1
8988,XML100_3314_03,100,13.0,14773.0,8,1
8989,XML100_3314_04,100,14.0,15522.0,8,1
8990,XML100_3314_05,100,12.0,17760.0,9,1
8991,XML100_3314_06,100,14.0,16539.0,8,1
8992,XML100_3314_07,100,14.0,14944.0,8,1
8993,XML100_3314_08,100,13.0,16398.0,8,1
8994,XML100_3314_09,100,12.0,16667.0,9,1
8995,XML100_3314_10,100,15.0,14179.0,7,1
8996,XML100_3314_11,100,13.0,16394.0,8,1
8997,XML100_3314_12,100,14.0,15004.0,8,1
8998,XML100_3314_13,100,12.0,19020.0,9,1
8999,XML100_3314_14,100,14.0,15236.0,8,1
9000,XML100_3314_15,100,13.0,16728.0,8,1
9001,XML100_3314_16,100,13.0,17517.0,8,1
9002,XML100_3314_17,100,15.0,13388.0,7,1
9003,XML100_3314_18,100,13.0,15095.0,8,1
9004,XML100_3314_19,100,15.0,15050.0,7,1
9005,XML100_3314_20,100,13.0,17801.0,8,1
9006,XML100_3314_21,100,15.0,12406.0,7,1
9007,XML100_3314_22,100,13.0,16998.0,8,1
9008,XML100_3314_23,100,12.0,16351.0,9,1
9009,XML100_3314_24,100,12.0,19521.0,9,1
9010,XML100_3314_25,100,14.0,16858.0,8,1
9011,XML100_3314_26,100,14.0,13824.0,8,1
9012,XML100_3315_01,100,24.0,12164.0,5,1
9013,XML100_3315_02,100,20.0,11122.0,5,1
9014,XML100_3315_03,100,16.0,14445.0,7,1
9015,XML100_3315_04,100,24.0,10550.0,5,1
9016,XML100_3315_05,100,20.0,12119.0,5,1
9017,XML100_3315_06,100,20.0,11406.0,5,1
9018,XML100_3315_07,100,24.0,11803.0,5,1
9019,XML100_3315_08,100,19.0,13540.0,6,1
9020,XML100_3315_09,100,20.0,12442.0,5,1
9021,XML100_3315_10,100,18.0,14296.0,6,1
9022,XML100_3315_11,100,20.0,12703.0,5,1
9023,XML100_3315_12,100,17.0,14977.0,6,1
9024,XML100_3315_13,100,16.0,12804.0,7,1
9025,XML100_3315_14,100,23.0,10840.0,5,1
9026,XML100_3315_15,100,20.0,12815.0,5,1
9027,XML100_3315_16,100,19.0,13864.0,6,1
9028,XML100_3315_17,100,22.0,12389.0,5,1
9029,XML100_3315_18,100,19.0,12442.0,6,1
9030,XML100_3315_19,100,24.0,11984.0,5,1
9031,XML100_3315_20,100,23.0,11112.0,5,1
9032,XML100_3315_21,100,17.0,14010.0,6,1
9033,XML100_3315_22,100,21.0,12778.0,5,1
9034,XML100_3315_23,100,20.0,12176.0,5,1
9035,XML100_3315_24,100,21.0,11111.0,5,1
9036,XML100_3315_25,100,21.0,11764.0,5,1
9037,XML100_3315_26,100,17.0,11621.0,6,1
9038,XML100_3316_01,100,34.0,9346.0,3,1
9039,XML100_3316_02,100,41.0,9152.0,3,1
9040,XML100_3316_03,100,37.0,9494.0,3,1
9041,XML100_3316_04,100,33.0,10428.0,4,1
9042,XML100_3316_05,100,31.0,9869.0,4,1
9043,XML100_3316_06,100,44.0,9381.0,3,1
9044,XML100_3316_07,100,32.0,9349.0,4,1
9045,XML100_3316_08,100,29.0,9412.0,4,1
9046,XML100_3316_09,100,26.0,11277.0,4,1
9047,XML100_3316_10,100,46.0,9089.0,3,1
9048,XML100_3316_11,100,45.0,9660.0,3,1
9049,XML100_3316_12,100,47.0,8997.0,3,1
9050,XML100_3316_13,100,43.0,8549.0,3,1
9051,XML100_3316_14,100,25.0,10237.0,4,1
9052,XML100_3316_15,100,45.0,8806.0,3,1
9053,XML100_3316_16,100,35.0,9112.0,3,1
9054,XML100_3316_17,100,30.0,9427.0,4,1
9055,XML100_3316_18,100,27.0,10793.0,4,1
9056,XML100_3316_19,100,43.0,9419.0,3,1
9057,XML100_3316_20,100,44.0,8816.0,3,1
9058,XML100_3316_21,100,30.0,10317.0,4,1
9059,XML100_3316_22,100,45.0,8993.0,3,1
9060,XML100_3316_23,100,42.0,9050.0,3,1
9061,XML100_3316_24,100,44.0,9010.0,3,1
9062,XML100_3316_25,100,47.0,8899.0,3,1
9063,XML100_3316_26,100,29.0,10076.0,4,1
9064,XML100_3321_01,100,22.0,42096.0,26,1
9065,XML100_3321_02,100,19.0,44018.0,30,1
9066,XML100_3321_03,100,29.0,37497.0,20,1
9067,XML100_3321_04,100,28.0,28829.0,22,1
9068,XML100_3321_05,100,26.0,33903.0,22,1
9069,XML100_3321_06,100,24.0,41124.0,24,1
9070,XML100_3321_07,100,22.0,50650.0,29,1
9071,XML100_3321_08,100,28.0,35412.0,21,1
9072,XML100_3321_09,100,21.0,41253.0,27,1
9073,XML100_3321_10,100,17.0,53337.0,33,1
9074,XML100_3321_11,100,26.0,37964.0,22,1
9075,XML100_3321_12,100,28.0,37188.0,22,1
9076,XML100_3321_13,100,18.0,45441.0,30,1
9077,XML100_3321_14,100,21.0,43734.0,28,1
9078,XML100_3321_15,100,28.0,36736.0,21,1
9079,XML100_3321_16,100,19.0,45559.0,26,1
9080,XML100_3321_17,100,22.0,40397.0,28,1
9081,XML100_3321_18,100,18.0,53434.0,31,1
9082,XML100_3321_19,100,20.0,47903.0,28,1
9083,XML100_3321_20,100,17.0,49472.0,32,1
9084,XML100_3321_21,100,21.0,38434.0,26,1
9085,XML100_3321_22,100,28.0,37513.0,21,1
9086,XML100_3321_23,100,25.0,38298.0,23,1
9087,XML100_3321_24,100,27.0,35516.0,21,1
9088,XML100_3321_25,100,18.0,53938.0,33,1
9089,XML100_3321_26,100,21.0,49065.0,27,1
9090,XML100_3322_01,100,45.0,24689.0,13,1
9091,XML100_3322_02,100,34.0,25709.0,16,1
9092,XML100_3322_03,100,44.0,28148.0,14,1
9093,XML100_3322_04,100,36.0,29196.0,15,1
9094,XML100_3322_05,100,43.0,21366.0,13,1
9095,XML100_3322_06,100,33.0,28646.0,17,1
9096,XML100_3322_07,100,35.0,29051.0,15,1
9097,XML100_3322_08,100,28.0,37447.0,20,1
9098,XML100_3322_09,100,38.0,27150.0,15,1
9099,XML100_3322_10,100,34.0,28646.0,18,1
9100,XML100_3322_11,100,28.0,29444.0,20,1
9101,XML100_3322_12,100,34.0,31062.0,18,1
9102,XML100_3322_13,100,41.0,24536.0,13,1
9103,XML100_3322_14,100,35.0,24040.0,15,1
9104,XML100_3322_15,100,32.0,30692.0,17,1
9105,XML100_3322_16,100,29.0,29412.0,18,1
9106,XML100_3322_17,100,30.0,33311.0,19,1
9107,XML100_3322_18,100,29.0,30006.0,18,1
9108,XML100_3322_19,100,38.0,25449.0,15,1
9109,XML100_3322_20,100,28.0,35160.0,19,1
9110,XML100_3322_21,100,43.0,21901.0,13,1
9111,XML100_3322_22,100,32.0,26967.0,18,1
9112,XML100_3322_23,100,39.0,27718.0,15,1
9113,XML100_3322_24,100,31.0,24979.0,17,1
9114,XML100_3322_25,100,40.0,23590.0,15,1
9115,XML100_3322_26,100,39.0,28832.0,15,1
9116,XML100_3323_01,100,57.0,20456.0,11,1
9117,XML100_3323_02,100,46.0,23419.0,12,1
9118,XML100_3323_03,100,63.0,19353.0,9,1
9119,XML100_3323_04,100,63.0,19354.0,10,1
9120,XML100_3323_05,100,65.0,19248.0,9,1
9121,XML100_3323_06,100,41.0,21323.0,12,1
9122,XML100_3323_07,100,44.0,23872.0,12,1
9123,XML100_3323_08,100,65.0,16171.0,9,1
9124,XML100_3323_09,100,50.0,23254.0,12,1
9125,XML100_3323_10,100,50.0,20412.0,11,1
9126,XML100_3323_11,100,58.0,22069.0,11,1
9127,XML100_3323_12,100,67.0,17334.0,9,1
9128,XML100_3323_13,100,50.0,21069.0,12,1
9129,XML100_3323_14,100,56.0,20008.0,10,1
9130,XML100_3323_15,100,67.0,17517.0,9,1
9131,XML100_3323_16,100,67.0,18645.0,9,1
9132,XML100_3323_17,100,57.0,19091.0,11,1
9133,XML100_3323_18,100,47.0,23224.0,12,1
9134,XML100_3323_19,100,48.0,22578.0,12,1
9135,XML100_3323_20,100,47.0,21007.0,11,1
9136,XML100_3323_21,100,47.0,20764.0,12,1
9137,XML100_3323_22,100,54.0,21659.0,11,1
9138,XML100_3323_23,100,50.0,23277.0,12,1
9139,XML100_3323_24,100,52.0,17701.0,11,1
9140,XML100_3323_25,100,67.0,20233.0,9,1
9141,XML100_3323_26,100,52.0,20985.0,11,1
9142,XML100_3324_01,100,78.0,16481.0,8,1
9143,XML100_3324_02,100,71.0,16200.0,8,1
9144,XML100_3324_03,100,89.0,13678.0,7,1
9145,XML100_3324_04,100,74.0,13571.0,7,1
9146,XML100_3324_05,100,80.0,15308.0,8,1
9147,XML100_3324_06,100,65.0,16524.0,8,1
9148,XML100_3324_07,100,78.0,14185.0,8,1
9149,XML100_3324_08,100,72.0,14855.0,8,1
9150,XML100_3324_09,100,72.0,16400.0,8,1
9151,XML100_3324_10,100,77.0,14201.0,7,1
9152,XML100_3324_11,100,76.0,14001.0,8,1
9153,XML100_3324_12,100,68.0,17520.0,9,1
9154,XML100_3324_13,100,85.0,13035.0,7,1
9155,XML100_3324_14,100,76.0,17356.0,8,1
9156,XML100_3324_15,100,75.0,16020.0,8,1
9157,XML100_3324_16,100,80.0,15115.0,8,1
9158,XML100_3324_17,100,69.0,17115.0,8,1
9159,XML100_3324_18,100,77.0,16600.0,8,1
9160,XML100_3324_19,100,79.0,14776.0,7,1
9161,XML100_3324_20,100,76.0,16455.0,8,1
9162,XML100_3324_21,100,86.0,13274.0,7,1
9163,XML100_3324_22,100,80.0,16376.0,7,1
9164,XML100_3324_23,100,78.0,15778.0,7,1
9165,XML100_3324_24,100,87.0,13524.0,7,1
9166,XML100_3324_25,100,80.0,14511.0,7,1
9167,XML100_3324_26,100,75.0,18039.0,8,1
9168,XML100_3325_01,100,91.0,13083.0,6,1
9169,XML100_3325_02,100,143.0,10991.0,4,1
9170,XML100_3325_03,100,96.0,12962.0,6,1
9171,XML100_3325_04,100,124.0,12131.0,5,1
9172,XML100_3325_05,100,117.0,11643.0,5,1
9173,XML100_3325_06,100,111.0,13491.0,6,1
9174,XML100_3325_07,100,123.0,11627.0,5,1
9175,XML100_3325_08,100,120.0,12548.0,5,1
9176,XML100_3325_09,100,95.0,12107.0,6,1
9177,XML100_3325_10,100,109.0,12178.0,6,1
9178,XML100_3325_11,100,116.0,12307.0,5,1
9179,XML100_3325_12,100,87.0,14606.0,6,1
9180,XML100_3325_13,100,98.0,13149.0,6,1
9181,XML100_3325_14,100,97.0,13792.0,6,1
9182,XML100_3325_15,100,106.0,12640.0,6,1
9183,XML100_3325_16,100,107.0,12382.0,5,1
9184,XML100_3325_17,100,119.0,11530.0,5,1
9185,XML100_3325_18,100,89.0,12700.0,7,1
9186,XML100_3325_19,100,100.0,13399.0,6,1
9187,XML100_3325_20,100,113.0,10711.0,5,1
9188,XML100_3325_21,100,132.0,11036.0,5,1
9189,XML100_3325_22,100,105.0,13558.0,6,1
9190,XML100_3325_23,100,132.0,10518.0,5,1
9191,XML100_3325_24,100,95.0,14326.0,6,1
9192,XML100_3325_25,100,111.0,11707.0,5,1
9193,XML100_3325_26,100,130.0,11556.0,5,1
9194,XML100_3326_01,100,183.0,10510.0,4,1
9195,XML100_3326_02,100,175.0,9236.0,4,1
9196,XML100_3326_03,100,270.0,8862.0,3,1
9197,XML100_3326_04,100,169.0,10799.0,4,1
9198,XML100_3326_05,100,184.0,10194.0,4,1
9199,XML100_3326_06,100,139.0,10450.0,4,1
9200,XML100_3326_07,100,221.0,9019.0,3,1
9201,XML100_3326_08,100,277.0,7039.0,3,1
9202,XML100_3326_09,100,278.0,8468.0,3,1
9203,XML100_3326_10,100,213.0,8979.0,3,1
9204,XML100_3326_11,100,255.0,8236.0,3,1
9205,XML100_3326_12,100,189.0,8885.0,3,1
9206,XML100_3326_13,100,282.0,8760.0,3,1
9207,XML100_3326_14,100,180.0,9651.0,3,1
9208,XML100_3326_15,100,173.0,10612.0,4,1
9209,XML100_3326_16,100,257.0,9635.0,3,1
9210,XML100_3326_17,100,178.0,9160.0,4,1
9211,XML100_3326_18,100,285.0,8781.0,3,1
9212,XML100_3326_19,100,223.0,8926.0,3,1
9213,XML100_3326_20,100,197.0,9209.0,3,1
9214,XML100_3326_21,100,261.0,8972.0,3,1
9215,XML100_3326_22,100,251.0,7848.0,3,1
9216,XML100_3326_23,100,174.0,9861.0,4,1
9217,XML100_3326_24,100,222.0,8558.0,3,1
9218,XML100_3326_25,100,263.0,8560.0,3,1
9219,XML100_3326_26,100,147.0,10419.0,4,1
9220,XML100_3331_01,100,35.0,37651.0,22,1
9221,XML100_3331_02,100,26.0,47177.0,30,1
9222,XML100_3331_03,100,26.0,52634.0,31,1
9223,XML100_3331_04,100,26.0,47391.0,30,1
9224,XML100_3331_05,100,24.0,51526.0,31,1
9225,XML100_3331_06,100,30.0,43533.0,26,1
9226,XML100_3331_07,100,36.0,35396.0,22,1
9227,XML100_3331_08,100,35.0,34839.0,22,1
9228,XML100_3331_09,100,29.0,41643.0,26,1
9229,XML100_3331_10,100,30.0,45161.0,26,1
9230,XML100_3331_11,100,29.0,45621.0,26,1
9231,XML100_3331_12,100,31.0,43570.0,25,1
9232,XML100_3331_13,100,34.0,35984.0,23,1
9233,XML100_3331_14,100,37.0,32784.0,21,1
9234,XML100_3331_15,100,34.0,39659.0,22,1
9235,XML100_3331_16,100,33.0,35008.0,23,1
9236,XML100_3331_17,100,30.0,48331.0,26,1
9237,XML100_3331_18,100,30.0,37798.0,25,1
9238,XML100_3331_19,100,35.0,36949.0,22,1
9239,XML100_3331_20,100,36.0,39189.0,21,1
9240,XML100_3331_21,100,33.0,41730.0,22,1
9241,XML100_3331_22,100,30.0,52289.0,26,1
9242,XML100_3331_23,100,29.0,43455.0,27,1
9243,XML100_3331_24,100,37.0,36884.0,21,1
9244,XML100_3331_25,100,24.0,64618.0,33,1
9245,XML100_3331_26,100,33.0,40403.0,24,1
9246,XML100_3332_01,100,49.0,28804.0,15,1
9247,XML100_3332_02,100,62.0,24545.0,13,1
9248,XML100_3332_03,100,55.0,25065.0,14,1
9249,XML100_3332_04,100,49.0,28046.0,16,1
9250,XML100_3332_05,100,41.0,35083.0,19,1
9251,XML100_3332_06,100,45.0,25130.0,16,1
9252,XML100_3332_07,100,55.0,24740.0,14,1
9253,XML100_3332_08,100,50.0,30319.0,16,1
9254,XML100_3332_09,100,38.0,36742.0,20,1
9255,XML100_3332_10,100,53.0,27351.0,15,1
9256,XML100_3332_11,100,39.0,33109.0,20,1
9257,XML100_3332_12,100,54.0,23892.0,15,1
9258,XML100_3332_13,100,40.0,31949.0,19,1
9259,XML100_3332_14,100,43.0,34568.0,18,1
9260,XML100_3332_15,100,50.0,26405.0,15,1
9261,XML100_3332_16,100,40.0,33103.0,19,1
9262,XML100_3332_17,100,50.0,27289.0,16,1
9263,XML100_3332_18,100,54.0,28318.0,14,1
9264,XML100_3332_19,100,56.0,25491.0,14,1
9265,XML100_3332_20,100,41.0,32307.0,20,1
9266,XML100_3332_21,100,51.0,31421.0,16,1
9267,XML100_3332_22,100,56.0,25308.0,14,1
9268,XML100_3332_23,100,40.0,33737.0,19,1
9269,XML100_3332_24,100,40.0,31904.0,19,1
9270,XML100_3332_25,100,51.0,25496.0,15,1
9271,XML100_3332_26,100,40.0,31838.0,20,1
9272,XML100_3333_01,100,70.0,24548.0,11,1
9273,XML100_3333_02,100,81.0,18915.0,10,1
9274,XML100_3333_03,100,71.0,18849.0,12,1
9275,XML100_3333_04,100,69.0,19083.0,11,1
9276,XML100_3333_05,100,63.0,21625.0,13,1
9277,XML100_3333_06,100,81.0,20173.0,10,1
9278,XML100_3333_07,100,85.0,17549.0,9,1
9279,XML100_3333_08,100,92.0,17182.0,9,1
9280,XML100_3333_09,100,89.0,19825.0,9,1
9281,XML100_3333_10,100,78.0,19622.0,10,1
9282,XML100_3333_11,100,92.0,17964.0,9,1
9283,XML100_3333_12,100,78.0,18307.0,10,1
9284,XML100_3333_13,100,79.0,18093.0,10,1
9285,XML100_3333_14,100,74.0,18903.0,11,1
9286,XML100_3333_15,100,75.0,18933.0,11,1
9287,XML100_3333_16,100,62.0,24357.0,13,1
9288,XML100_3333_17,100,64.0,24476.0,12,1
9289,XML100_3333_18,100,64.0,24489.0,12,1
9290,XML100_3333_19,100,62.0,26973.0,13,1
9291,XML100_3333_20,100,82.0,18767.0,10,1
9292,XML100_3333_21,100,80.0,20760.0,10,1
9293,XML100_3333_22,100,77.0,20573.0,10,1
9294,XML100_3333_23,100,64.0,25059.0,13,1
9295,XML100_3333_24,100,64.0,21287.0,12,1
9296,XML100_3333_25,100,66.0,19084.0,12,1
9297,XML100_3333_26,100,68.0,21405.0,11,1
9298,XML100_3334_01,100,99.0,17552.0,8,1
9299,XML100_3334_02,100,92.0,16827.0,9,1
9300,XML100_3334_03,100,118.0,15091.0,7,1
9301,XML100_3334_04,100,99.0,17963.0,8,1
9302,XML100_3334_05,100,119.0,14064.0,7,1
9303,XML100_3334_06,100,104.0,16100.0,8,1
9304,XML100_3334_07,100,115.0,14350.0,7,1
9305,XML100_3334_08,100,97.0,17666.0,8,1
9306,XML100_3334_09,100,93.0,18829.0,9,1
9307,XML100_3334_10,100,101.0,17299.0,8,1
9308,XML100_3334_11,100,100.0,14064.0,8,1
9309,XML100_3334_12,100,120.0,15008.0,7,1
9310,XML100_3334_13,100,92.0,15189.0,8,1
9311,XML100_3334_14,100,101.0,16961.0,8,1
9312,XML100_3334_15,100,107.0,13702.0,8,1
9313,XML100_3334_16,100,114.0,14672.0,7,1
9314,XML100_3334_17,100,111.0,13960.0,7,1
9315,XML100_3334_18,100,103.0,13913.0,8,1
9316,XML100_3334_19,100,104.0,14114.0,8,1
9317,XML100_3334_20,100,112.0,14843.0,7,1
9318,XML100_3334_21,100,114.0,15696.0,7,1
9319,XML100_3334_22,100,117.0,14189.0,7,1
9320,XML100_3334_23,100,112.0,14633.0,7,1
9321,XML100_3334_24,100,95.0,17618.0,8,1
9322,XML100_3334_25,100,109.0,14141.0,7,1
9323,XML100_3334_26,100,100.0,14877.0,8,1
9324,XML100_3335_01,100,140.0,13670.0,6,1
9325,XML100_3335_02,100,187.0,11305.0,5,1
9326,XML100_3335_03,100,184.0,9756.0,5,1
9327,XML100_3335_04,100,152.0,13310.0,5,1
9328,XML100_3335_05,100,181.0,11325.0,5,1
9329,XML100_3335_06,100,159.0,12840.0,5,1
9330,XML100_3335_07,100,138.0,13109.0,6,1
9331,XML100_3335_08,100,124.0,13348.0,7,1
9332,XML100_3335_09,100,161.0,11822.0,5,1
9333,XML100_3335_10,100,164.0,10351.0,5,1
9334,XML100_3335_11,100,173.0,12341.0,5,1
9335,XML100_3335_12,100,143.0,12933.0,6,1
9336,XML100_3335_13,100,190.0,12052.0,5,1
9337,XML100_3335_14,100,172.0,11456.0,5,1
9338,XML100_3335_15,100,169.0,12085.0,5,1
9339,XML100_3335_16,100,157.0,12500.0,5,1
9340,XML100_3335_17,100,187.0,10655.0,5,1
9341,XML100_3335_18,100,145.0,13096.0,6,1
9342,XML100_3335_19,100,173.0,11862.0,5,1
9343,XML100_3335_20,100,179.0,11785.0,5,1
9344,XML100_3335_21,100,138.0,13065.0,6,1
9345,XML100_3335_22,100,129.0,14108.0,6,1
9346,XML100_3335_23,100,167.0,11585.0,5,1
9347,XML100_3335_24,100,144.0,12965.0,6,1
9348,XML100_3335_25,100,174.0,12704.0,5,1
9349,XML100_3335_26,100,184.0,11227.0,5,1
9350,XML100_3336_01,100,320.0,9453.0,3,1
9351,XML100_3336_02,100,326.0,8951.0,3,1
9352,XML100_3336_03,100,250.0,9532.0,3,1
9353,XML100_3336_04,100,288.0,8812.0,3,1
9354,XML100_3336_05,100,234.0,10657.0,4,1
9355,XML100_3336_06,100,196.0,8874.0,4,1
9356,XML100_3336_07,100,303.0,9163.0,3,1
9357,XML100_3336_08,100,283.0,9436.0,3,1
9358,XML100_3336_09,100,229.0,10516.0,4,1
9359,XML100_3336_10,100,273.0,9000.0,3,1
9360,XML100_3336_11,100,227.0,10527.0,4,1
9361,XML100_3336_12,100,314.0,9037.0,3,1
9362,XML100_3336_13,100,236.0,10723.0,4,1
9363,XML100_3336_14,100,264.0,9462.0,3,1
9364,XML100_3336_15,100,324.0,8568.0,3,1
9365,XML100_3336_16,100,359.0,8493.0,3,1
9366,XML100_3336_17,100,338.0,8848.0,3,1
9367,XML100_3336_18,100,282.0,9644.0,3,1
9368,XML100_3336_19,100,238.0,9628.0,4,1
9369,XML100_3336_20,100,276.0,9732.0,3,1
9370,XML100_3336_21,100,249.0,9823.0,4,1
9371,XML100_3336_22,100,273.0,9025.0,3,1
9372,XML100_3336_23,100,290.0,9426.0,3,1
9373,XML100_3336_24,100,306.0,9190.0,3,1
9374,XML100_3336_25,100,346.0,8592.0,3,1
9375,XML100_3336_26,100,277.0,9091.0,3,1
9376,XML100_3341_01,100,182.0,47918.0,29,1
9377,XML100_3341_02,100,201.0,42140.0,23,1
9378,XML100_3341_03,100,171.0,49739.0,29,1
9379,XML100_3341_04,100,190.0,43166.0,27,1
9380,XML100_3341_05,100,244.0,47976.0,24,1
9381,XML100_3341_06,100,238.0,36568.0,22,1
9382,XML100_3341_07,100,258.0,39310.0,21,1
9383,XML100_3341_08,100,231.0,44537.0,24,1
9384,XML100_3341_09,100,220.0,43753.0,24,1
9385,XML100_3341_10,100,167.0,56348.0,32,1
9386,XML100_3341_11,100,169.0,43672.0,31,1
9387,XML100_3341_12,100,245.0,31789.0,21,1
9388,XML100_3341_13,100,209.0,41113.0,24,1
9389,XML100_3341_14,100,186.0,50034.0,28,1
9390,XML100_3341_15,100,143.0,59626.0,33,1
9391,XML100_3341_16,100,220.0,37523.0,23,1
9392,XML100_3341_17,100,188.0,44985.0,27,1
9393,XML100_3341_18,100,192.0,42763.0,26,1
9394,XML100_3341_19,100,155.0,59516.0,33,1
9395,XML100_3341_20,100,188.0,51347.0,30,1
9396,XML100_3341_21,100,211.0,40007.0,26,1
9397,XML100_3341_22,100,201.0,43978.0,25,1
9398,XML100_3341_23,100,160.0,55839.0,33,0
9399,XML100_3341_24,100,204.0,42611.0,25,1
9400,XML100_3341_25,100,192.0,42226.0,26,1
9401,XML100_3341_26,100,215.0,45677.0,24,1
9402,XML100_3342_01,100,368.0,25592.0,14,1
9403,XML100_3342_02,100,257.0,32901.0,19,1
9404,XML100_3342_03,100,320.0,28702.0,17,1
9405,XML100_3342_04,100,381.0,25311.0,14,1
9406,XML100_3342_05,100,323.0,31105.0,16,1
9407,XML100_3342_06,100,327.0,27581.0,16,1
9408,XML100_3342_07,100,336.0,30709.0,16,1
9409,XML100_3342_08,100,396.0,20977.0,13,1
9410,XML100_3342_09,100,370.0,25014.0,15,1
9411,XML100_3342_10,100,301.0,28937.0,17,1
9412,XML100_3342_11,100,302.0,35885.0,18,1
9413,XML100_3342_12,100,301.0,27549.0,17,1
9414,XML100_3342_13,100,301.0,32845.0,17,1
9415,XML100_3342_14,100,388.0,22422.0,13,1
9416,XML100_3342_15,100,271.0,29187.0,17,1
9417,XML100_3342_16,100,369.0,26120.0,14,1
9418,XML100_3342_17,100,304.0,29788.0,16,1
9419,XML100_3342_18,100,362.0,23853.0,14,1
9420,XML100_3342_19,100,337.0,26397.0,17,1
9421,XML100_3342_20,100,365.0,22826.0,14,1
9422,XML100_3342_21,100,293.0,34812.0,19,1
9423,XML100_3342_22,100,309.0,30844.0,17,1
9424,XML100_3342_23,100,308.0,30724.0,17,1
9425,XML100_3342_24,100,318.0,30200.0,16,1
9426,XML100_3342_25,100,366.0,24592.0,14,1
9427,XML100_3342_26,100,278.0,35918.0,19,1
9428,XML100_3343_01,100,455.0,21765.0,12,1
9429,XML100_3343_02,100,539.0,17822.0,9,1
9430,XML100_3343_03,100,446.0,19269.0,12,1
9431,XML100_3343_04,100,456.0,23395.0,11,1
9432,XML100_3343_05,100,588.0,18564.0,9,1
9433,XML100_3343_06,100,580.0,16876.0,9,1
9434,XML100_3343_07,100,550.0,20167.0,10,1
9435,XML100_3343_08,100,435.0,23308.0,12,1
9436,XML100_3343_09,100,517.0,20384.0,10,1
9437,XML100_3343_10,100,605.0,17783.0,9,1
9438,XML100_3343_11,100,487.0,21304.0,11,1
9439,XML100_3343_12,100,519.0,18499.0,10,1
9440,XML100_3343_13,100,475.0,21209.0,11,1
9441,XML100_3343_14,100,552.0,16976.0,9,1
9442,XML100_3343_15,100,507.0,19446.0,10,1
9443,XML100_3343_16,100,419.0,21640.0,13,1
9444,XML100_3343_17,100,532.0,20004.0,10,1
9445,XML100_3343_18,100,380.0,21511.0,12,1
9446,XML100_3343_19,100,527.0,18794.0,9,1
9447,XML100_3343_20,100,421.0,23195.0,12,1
9448,XML100_3343_21,100,639.0,18408.0,9,1
9449,XML100_3343_22,100,552.0,20285.0,10,1
9450,XML100_3343_23,100,447.0,24731.0,12,1
9451,XML100_3343_24,100,476.0,19655.0,10,1
9452,XML100_3343_25,100,420.0,23324.0,12,1
9453,XML100_3343_26,100,578.0,18401.0,9,1
9454,XML100_3344_01,100,717.0,16283.0,7,1
9455,XML100_3344_02,100,677.0,15348.0,8,1
9456,XML100_3344_03,100,818.0,13762.0,7,1
9457,XML100_3344_04,100,709.0,15185.0,8,1
9458,XML100_3344_05,100,730.0,15633.0,8,1
9459,XML100_3344_06,100,743.0,17074.0,8,1
9460,XML100_3344_07,100,646.0,15069.0,8,1
9461,XML100_3344_08,100,759.0,14130.0,7,1
9462,XML100_3344_09,100,705.0,17119.0,8,1
9463,XML100_3344_10,100,645.0,17546.0,9,1
9464,XML100_3344_11,100,587.0,17047.0,8,1
9465,XML100_3344_12,100,667.0,15106.0,8,1
9466,XML100_3344_13,100,772.0,15024.0,7,1
9467,XML100_3344_14,100,627.0,16732.0,8,1
9468,XML100_3344_15,100,810.0,15356.0,7,1
9469,XML100_3344_16,100,594.0,17309.0,9,1
9470,XML100_3344_17,100,674.0,13759.0,7,1
9471,XML100_3344_18,100,856.0,14822.0,7,1
9472,XML100_3344_19,100,691.0,18079.0,8,1
9473,XML100_3344_20,100,860.0,14855.0,7,1
9474,XML100_3344_21,100,762.0,16561.0,8,1
9475,XML100_3344_22,100,674.0,15230.0,8,1
9476,XML100_3344_23,100,663.0,14103.0,7,1
9477,XML100_3344_24,100,676.0,17094.0,8,1
9478,XML100_3344_25,100,669.0,16450.0,8,1
9479,XML100_3344_26,100,586.0,16874.0,9,1
9480,XML100_3345_01,100,986.0,12230.0,6,1
9481,XML100_3345_02,100,938.0,11116.0,6,1
9482,XML100_3345_03,100,972.0,12761.0,6,1
9483,XML100_3345_04,100,887.0,12410.0,6,1
9484,XML100_3345_05,100,956.0,13674.0,6,1
9485,XML100_3345_06,100,1117.0,13576.0,5,1
9486,XML100_3345_07,100,960.0,11955.0,5,1
9487,XML100_3345_08,100,1100.0,12283.0,5,1
9488,XML100_3345_09,100,1101.0,11835.0,5,1
9489,XML100_3345_10,100,716.0,14394.0,7,1
9490,XML100_3345_11,100,807.0,12649.0,6,1
9491,XML100_3345_12,100,1165.0,12727.0,5,1
9492,XML100_3345_13,100,909.0,14361.0,6,1
9493,XML100_3345_14,100,1164.0,11101.0,5,1
9494,XML100_3345_15,100,822.0,14242.0,7,1
9495,XML100_3345_16,100,1084.0,12205.0,5,1
9496,XML100_3345_17,100,940.0,12367.0,6,1
9497,XML100_3345_18,100,1151.0,10549.0,5,1
9498,XML100_3345_19,100,1083.0,11131.0,5,1
9499,XML100_3345_20,100,1030.0,11798.0,5,1
9500,XML100_3345_21,100,1015.0,12080.0,5,1
9501,XML100_3345_22,100,1105.0,10609.0,5,1
9502,XML100_3345_23,100,899.0,12891.0,6,1
9503,XML100_3345_24,100,955.0,14090.0,6,1
9504,XML100_3345_25,100,885.0,13793.0,6,1
9505,XML100_3345_26,100,915.0,13067.0,6,1
9506,XML100_3346_01,100,2393.0,9413.0,3,1
9507,XML100_3346_02,100,2042.0,8791.0,3,1
9508,XML100_3346_03,100,2207.0,8220.0,3,1
9509,XML100_3346_04,100,2255.0,9311.0,3,1
9510,XML100_3346_05,100,1942.0,9597.0,3,1
9511,XML100_3346_06,100,2111.0,8636.0,3,1
9512,XML100_3346_07,100,2405.0,8615.0,3,1
9513,XML100_3346_08,100,2601.0,8824.0,3,1
9514,XML100_3346_09,100,1657.0,10477.0,4,1
9515,XML100_3346_10,100,1398.0,9871.0,4,1
9516,XML100_3346_11,100,2401.0,7532.0,3,1
9517,XML100_3346_12,100,1770.0,9660.0,3,1
9518,XML100_3346_13,100,1605.0,10052.0,4,1
9519,XML100_3346_14,100,1939.0,8798.0,3,1
9520,XML100_3346_15,100,2133.0,8865.0,3,1
9521,XML100_3346_16,100,1435.0,10330.0,4,1
9522,XML100_3346_17,100,1688.0,9061.0,3,1
9523,XML100_3346_18,100,1882.0,8654.0,3,1
9524,XML100_3346_19,100,2062.0,8771.0,3,1
9525,XML100_3346_20,100,2709.0,8647.0,3,1
9526,XML100_3346_21,100,2044.0,9779.0,3,1
9527,XML100_3346_22,100,1517.0,10074.0,4,1
9528,XML100_3346_23,100,1937.0,9336.0,3,1
9529,XML100_3346_24,100,2467.0,9678.0,3,1
9530,XML100_3346_25,100,2196.0,8717.0,3,1
9531,XML100_3346_26,100,2226.0,8302.0,3,1
9532,XML100_3351_01,100,346.0,36522.0,23,1
9533,XML100_3351_02,100,224.0,45801.0,34,1
9534,XML100_3351_03,100,354.0,40817.0,21,1
9535,XML100_3351_04,100,334.0,44293.0,24,1
9536,XML100_3351_05,100,285.0,46221.0,28,1
9537,XML100_3351_06,100,369.0,32569.0,21,1
9538,XML100_3351_07,100,353.0,35040.0,22,1
9539,XML100_3351_08,100,233.0,56613.0,33,1
9540,XML100_3351_09,100,269.0,55260.0,29,1
9541,XML100_3351_10,100,323.0,42298.0,24,1
9542,XML100_3351_11,100,229.0,57514.0,34,1
9543,XML100_3351_12,100,236.0,65018.0,33,1
9544,XML100_3351_13,100,241.0,59961.0,32,1
9545,XML100_3351_14,100,277.0,56053.0,29,1
9546,XML100_3351_15,100,253.0,56531.0,31,1
9547,XML100_3351_16,100,236.0,56165.0,33,1
9548,XML100_3351_17,100,274.0,48831.0,28,1
9549,XML100_3351_18,100,289.0,43843.0,26,1
9550,XML100_3351_19,100,258.0,47861.0,30,1
9551,XML100_3351_20,100,332.0,38105.0,23,1
9552,XML100_3351_21,100,246.0,55936.0,31,1
9553,XML100_3351_22,100,286.0,46251.0,28,1
9554,XML100_3351_23,100,238.0,57571.0,32,1
9555,XML100_3351_24,100,282.0,52853.0,29,1
9556,XML100_3351_25,100,271.0,44913.0,30,1
9557,XML100_3351_26,100,279.0,48272.0,28,1
9558,XML100_3352_01,100,607.0,23015.0,13,1
9559,XML100_3352_02,100,466.0,28235.0,17,1
9560,XML100_3352_03,100,448.0,27873.0,17,1
9561,XML100_3352_04,100,440.0,29028.0,18,1
9562,XML100_3352_05,100,489.0,28975.0,16,1
9563,XML100_3352_06,100,514.0,29004.0,15,1
9564,XML100_3352_07,100,558.0,24641.0,14,1
9565,XML100_3352_08,100,470.0,27620.0,16,1
9566,XML100_3352_09,100,572.0,27982.0,13,1
9567,XML100_3352_10,100,399.0,34223.0,19,1
9568,XML100_3352_11,100,407.0,30035.0,19,1
9569,XML100_3352_12,100,507.0,32122.0,16,1
9570,XML100_3352_13,100,440.0,31863.0,18,1
9571,XML100_3352_14,100,399.0,31429.0,20,1
9572,XML100_3352_15,100,528.0,25633.0,15,1
9573,XML100_3352_16,100,509.0,26573.0,16,1
9574,XML100_3352_17,100,477.0,28924.0,16,1
9575,XML100_3352_18,100,573.0,27843.0,14,1
9576,XML100_3352_19,100,548.0,25156.0,14,1
9577,XML100_3352_20,100,445.0,29561.0,17,1
9578,XML100_3352_21,100,553.0,23061.0,14,1
9579,XML100_3352_22,100,520.0,25917.0,15,1
9580,XML100_3352_23,100,474.0,33152.0,17,1
9581,XML100_3352_24,100,430.0,30004.0,18,1
9582,XML100_3352_25,100,460.0,30913.0,17,1
9583,XML100_3352_26,100,564.0,27768.0,14,1
9584,XML100_3353_01,100,692.0,18855.0,12,1
9585,XML100_3353_02,100,743.0,19424.0,10,1
9586,XML100_3353_03,100,639.0,26256.0,13,1
9587,XML100_3353_04,100,819.0,17288.0,9,1
9588,XML100_3353_05,100,637.0,25346.0,12,1
9589,XML100_3353_06,100,852.0,18727.0,9,1
9590,XML100_3353_07,100,809.0,20026.0,10,1
9591,XML100_3353_08,100,616.0,25461.0,13,1
9592,XML100_3353_09,100,600.0,23746.0,13,1
9593,XML100_3353_10,100,719.0,19432.0,11,1
9594,XML100_3353_11,100,760.0,19767.0,10,1
9595,XML100_3353_12,100,773.0,20070.0,10,1
9596,XML100_3353_13,100,640.0,23593.0,13,1
9597,XML100_3353_14,100,713.0,23923.0,11,1
9598,XML100_3353_15,100,640.0,20832.0,12,1
9599,XML100_3353_16,100,736.0,19947.0,11,1
9600,XML100_3353_17,100,749.0,19477.0,10,1
9601,XML100_3353_18,100,849.0,20097.0,9,1
9602,XML100_3353_19,100,777.0,20024.0,10,1
9603,XML100_3353_20,100,779.0,20254.0,10,1
9604,XML100_3353_21,100,854.0,18802.0,9,1
9605,XML100_3353_22,100,896.0,17825.0,9,1
9606,XML100_3353_23,100,810.0,19729.0,10,1
9607,XML100_3353_24,100,846.0,16767.0,9,1
9608,XML100_3353_25,100,809.0,18669.0,10,1
9609,XML100_3353_26,100,854.0,19022.0,9,1
9610,XML100_3354_01,100,965.0,17250.0,8,1
9611,XML100_3354_02,100,1159.0,16134.0,7,1
9612,XML100_3354_03,100,951.0,16247.0,8,1
9613,XML100_3354_04,100,1108.0,14882.0,7,1
9614,XML100_3354_05,100,997.0,17915.0,8,1
9615,XML100_3354_06,100,955.0,15999.0,8,1
9616,XML100_3354_07,100,975.0,16905.0,8,1
9617,XML100_3354_08,100,1006.0,15799.0,8,1
9618,XML100_3354_09,100,971.0,17269.0,8,1
9619,XML100_3354_10,100,1216.0,15102.0,7,1
9620,XML100_3354_11,100,1220.0,15779.0,7,1
9621,XML100_3354_12,100,920.0,19091.0,9,1
9622,XML100_3354_13,100,1020.0,14679.0,8,1
9623,XML100_3354_14,100,1197.0,15223.0,7,1
9624,XML100_3354_15,100,932.0,18239.0,9,1
9625,XML100_3354_16,100,1164.0,15107.0,7,1
9626,XML100_3354_17,100,937.0,17378.0,8,1
9627,XML100_3354_18,100,1030.0,17482.0,8,1
9628,XML100_3354_19,100,1010.0,16343.0,8,1
9629,XML100_3354_20,100,940.0,16744.0,9,1
9630,XML100_3354_21,100,1105.0,14930.0,7,1
9631,XML100_3354_22,100,1073.0,15812.0,7,1
9632,XML100_3354_23,100,1008.0,13553.0,8,1
9633,XML100_3354_24,100,926.0,16949.0,9,1
9634,XML100_3354_25,100,1158.0,14930.0,7,1
9635,XML100_3354_26,100,1011.0,16365.0,8,1
9636,XML100_3355_01,100,1660.0,9705.0,5,1
9637,XML100_3355_02,100,1430.0,12565.0,6,1
9638,XML100_3355_03,100,1629.0,12592.0,5,1
9639,XML100_3355_04,100,1847.0,10595.0,5,1
9640,XML100_3355_05,100,1270.0,13688.0,7,1
9641,XML100_3355_06,100,1465.0,12857.0,6,1
9642,XML100_3355_07,100,1336.0,12407.0,6,1
9643,XML100_3355_08,100,1367.0,12036.0,6,1
9644,XML100_3355_09,100,1646.0,12386.0,5,1
9645,XML100_3355_10,100,1391.0,13266.0,6,1
9646,XML100_3355_11,100,1397.0,12924.0,6,1
9647,XML100_3355_12,100,1351.0,13656.0,6,1
9648,XML100_3355_13,100,1219.0,13813.0,7,1
9649,XML100_3355_14,100,1610.0,12785.0,5,1
9650,XML100_3355_15,100,1708.0,11184.0,5,1
9651,XML100_3355_16,100,1442.0,12031.0,6,1
9652,XML100_3355_17,100,1186.0,13951.0,7,1
9653,XML100_3355_18,100,1438.0,13591.0,6,1
9654,XML100_3355_19,100,1604.0,12145.0,5,1
9655,XML100_3355_20,100,1742.0,11341.0,5,1
9656,XML100_3355_21,100,1341.0,13931.0,6,1
9657,XML100_3355_22,100,1318.0,13252.0,6,1
9658,XML100_3355_23,100,1656.0,11133.0,5,1
9659,XML100_3355_24,100,1799.0,10599.0,5,1
9660,XML100_3355_25,100,1550.0,12474.0,5,1
9661,XML100_3355_26,100,1612.0,11862.0,5,1
9662,XML100_3356_01,100,2040.0,9951.0,4,1
9663,XML100_3356_02,100,2922.0,8944.0,3,1
9664,XML100_3356_03,100,2135.0,10584.0,4,1
9665,XML100_3356_04,100,3640.0,9290.0,3,1
9666,XML100_3356_05,100,2954.0,9942.0,3,1
9667,XML100_3356_06,100,3058.0,9184.0,3,1
9668,XML100_3356_07,100,3019.0,9319.0,3,1
9669,XML100_3356_08,100,3617.0,8565.0,3,1
9670,XML100_3356_09,100,3033.0,9517.0,3,1
9671,XML100_3356_10,100,2272.0,10251.0,4,1
9672,XML100_3356_11,100,2638.0,9595.0,3,1
9673,XML100_3356_12,100,3112.0,9405.0,3,1
9674,XML100_3356_13,100,3534.0,8792.0,3,1
9675,XML100_3356_14,100,3502.0,9044.0,3,1
9676,XML100_3356_15,100,2779.0,9604.0,3,1
9677,XML100_3356_16,100,3139.0,9102.0,3,1
9678,XML100_3356_17,100,2426.0,9514.0,4,1
9679,XML100_3356_18,100,2943.0,9387.0,3,1
9680,XML100_3356_19,100,2678.0,8943.0,3,1
9681,XML100_3356_20,100,3720.0,8636.0,3,1
9682,XML100_3356_21,100,3693.0,8807.0,3,1
9683,XML100_3356_22,100,3235.0,9715.0,3,1
9684,XML100_3356_23,100,2989.0,9426.0,3,1
9685,XML100_3356_24,100,2304.0,9465.0,4,1
9686,XML100_3356_25,100,1933.0,10075.0,4,1
9687,XML100_3356_26,100,2513.0,9962.0,4,1
9688,XML100_3361_01,100,156.0,53591.0,34,1
9689,XML100_3361_02,100,248.0,39054.0,24,1
9690,XML100_3361_03,100,216.0,41492.0,23,1
9691,XML100_3361_04,100,244.0,40436.0,23,1
9692,XML100_3361_05,100,183.0,49020.0,32,1
9693,XML100_3361_06,100,178.0,49678.0,27,1
9694,XML100_3361_07,100,167.0,58043.0,31,1
9695,XML100_3361_08,100,261.0,33271.0,22,1
9696,XML100_3361_09,100,171.0,58972.0,31,1
9697,XML100_3361_10,100,254.0,28343.0,21,1
9698,XML100_3361_11,100,217.0,35447.0,23,1
9699,XML100_3361_12,100,145.0,49787.0,34,1
9700,XML100_3361_13,100,223.0,34942.0,23,1
9701,XML100_3361_14,100,255.0,30427.0,21,1
9702,XML100_3361_15,100,135.0,58999.0,34,1
9703,XML100_3361_16,100,145.0,58498.0,35,1
9704,XML100_3361_17,100,272.0,32132.0,23,1
9705,XML100_3361_18,100,220.0,43047.0,26,1
9706,XML100_3361_19,100,202.0,41716.0,26,1
9707,XML100_3361_20,100,173.0,41901.0,27,1
9708,XML100_3361_21,100,197.0,37904.0,24,1
9709,XML100_3361_22,100,246.0,39613.0,21,1
9710,XML100_3361_23,100,240.0,28830.0,22,1
9711,XML100_3361_24,100,215.0,42059.0,29,1
9712,XML100_3361_25,100,197.0,47740.0,24,1
9713,XML100_3361_26,100,228.0,49601.0,25,1
9714,XML100_3362_01,100,255.0,35916.0,18,1
9715,XML100_3362_02,100,335.0,27781.0,14,1
9716,XML100_3362_03,100,431.0,18886.0,13,1
9717,XML100_3362_04,100,356.0,28617.0,15,1
9718,XML100_3362_05,100,439.0,25159.0,14,1
9719,XML100_3362_06,100,331.0,28580.0,15,1
9720,XML100_3362_07,100,283.0,34271.0,20,1
9721,XML100_3362_08,100,368.0,21258.0,14,1
9722,XML100_3362_09,100,273.0,28978.0,17,1
9723,XML100_3362_10,100,311.0,27297.0,16,1
9724,XML100_3362_11,100,245.0,28051.0,17,1
9725,XML100_3362_12,100,247.0,31393.0,21,1
9726,XML100_3362_13,100,290.0,35471.0,19,1
9727,XML100_3362_14,100,371.0,20516.0,17,1
9728,XML100_3362_15,100,368.0,25418.0,16,1
9729,XML100_3362_16,100,395.0,23723.0,14,1
9730,XML100_3362_17,100,269.0,29250.0,17,1
9731,XML100_3362_18,100,262.0,38683.0,20,1
9732,XML100_3362_19,100,344.0,24054.0,16,1
9733,XML100_3362_20,100,433.0,23919.0,14,1
9734,XML100_3362_21,100,352.0,22635.0,14,1
9735,XML100_3362_22,100,349.0,33215.0,16,1
9736,XML100_3362_23,100,259.0,28188.0,21,1
9737,XML100_3362_24,100,228.0,37679.0,19,1
9738,XML100_3362_25,100,278.0,33732.0,21,1
9739,XML100_3362_26,100,401.0,21454.0,14,1
9740,XML100_3363_01,100,521.0,18155.0,10,1
9741,XML100_3363_02,100,462.0,20547.0,10,1
9742,XML100_3363_03,100,528.0,20113.0,10,1
9743,XML100_3363_04,100,462.0,20770.0,12,1
9744,XML100_3363_05,100,444.0,22115.0,12,1
9745,XML100_3363_06,100,570.0,19183.0,10,1
9746,XML100_3363_07,100,666.0,17196.0,9,1
9747,XML100_3363_08,100,576.0,16930.0,9,1
9748,XML100_3363_09,100,490.0,21352.0,10,1
9749,XML100_3363_10,100,361.0,25794.0,13,1
9750,XML100_3363_11,100,589.0,16800.0,10,1
9751,XML100_3363_12,100,473.0,19052.0,12,1
9752,XML100_3363_13,100,481.0,23883.0,12,1
9753,XML100_3363_14,100,673.0,18959.0,9,1
9754,XML100_3363_15,100,400.0,19930.0,13,1
9755,XML100_3363_16,100,574.0,18182.0,11,1
9756,XML100_3363_17,100,436.0,19128.0,11,1
9757,XML100_3363_18,100,635.0,13719.0,9,1
9758,XML100_3363_19,100,627.0,16694.0,9,1
9759,XML100_3363_20,100,457.0,17908.0,11,1
9760,XML100_3363_21,100,414.0,24189.0,13,1
9761,XML100_3363_22,100,516.0,18260.0,10,1
9762,XML100_3363_23,100,546.0,20416.0,12,1
9763,XML100_3363_24,100,460.0,18688.0,11,1
9764,XML100_3363_25,100,520.0,20710.0,10,1
9765,XML100_3363_26,100,621.0,18026.0,9,1
9766,XML100_3364_01,100,732.0,17310.0,8,1
9767,XML100_3364_02,100,577.0,16597.0,9,1
9768,XML100_3364_03,100,750.0,15147.0,8,1
9769,XML100_3364_04,100,807.0,13935.0,8,1
9770,XML100_3364_05,100,750.0,14299.0,7,1
9771,XML100_3364_06,100,765.0,13083.0,7,1
9772,XML100_3364_07,100,613.0,16781.0,9,1
9773,XML100_3364_08,100,819.0,13261.0,7,1
9774,XML100_3364_09,100,419.0,17523.0,9,1
9775,XML100_3364_10,100,792.0,13375.0,7,1
9776,XML100_3364_11,100,664.0,15318.0,7,1
9777,XML100_3364_12,100,633.0,15069.0,7,1
9778,XML100_3364_13,100,811.0,12782.0,7,1
9779,XML100_3364_14,100,704.0,15439.0,8,1
9780,XML100_3364_15,100,635.0,13560.0,8,1
9781,XML100_3364_16,100,775.0,14431.0,8,1
9782,XML100_3364_17,100,745.0,19728.0,8,1
9783,XML100_3364_18,100,633.0,16406.0,9,1
9784,XML100_3364_19,100,693.0,18573.0,8,1
9785,XML100_3364_20,100,700.0,17184.0,8,1
9786,XML100_3364_21,100,487.0,16913.0,8,1
9787,XML100_3364_22,100,782.0,15454.0,7,1
9788,XML100_3364_23,100,771.0,14872.0,8,1
9789,XML100_3364_24,100,580.0,15903.0,8,1
9790,XML100_3364_25,100,584.0,14978.0,8,1
9791,XML100_3364_26,100,827.0,13268.0,8,1
9792,XML100_3365_01,100,891.0,12342.0,5,1
9793,XML100_3365_02,100,1105.0,12511.0,5,1
9794,XML100_3365_03,100,939.0,13093.0,6,1
9795,XML100_3365_04,100,944.0,12723.0,6,1
9796,XML100_3365_05,100,997.0,14135.0,6,1
9797,XML100_3365_06,100,1020.0,10617.0,5,1
9798,XML100_3365_07,100,1230.0,10351.0,5,1
9799,XML100_3365_08,100,655.0,13762.0,7,1
9800,XML100_3365_09,100,849.0,13653.0,6,1
9801,XML100_3365_10,100,1073.0,15257.0,7,1
9802,XML100_3365_11,100,991.0,12847.0,6,1
9803,XML100_3365_12,100,1103.0,12998.0,5,1
9804,XML100_3365_13,100,863.0,12727.0,6,1
9805,XML100_3365_14,100,1209.0,12347.0,5,1
9806,XML100_3365_15,100,1215.0,12511.0,5,1
9807,XML100_3365_16,100,1260.0,10787.0,5,1
9808,XML100_3365_17,100,1245.0,11428.0,5,1
9809,XML100_3365_18,100,1262.0,11805.0,5,1
9810,XML100_3365_19,100,1090.0,11385.0,5,1
9811,XML100_3365_20,100,1405.0,10787.0,5,1
9812,XML100_3365_21,100,879.0,12652.0,7,1
9813,XML100_3365_22,100,1164.0,13231.0,5,1
9814,XML100_3365_23,100,941.0,12748.0,6,1
9815,XML100_3365_24,100,852.0,13292.0,7,1
9816,XML100_3365_25,100,914.0,14375.0,6,1
9817,XML100_3365_26,100,1029.0,13296.0,6,1
9818,XML100_3366_01,100,1383.0,10613.0,4,1
9819,XML100_3366_02,100,1349.0,10143.0,4,1
9820,XML100_3366_03,100,1442.0,10294.0,4,1
9821,XML100_3366_04,100,2128.0,9494.0,3,1
9822,XML100_3366_05,100,1870.0,9698.0,3,1
9823,XML100_3366_06,100,2070.0,8361.0,3,1
9824,XML100_3366_07,100,1550.0,9149.0,3,1
9825,XML100_3366_08,100,1476.0,10166.0,4,1
9826,XML100_3366_09,100,1552.0,10517.0,4,1
9827,XML100_3366_10,100,1614.0,9301.0,3,1
9828,XML100_3366_11,100,2517.0,7492.0,3,1
9829,XML100_3366_12,100,1398.0,10132.0,4,1
9830,XML100_3366_13,100,2005.0,8570.0,3,1
9831,XML100_3366_14,100,1880.0,9288.0,3,1
9832,XML100_3366_15,100,1972.0,9445.0,3,1
9833,XML100_3366_16,100,2108.0,9570.0,3,1
9834,XML100_3366_17,100,2420.0,8283.0,3,1
9835,XML100_3366_18,100,1107.0,10466.0,4,1
9836,XML100_3366_19,100,1146.0,10793.0,4,1
9837,XML100_3366_20,100,1584.0,9856.0,4,1
9838,XML100_3366_21,100,1196.0,9868.0,4,1
9839,XML100_3366_22,100,2138.0,9366.0,3,1
9840,XML100_3366_23,100,1764.0,10155.0,4,1
9841,XML100_3366_24,100,2310.0,9674.0,3,1
9842,XML100_3366_25,100,1981.0,8427.0,3,1
9843,XML100_3366_26,100,1454.0,11018.0,4,1
9844,XML100_3371_01,100,123.0,41662.0,25,1
9845,XML100_3371_02,100,128.0,41604.0,26,1
9846,XML100_3371_03,100,122.0,53678.0,30,0
9847,XML100_3371_04,100,123.0,42876.0,25,1
9848,XML100_3371_05,100,127.0,48471.0,28,0
9849,XML100_3371_06,100,119.0,54603.0,32,1
9850,XML100_3371_07,100,121.0,38631.0,24,0
9851,XML100_3371_08,100,123.0,40831.0,22,1
9852,XML100_3371_09,100,124.0,48708.0,34,0
9853,XML100_3371_10,100,124.0,62285.0,33,1
9854,XML100_3371_11,100,121.0,50771.0,34,1
9855,XML100_3371_12,100,125.0,53964.0,37,1
9856,XML100_3371_13,100,122.0,42853.0,27,1
9857,XML100_3371_14,100,123.0,42822.0,30,1
9858,XML100_3371_15,100,124.0,41449.0,23,1
9859,XML100_3371_16,100,127.0,37240.0,24,1
9860,XML100_3371_17,100,125.0,37758.0,25,1
9861,XML100_3371_18,100,124.0,44296.0,34,1
9862,XML100_3371_19,100,125.0,43651.0,27,1
9863,XML100_3371_20,100,125.0,55824.0,31,0
9864,XML100_3371_21,100,125.0,40979.0,25,1
9865,XML100_3371_22,100,120.0,42883.0,25,0
9866,XML100_3371_23,100,125.0,32473.0,24,1
9867,XML100_3371_24,100,126.0,40051.0,24,1
9868,XML100_3371_25,100,129.0,42388.0,24,0
9869,XML100_3371_26,100,122.0,65592.0,38,0
9870,XML100_3372_01,100,129.0,33926.0,20,1
9871,XML100_3372_02,100,126.0,41125.0,20,1
9872,XML100_3372_03,100,126.0,31700.0,22,1
9873,XML100_3372_04,100,145.0,26436.0,13,1
9874,XML100_3372_05,100,134.0,28193.0,21,1
9875,XML100_3372_06,100,129.0,23581.0,16,1
9876,XML100_3372_07,100,134.0,25350.0,15,1
9877,XML100_3372_08,100,135.0,29044.0,16,1
9878,XML100_3372_09,100,140.0,22934.0,13,1
9879,XML100_3372_10,100,134.0,35223.0,18,1
9880,XML100_3372_11,100,137.0,37946.0,21,1
9881,XML100_3372_12,100,147.0,24867.0,14,1
9882,XML100_3372_13,100,133.0,31156.0,19,1
9883,XML100_3372_14,100,132.0,31403.0,19,1
9884,XML100_3372_15,100,132.0,28634.0,20,1
9885,XML100_3372_16,100,134.0,30841.0,18,1
9886,XML100_3372_17,100,142.0,25421.0,15,1
9887,XML100_3372_18,100,134.0,27145.0,16,1
9888,XML100_3372_19,100,137.0,32189.0,21,0
9889,XML100_3372_20,100,145.0,29971.0,18,1
9890,XML100_3372_21,100,127.0,35286.0,22,1
9891,XML100_3372_22,100,137.0,28017.0,18,1
9892,XML100_3372_23,100,147.0,28480.0,16,1
9893,XML100_3372_24,100,136.0,21569.0,16,1
9894,XML100_3372_25,100,127.0,24925.0,14,1
9895,XML100_3372_26,100,142.0,21009.0,14,1
9896,XML100_3373_01,100,157.0,18683.0,10,1
9897,XML100_3373_02,100,144.0,16878.0,9,1
9898,XML100_3373_03,100,149.0,19959.0,11,1
9899,XML100_3373_04,100,157.0,19475.0,9,1
9900,XML100_3373_05,100,153.0,16577.0,10,1
9901,XML100_3373_06,100,161.0,15512.0,9,1
9902,XML100_3373_07,100,150.0,19968.0,10,1
9903,XML100_3373_08,100,148.0,20661.0,10,1
9904,XML100_3373_09,100,144.0,18742.0,10,1
9905,XML100_3373_10,100,155.0,18695.0,9,1
9906,XML100_3373_11,100,144.0,21911.0,12,1
9907,XML100_3373_12,100,157.0,18335.0,9,1
9908,XML100_3373_13,100,143.0,19501.0,13,1
9909,XML100_3373_14,100,160.0,16262.0,9,1
9910,XML100_3373_15,100,148.0,17568.0,10,1
9911,XML100_3373_16,100,141.0,23943.0,12,1
9912,XML100_3373_17,100,136.0,24022.0,13,1
9913,XML100_3373_18,100,161.0,17530.0,10,1
9914,XML100_3373_19,100,151.0,16124.0,9,1
9915,XML100_3373_20,100,146.0,23165.0,11,1
9916,XML100_3373_21,100,135.0,23493.0,13,1
9917,XML100_3373_22,100,151.0,20923.0,12,1
9918,XML100_3373_23,100,152.0,18175.0,10,1
9919,XML100_3373_24,100,132.0,18413.0,12,1
9920,XML100_3373_25,100,154.0,17514.0,10,1
9921,XML100_3373_26,100,157.0,18967.0,9,1
9922,XML100_3374_01,100,180.0,16791.0,7,1
9923,XML100_3374_02,100,187.0,12860.0,8,1
9924,XML100_3374_03,100,172.0,16247.0,8,1
9925,XML100_3374_04,100,164.0,14720.0,8,1
9926,XML100_3374_05,100,180.0,13410.0,7,1
9927,XML100_3374_06,100,168.0,14375.0,7,1
9928,XML100_3374_07,100,162.0,15318.0,7,1
9929,XML100_3374_08,100,168.0,17165.0,8,1
9930,XML100_3374_09,100,183.0,14932.0,8,1
9931,XML100_3374_10,100,164.0,12931.0,7,1
9932,XML100_3374_11,100,158.0,17592.0,8,1
9933,XML100_3374_12,100,166.0,15575.0,8,1
9934,XML100_3374_13,100,182.0,14080.0,7,1
9935,XML100_3374_14,100,158.0,17003.0,8,1
9936,XML100_3374_15,100,177.0,14780.0,7,1
9937,XML100_3374_16,100,180.0,14104.0,7,1
9938,XML100_3374_17,100,165.0,12626.0,8,1
9939,XML100_3374_18,100,185.0,15472.0,7,1
9940,XML100_3374_19,100,168.0,15983.0,8,1
9941,XML100_3374_20,100,162.0,14965.0,9,1
9942,XML100_3374_21,100,172.0,14269.0,7,1
9943,XML100_3374_22,100,169.0,14062.0,7,1
9944,XML100_3374_23,100,163.0,14531.0,8,1
9945,XML100_3374_24,100,164.0,14744.0,8,1
9946,XML100_3374_25,100,167.0,15492.0,8,1
9947,XML100_3374_26,100,171.0,12715.0,8,1
9948,XML100_3375_01,100,183.0,11991.0,5,1
9949,XML100_3375_02,100,181.0,13146.0,6,1
9950,XML100_3375_03,100,198.0,10554.0,5,1
9951,XML100_3375_04,100,194.0,13047.0,6,1
9952,XML100_3375_05,100,218.0,10611.0,5,1
9953,XML100_3375_06,100,196.0,12694.0,5,1
9954,XML100_3375_07,100,177.0,13008.0,6,1
9955,XML100_3375_08,100,202.0,11069.0,5,1
9956,XML100_3375_09,100,187.0,11529.0,6,1
9957,XML100_3375_10,100,190.0,13084.0,6,1
9958,XML100_3375_11,100,190.0,12103.0,6,1
9959,XML100_3375_12,100,207.0,10947.0,5,1
9960,XML100_3375_13,100,182.0,10346.0,5,1
9961,XML100_3375_14,100,184.0,12494.0,6,1
9962,XML100_3375_15,100,208.0,12331.0,5,1
9963,XML100_3375_16,100,203.0,11587.0,5,1
9964,XML100_3375_17,100,187.0,12246.0,6,1
9965,XML100_3375_18,100,192.0,11733.0,5,1
9966,XML100_3375_19,100,171.0,13847.0,7,1
9967,XML100_3375_20,100,174.0,13188.0,6,1
9968,XML100_3375_21,100,199.0,11738.0,5,1
9969,XML100_3375_22,100,226.0,11642.0,5,1
9970,XML100_3375_23,100,200.0,13359.0,6,1
9971,XML100_3375_24,100,190.0,13473.0,6,1
9972,XML100_3375_25,100,186.0,13900.0,6,1
9973,XML100_3375_26,100,223.0,11385.0,5,1
9974,XML100_3376_01,100,301.0,8666.0,3,1
9975,XML100_3376_02,100,217.0,10908.0,4,1
9976,XML100_3376_03,100,248.0,10474.0,4,1
9977,XML100_3376_04,100,319.0,8836.0,3,1
9978,XML100_3376_05,100,254.0,9705.0,4,1
9979,XML100_3376_06,100,236.0,9948.0,4,1
9980,XML100_3376_07,100,217.0,10538.0,4,1
9981,XML100_3376_08,100,285.0,9453.0,3,1
9982,XML100_3376_09,100,251.0,10516.0,4,1
9983,XML100_3376_10,100,310.0,8810.0,3,1
9984,XML100_3376_11,100,311.0,8439.0,3,1
9985,XML100_3376_12,100,278.0,9438.0,3,1
9986,XML100_3376_13,100,228.0,10897.0,4,1
9987,XML100_3376_14,100,236.0,10216.0,4,1
9988,XML100_3376_15,100,271.0,8780.0,3,1
9989,XML100_3376_16,100,304.0,9146.0,3,1
9990,XML100_3376_17,100,221.0,10003.0,4,1
9991,XML100_3376_18,100,235.0,10184.0,4,1
9992,XML100_3376_19,100,231.0,11059.0,4,1
9993,XML100_3376_20,100,265.0,8996.0,3,1
9994,XML100_3376_21,100,287.0,8623.0,3,1
9995,XML100_3376_22,100,320.0,9125.0,3,1
9996,XML100_3376_23,100,250.0,8953.0,4,1
9997,XML100_3376_24,100,222.0,10527.0,4,1
9998,XML100_3376_25,100,231.0,10544.0,4,1
9999,XML100_3376_26,100,293.0,9318.0,3,1
